repetition,implementation,mode,model,wall_seconds,engine_seconds,cpu_seconds,llm_calls,cheap_calls,expensive_calls,final_answer_rows,true_positives,false_positives,false_negatives,precision,recall,f1
1,trummer_heterogen_v2_cascade,llm,ollama/qwen3:0.6b->ollama/qwen3:1.7b,11.246281292056665,11.246281292056665,0.11687100000000002,50,50,0,50,13.0,37.0,0.0,0.26,1.0,0.41269841269841273
2,trummer_heterogen_v2_cascade,llm,ollama/qwen3:0.6b->ollama/qwen3:1.7b,11.215645125019364,11.215645125019364,0.115411,50,50,0,50,13.0,37.0,0.0,0.26,1.0,0.41269841269841273
3,trummer_heterogen_v2_cascade,llm,ollama/qwen3:0.6b->ollama/qwen3:1.7b,12.436127334018238,12.436127334018238,0.106127,50,50,0,50,13.0,37.0,0.0,0.26,1.0,0.41269841269841273
4,trummer_heterogen_v2_cascade,llm,ollama/qwen3:0.6b->ollama/qwen3:1.7b,11.408640415989794,11.408640415989794,0.10938499999999998,50,50,0,50,13.0,37.0,0.0,0.26,1.0,0.41269841269841273
5,trummer_heterogen_v2_cascade,llm,ollama/qwen3:0.6b->ollama/qwen3:1.7b,11.58953320805449,11.58953320805449,0.108384,50,50,0,50,13.0,37.0,0.0,0.26,1.0,0.41269841269841273
6,trummer_heterogen_v2_cascade,llm,ollama/qwen3:0.6b->ollama/qwen3:1.7b,11.549327500048093,11.549327500048093,0.11260799999999997,50,50,0,50,13.0,37.0,0.0,0.26,1.0,0.41269841269841273
7,trummer_heterogen_v2_cascade,llm,ollama/qwen3:0.6b->ollama/qwen3:1.7b,11.48349183308892,11.48349183308892,0.12055400000000001,50,50,0,50,13.0,37.0,0.0,0.26,1.0,0.41269841269841273
8,trummer_heterogen_v2_cascade,llm,ollama/qwen3:0.6b->ollama/qwen3:1.7b,11.24775708396919,11.24775708396919,0.11137599999999998,50,50,0,50,13.0,37.0,0.0,0.26,1.0,0.41269841269841273
9,trummer_heterogen_v2_cascade,llm,ollama/qwen3:0.6b->ollama/qwen3:1.7b,11.197803750052117,11.197803750052117,0.114504,50,50,0,50,13.0,37.0,0.0,0.26,1.0,0.41269841269841273
