{
  "implementation": "trummer_heterogen_v2_3_batched_cascade",
  "mode": "llm",
  "model": "ollama/qwen3:0.6b->ollama/qwen3:1.7b",
  "cheap_model": "ollama/qwen3:0.6b",
  "expensive_model": "ollama/qwen3:1.7b",
  "input_movies": 50.0,
  "input_reviews": 50.0,
  "candidate_pairs": 50.0,
  "cheap_batches": 7.0,
  "cheap_calls": 7.0,
  "cheap_failures": 0.0,
  "cheap_failure_candidates": 43.0,
  "cheap_early_accepts": 0.0,
  "cheap_early_rejects": 0.0,
  "calibration_candidates": 7.0,
  "calibration_expensive_calls": 1.0,
  "calibration_expensive_accepts": 6.0,
  "calibration_agreement": 0.14285714285714285,
  "learned_confidence_threshold": null,
  "routing_confidence_threshold": null,
  "manual_confidence_threshold": null,
  "expensive_candidates": 50.0,
  "expensive_calls": 3.0,
  "fallback_expensive_calls": 2.0,
  "expensive_failures": 0.0,
  "expensive_accepts": 36.0,
  "cheap_seconds": 5.073654484839856,
  "expensive_seconds": 32.57426754952493,
  "cheap_time_percent": 11.747155591301908,
  "expensive_time_percent": 88.2528444086981,
  "elapsed_seconds": 37.650923079355955,
  "cpu_seconds": 0.047700363636363645,
  "engine_seconds": 37.65155347337184,
  "wall_seconds": 37.65155347337184,
  "llm_calls": 10.0,
  "block_join_calls": 0.0,
  "planned_cheap_calls": 7.0,
  "planned_expensive_calls": 3.0,
  "final_answer_rows": 36.0,
  "found_movie_ids": [
    "tt0085178",
    "tt0095088",
    "tt0096453",
    "tt0102951",
    "tt0114057",
    "tt0114268",
    "tt0118998",
    "tt0119196",
    "tt0120157",
    "tt0120247",
    "tt0120620",
    "tt0120706",
    "tt0120742",
    "tt0127901",
    "tt0130229",
    "tt0138987",
    "tt0145679",
    "tt0158653",
    "tt0163069",
    "tt0164052",
    "tt0165494",
    "tt0207823",
    "tt0218619",
    "tt0219400",
    "tt0239625",
    "tt0268380",
    "tt0284058",
    "tt0311289",
    "tt0334541",
    "tt0337640",
    "tt0410162",
    "tt0417148",
    "tt0462570",
    "tt0479500",
    "tt0791304",
    "tt0801427"
  ],
  "true_positives": 12.0,
  "false_positives": 24.0,
  "false_negatives": 1.0,
  "precision": 0.3333333333333333,
  "recall": 0.9230769230769232,
  "f1": 0.489795918367347,
  "repetitions": 11,
  "repetition_metrics_file": "run_metrics_repetitions.csv",
  "repetition_source": "mean"
}
