repetition,implementation,mode,model,wall_seconds,engine_seconds,cpu_seconds,llm_calls,cheap_calls,expensive_calls,final_answer_rows,true_positives,false_positives,false_negatives,precision,recall,f1
1,trummer_heterogen_v2_3_batched_cascade,llm,ollama/qwen3:0.6b->ollama/qwen3:1.7b,37.19229650008492,37.19229650008492,0.045325000000000004,10,7,3,36,12.0,24.0,1.0,0.3333333333333333,0.9230769230769231,0.489795918367347
2,trummer_heterogen_v2_3_batched_cascade,llm,ollama/qwen3:0.6b->ollama/qwen3:1.7b,24.039151040953584,24.039151040953584,0.04524900000000001,10,7,3,36,12.0,24.0,1.0,0.3333333333333333,0.9230769230769231,0.489795918367347
3,trummer_heterogen_v2_3_batched_cascade,llm,ollama/qwen3:0.6b->ollama/qwen3:1.7b,23.23528179200366,23.23528179200366,0.05471899999999999,10,7,3,36,12.0,24.0,1.0,0.3333333333333333,0.9230769230769231,0.489795918367347
4,trummer_heterogen_v2_3_batched_cascade,llm,ollama/qwen3:0.6b->ollama/qwen3:1.7b,26.57307487493381,26.57307487493381,0.053592999999999974,10,7,3,36,12.0,24.0,1.0,0.3333333333333333,0.9230769230769231,0.489795918367347
5,trummer_heterogen_v2_3_batched_cascade,llm,ollama/qwen3:0.6b->ollama/qwen3:1.7b,27.38500508305151,27.38500508305151,0.041201,10,7,3,36,12.0,24.0,1.0,0.3333333333333333,0.9230769230769231,0.489795918367347
6,trummer_heterogen_v2_3_batched_cascade,llm,ollama/qwen3:0.6b->ollama/qwen3:1.7b,26.409204000025056,26.409204000025056,0.039698,10,7,3,36,12.0,24.0,1.0,0.3333333333333333,0.9230769230769231,0.489795918367347
7,trummer_heterogen_v2_3_batched_cascade,llm,ollama/qwen3:0.6b->ollama/qwen3:1.7b,26.13649233302567,26.13649233302567,0.039904999999999996,10,7,3,36,12.0,24.0,1.0,0.3333333333333333,0.9230769230769231,0.489795918367347
8,trummer_heterogen_v2_3_batched_cascade,llm,ollama/qwen3:0.6b->ollama/qwen3:1.7b,26.07577604195103,26.07577604195103,0.03955500000000001,10,7,3,36,12.0,24.0,1.0,0.3333333333333333,0.9230769230769231,0.489795918367347
9,trummer_heterogen_v2_3_batched_cascade,llm,ollama/qwen3:0.6b->ollama/qwen3:1.7b,26.0086817080155,26.0086817080155,0.03820899999999999,10,7,3,36,12.0,24.0,1.0,0.3333333333333333,0.9230769230769231,0.489795918367347
