implementation,method,precision,recall,f1,wall_seconds,llm_calls,cheap_calls,expensive_calls,cheap_seconds,expensive_seconds
suql_baseline,SUQL baseline,0.536984126984127,0.5666666666666667,0.5197860962566845,93.39449806819987,137.8,0.0,137.8,0.0,93.39449806819987
suql_v1_two_level_cascade,SUQL V1 (2-level cascade),0.6165079365079366,0.7166666666666666,0.6375757575757575,419.11997153539977,68.0,40.0,28.0,368.4575447558005,50.63128656719923
trummer_baseline_adaptive_block_join,Trummer baseline,0.0,0.0,0.0,330.25878991260015,56.4,0.0,56.4,0.0,330.25878991260015
trummer_v1_structured_two_level_cascade,Trummer V1 (structured + 2-level cascade),0.5274739656628202,0.5666666666666667,0.5224575757661966,139.68576557219995,45.0,5.0,40.0,11.621759807800071,128.06191507319994
