implementation,method,total_wall_seconds,total_llm_calls,total_cheap_calls,total_expensive_calls,macro_precision,macro_recall,macro_f1
suql_baseline,SUQL,72.12755283294246,70,0,70,0.9523809523809524,0.6555555555555556,0.776470588235294
trummer_heterogen_v2_2_structured_pruned,V2_2,107.47786320804153,15,0,15,0.6031746031746031,0.18888888888888888,0.28195072900955254
trummer_heterogen_v3_pruned_cascade,V3,186.34172933292575,79,70,9,0.6805555555555555,0.43333333333333335,0.5238095238095238
