repetition,implementation,mode,model,wall_seconds,engine_seconds,cpu_seconds,llm_calls,cheap_calls,expensive_calls,final_answer_rows,true_positives,false_positives,false_negatives,precision,recall,f1
1,trummer_heterogen_v3_pruned_cascade,llm,ollama/qwen3:0.6b->ollama/qwen3:1.7b,34.89552591601387,34.89552591601387,0.04199700000000006,28,25,3,24,13.0,11.0,0.0,0.5416666666666666,1.0,0.7027027027027027
2,trummer_heterogen_v3_pruned_cascade,llm,ollama/qwen3:0.6b->ollama/qwen3:1.7b,12.996556374942884,12.996556374942884,0.04289399999999993,28,25,3,24,13.0,11.0,0.0,0.5416666666666666,1.0,0.7027027027027027
3,trummer_heterogen_v3_pruned_cascade,llm,ollama/qwen3:0.6b->ollama/qwen3:1.7b,12.649241416016594,12.649241416016594,0.04060399999999997,28,25,3,24,13.0,11.0,0.0,0.5416666666666666,1.0,0.7027027027027027
4,trummer_heterogen_v3_pruned_cascade,llm,ollama/qwen3:0.6b->ollama/qwen3:1.7b,11.964164125034586,11.964164125034586,0.03912899999999997,28,25,3,24,13.0,11.0,0.0,0.5416666666666666,1.0,0.7027027027027027
5,trummer_heterogen_v3_pruned_cascade,llm,ollama/qwen3:0.6b->ollama/qwen3:1.7b,12.523727042018436,12.523727042018436,0.039117999999999986,28,25,3,24,13.0,11.0,0.0,0.5416666666666666,1.0,0.7027027027027027
6,trummer_heterogen_v3_pruned_cascade,llm,ollama/qwen3:0.6b->ollama/qwen3:1.7b,11.65072141692508,11.65072141692508,0.039547,28,25,3,24,13.0,11.0,0.0,0.5416666666666666,1.0,0.7027027027027027
7,trummer_heterogen_v3_pruned_cascade,llm,ollama/qwen3:0.6b->ollama/qwen3:1.7b,11.759443709044717,11.759443709044717,0.03830800000000001,28,25,3,24,13.0,11.0,0.0,0.5416666666666666,1.0,0.7027027027027027
8,trummer_heterogen_v3_pruned_cascade,llm,ollama/qwen3:0.6b->ollama/qwen3:1.7b,11.332975000026636,11.332975000026636,0.04335500000000003,28,25,3,24,13.0,11.0,0.0,0.5416666666666666,1.0,0.7027027027027027
9,trummer_heterogen_v3_pruned_cascade,llm,ollama/qwen3:0.6b->ollama/qwen3:1.7b,8.747185208951123,8.747185208951123,0.03834900000000002,28,25,3,24,13.0,11.0,0.0,0.5416666666666666,1.0,0.7027027027027027
