{
  "implementation": "trummer_heterogen_v2_cascade",
  "mode": "llm",
  "model": "ollama/llama3.2->ollama/qwen2.5:3b",
  "cheap_model": "ollama/llama3.2",
  "expensive_model": "ollama/qwen2.5:3b",
  "input_movies": 50,
  "input_reviews": 50,
  "candidate_pairs": 50,
  "cheap_calls": 50,
  "cheap_failures": 0,
  "cheap_early_accepts": 0,
  "cheap_early_rejects": 13,
  "expensive_candidates": 37,
  "expensive_calls": 5,
  "expensive_failures": 0,
  "expensive_accepts": 22,
  "elapsed_seconds": 110.68498908396577,
  "cpu_seconds": 0.146778,
  "engine_seconds": 110.68598379200557,
  "wall_seconds": 110.68598379200557,
  "llm_calls": 55,
  "block_join_calls": 0,
  "planned_cheap_calls": 50,
  "planned_expensive_calls": 5,
  "final_answer_rows": 22,
  "found_movie_ids": [
    "tt0085178",
    "tt0096453",
    "tt0114268",
    "tt0118882",
    "tt0118998",
    "tt0119196",
    "tt0120157",
    "tt0120247",
    "tt0120706",
    "tt0127901",
    "tt0138987",
    "tt0163069",
    "tt0164052",
    "tt0167038",
    "tt0219400",
    "tt0334541",
    "tt0337640",
    "tt0410162",
    "tt0417148",
    "tt0462570",
    "tt0791304",
    "tt0801427"
  ]
}
