repetition,implementation,mode,model,wall_seconds,engine_seconds,cpu_seconds,llm_calls,cheap_calls,expensive_calls,final_answer_rows,true_positives,false_positives,false_negatives,precision,recall,f1
1,trummer_heterogen_v2_cascade,llm,ollama/qwen3:0.6b->ollama/qwen3:1.7b,11.291387583012693,11.291387583012693,0.109311,50,50,0,50,13.0,37.0,0.0,0.26,1.0,0.41269841269841273
2,trummer_heterogen_v2_cascade,llm,ollama/qwen3:0.6b->ollama/qwen3:1.7b,11.200683832983486,11.200683832983486,0.112812,50,50,0,50,13.0,37.0,0.0,0.26,1.0,0.41269841269841273
3,trummer_heterogen_v2_cascade,llm,ollama/qwen3:0.6b->ollama/qwen3:1.7b,11.320972834015265,11.320972834015265,0.113497,50,50,0,50,13.0,37.0,0.0,0.26,1.0,0.41269841269841273
4,trummer_heterogen_v2_cascade,llm,ollama/qwen3:0.6b->ollama/qwen3:1.7b,11.410655209096149,11.410655209096149,0.11732699999999996,50,50,0,50,13.0,37.0,0.0,0.26,1.0,0.41269841269841273
5,trummer_heterogen_v2_cascade,llm,ollama/qwen3:0.6b->ollama/qwen3:1.7b,11.279227083083242,11.279227083083242,0.11077599999999999,50,50,0,50,13.0,37.0,0.0,0.26,1.0,0.41269841269841273
6,trummer_heterogen_v2_cascade,llm,ollama/qwen3:0.6b->ollama/qwen3:1.7b,11.333217415958643,11.333217415958643,0.114202,50,50,0,50,13.0,37.0,0.0,0.26,1.0,0.41269841269841273
7,trummer_heterogen_v2_cascade,llm,ollama/qwen3:0.6b->ollama/qwen3:1.7b,11.307060249964707,11.307060249964707,0.11418500000000002,50,50,0,50,13.0,37.0,0.0,0.26,1.0,0.41269841269841273
8,trummer_heterogen_v2_cascade,llm,ollama/qwen3:0.6b->ollama/qwen3:1.7b,11.164067666046321,11.164067666046321,0.11878899999999999,50,50,0,50,13.0,37.0,0.0,0.26,1.0,0.41269841269841273
9,trummer_heterogen_v2_cascade,llm,ollama/qwen3:0.6b->ollama/qwen3:1.7b,11.393996958970092,11.393996958970092,0.11381299999999998,50,50,0,50,13.0,37.0,0.0,0.26,1.0,0.41269841269841273
