implementation,method,questions,mean_wall_seconds,total_wall_seconds,mean_llm_calls,total_llm_calls,mean_cheap_calls,mean_expensive_calls,total_cheap_seconds,total_expensive_seconds,macro_precision,macro_recall,macro_f1,cheap_time_percent,expensive_time_percent
suql_baseline,SUQL,10,24.965751009080982,249.65751009080984,24.0,240.0,0.0,24.0,0.0,0.0,1.0,0.6212121212121212,0.7557869272110758,0.0,0.0
trummer_heterogen_v2_3_batched_cascade,V2_3,10,13.803993954288307,138.03993954288308,10.709090909090909,107.0909090909091,8.0,2.709090909090909,102.84533637713386,35.18208138999233,0.3558790800702566,0.4871212121212121,0.4030262485446885,74.51080230353219,25.48919769646781
trummer_heterogen_v3_pruned_cascade,V3,10,29.663896165472796,296.63896165472795,30.0,300.0,24.0,6.0,225.98469744856595,70.63564697799103,0.6926406926406926,0.21363636363636368,0.3223072833599149,76.18651306114967,23.813486938850335
trummer_heterogen_v3_2_pruned_batched_cascade,V3_2,10,5.947655768136874,59.476557681368746,4.6909090909090905,46.90909090909091,3.0,1.690909090909091,37.81438965219158,21.655736888483673,0.99,0.49393939393939396,0.6069387475269827,63.585520751041294,36.414479248958706
