n,suite,question,method,repetition,truth_count,found_count,tp,fp,fn,precision,recall,f1,wall_seconds,llm_calls,cheap_calls,expensive_calls,cheap_seconds,expensive_seconds,cascade_target,calibration_budget,calibration_candidates,calibration_agreement,learned_confidence_threshold
100,scale_n0100,q_01,suql_baseline,1,15,14,13,1,2,0.9285714285714286,0.8666666666666667,0.896551724137931,24.97173122299137,49,0,49,0.0,24.94851283699973,0.9,20,0,0.0,
100,scale_n0100,q_01,suql_baseline,2,15,14,13,1,2,0.9285714285714286,0.8666666666666667,0.896551724137931,19.02287326700753,49,0,49,0.0,19.000672263966408,0.9,20,0,0.0,
100,scale_n0100,q_01,suql_baseline,3,15,14,13,1,2,0.9285714285714286,0.8666666666666667,0.896551724137931,18.893888587947004,49,0,49,0.0,18.871246647962835,0.9,20,0,0.0,
100,scale_n0100,q_01,suql_baseline,4,15,14,13,1,2,0.9285714285714286,0.8666666666666667,0.896551724137931,18.75781237601768,49,0,49,0.0,18.735412683163304,0.9,20,0,0.0,
100,scale_n0100,q_01,suql_baseline,5,15,14,13,1,2,0.9285714285714286,0.8666666666666667,0.896551724137931,18.81907014199533,49,0,49,0.0,18.79621929710265,0.9,20,0,0.0,
100,scale_n0100,q_01,suql_baseline,6,15,14,13,1,2,0.9285714285714286,0.8666666666666667,0.896551724137931,18.89276327798143,49,0,49,0.0,18.870955913735088,0.9,20,0,0.0,
100,scale_n0100,q_01,suql_baseline,7,15,14,13,1,2,0.9285714285714286,0.8666666666666667,0.896551724137931,18.82403997000074,49,0,49,0.0,18.803161909920163,0.9,20,0,0.0,
100,scale_n0100,q_01,suql_baseline,8,15,14,13,1,2,0.9285714285714286,0.8666666666666667,0.896551724137931,18.83728850702755,49,0,49,0.0,18.81507949117804,0.9,20,0,0.0,
100,scale_n0100,q_01,suql_baseline,9,15,14,13,1,2,0.9285714285714286,0.8666666666666667,0.896551724137931,18.731798416993115,49,0,49,0.0,18.71006864192896,0.9,20,0,0.0,
100,scale_n0100,q_01,suql_baseline,10,15,14,13,1,2,0.9285714285714286,0.8666666666666667,0.896551724137931,18.8660324899829,49,0,49,0.0,18.84523150336463,0.9,20,0,0.0,
100,scale_n0100,q_01,suql_baseline,11,15,14,13,1,2,0.9285714285714286,0.8666666666666667,0.896551724137931,18.80393793102121,49,0,49,0.0,18.78229706600541,0.9,20,0,0.0,
100,scale_n0100,q_01,suql_baseline,12,15,14,13,1,2,0.9285714285714286,0.8666666666666667,0.896551724137931,18.83920888695866,49,0,49,0.0,18.816857010882813,0.9,20,0,0.0,
100,scale_n0100,q_01,suql_baseline,13,15,14,13,1,2,0.9285714285714286,0.8666666666666667,0.896551724137931,18.74174407898681,49,0,49,0.0,18.719838899211027,0.9,20,0,0.0,
100,scale_n0100,q_01,suql_baseline,14,15,14,13,1,2,0.9285714285714286,0.8666666666666667,0.896551724137931,18.83787625900004,49,0,49,0.0,18.81595112750074,0.9,20,0,0.0,
100,scale_n0100,q_01,suql_baseline,15,15,14,13,1,2,0.9285714285714286,0.8666666666666667,0.896551724137931,18.738046271028,49,0,49,0.0,18.716735219059046,0.9,20,0,0.0,
100,scale_n0100,q_01,suql_baseline,16,15,14,13,1,2,0.9285714285714286,0.8666666666666667,0.896551724137931,18.582450671994597,49,0,49,0.0,18.560466616996564,0.9,20,0,0.0,
100,scale_n0100,q_01,suql_baseline,17,15,14,13,1,2,0.9285714285714286,0.8666666666666667,0.896551724137931,18.634060850017704,49,0,49,0.0,18.60995218582684,0.9,20,0,0.0,
100,scale_n0100,q_01,suql_baseline,18,15,14,13,1,2,0.9285714285714286,0.8666666666666667,0.896551724137931,18.644894360972103,49,0,49,0.0,18.6230506329448,0.9,20,0,0.0,
100,scale_n0100,q_01,suql_baseline,19,15,14,13,1,2,0.9285714285714286,0.8666666666666667,0.896551724137931,18.667187204991933,49,0,49,0.0,18.64457483589649,0.9,20,0,0.0,
100,scale_n0100,q_01,suql_baseline,20,15,14,13,1,2,0.9285714285714286,0.8666666666666667,0.896551724137931,18.67036901199026,49,0,49,0.0,18.649109545280226,0.9,20,0,0.0,
100,scale_n0100,q_01,suql_baseline,21,15,14,13,1,2,0.9285714285714286,0.8666666666666667,0.896551724137931,18.620829130988568,49,0,49,0.0,18.59935819130624,0.9,20,0,0.0,
100,scale_n0100,q_01,suql_baseline,22,15,14,13,1,2,0.9285714285714286,0.8666666666666667,0.896551724137931,18.69678512198152,49,0,49,0.0,18.67374924808973,0.9,20,0,0.0,
100,scale_n0100,q_01,suql_baseline,23,15,14,13,1,2,0.9285714285714286,0.8666666666666667,0.896551724137931,18.71750389202498,49,0,49,0.0,18.693012545234524,0.9,20,0,0.0,
100,scale_n0100,q_01,suql_baseline,24,15,14,13,1,2,0.9285714285714286,0.8666666666666667,0.896551724137931,18.68733844702365,49,0,49,0.0,18.666192645963747,0.9,20,0,0.0,
100,scale_n0100,q_01,suql_baseline,25,15,14,13,1,2,0.9285714285714286,0.8666666666666667,0.896551724137931,18.630522574007045,49,0,49,0.0,18.60860495880479,0.9,20,0,0.0,
100,scale_n0100,q_01,suql_baseline,26,15,14,13,1,2,0.9285714285714286,0.8666666666666667,0.896551724137931,18.723120843002107,49,0,49,0.0,18.701384104962926,0.9,20,0,0.0,
100,scale_n0100,q_01,suql_baseline,27,15,14,13,1,2,0.9285714285714286,0.8666666666666667,0.896551724137931,18.743623525020663,49,0,49,0.0,18.721595617826097,0.9,20,0,0.0,
100,scale_n0100,q_01,suql_baseline,28,15,14,13,1,2,0.9285714285714286,0.8666666666666667,0.896551724137931,18.72251505503664,49,0,49,0.0,18.700374301173724,0.9,20,0,0.0,
100,scale_n0100,q_01,suql_baseline,29,15,14,13,1,2,0.9285714285714286,0.8666666666666667,0.896551724137931,18.72756403998937,49,0,49,0.0,18.70579647127306,0.9,20,0,0.0,
100,scale_n0100,q_01,suql_baseline,30,15,14,13,1,2,0.9285714285714286,0.8666666666666667,0.896551724137931,18.588470259972382,49,0,49,0.0,18.56774183473317,0.9,20,0,0.0,
100,scale_n0100,q_01,suql_baseline,31,15,14,13,1,2,0.9285714285714286,0.8666666666666667,0.896551724137931,18.73557079397142,49,0,49,0.0,18.71363662899239,0.9,20,0,0.0,
100,scale_n0100,q_01,suql_baseline,32,15,14,13,1,2,0.9285714285714286,0.8666666666666667,0.896551724137931,18.8075755519676,49,0,49,0.0,18.78528692485997,0.9,20,0,0.0,
100,scale_n0100,q_01,suql_baseline,33,15,14,13,1,2,0.9285714285714286,0.8666666666666667,0.896551724137931,18.8019059249782,49,0,49,0.0,18.776072300039232,0.9,20,0,0.0,
100,scale_n0100,q_01,suql_baseline,34,15,14,13,1,2,0.9285714285714286,0.8666666666666667,0.896551724137931,18.73324076802237,49,0,49,0.0,18.70935360674048,0.9,20,0,0.0,
100,scale_n0100,q_01,suql_baseline,35,15,14,13,1,2,0.9285714285714286,0.8666666666666667,0.896551724137931,18.82102939201286,49,0,49,0.0,18.798595636850223,0.9,20,0,0.0,
100,scale_n0100,q_01,suql_baseline,36,15,14,13,1,2,0.9285714285714286,0.8666666666666667,0.896551724137931,18.803854265017435,49,0,49,0.0,18.782855865021705,0.9,20,0,0.0,
100,scale_n0100,q_01,suql_baseline,37,15,14,13,1,2,0.9285714285714286,0.8666666666666667,0.896551724137931,18.733408619998954,49,0,49,0.0,18.71077366580721,0.9,20,0,0.0,
100,scale_n0100,q_01,suql_baseline,38,15,14,13,1,2,0.9285714285714286,0.8666666666666667,0.896551724137931,18.781254440022167,49,0,49,0.0,18.759415252599865,0.9,20,0,0.0,
100,scale_n0100,q_01,suql_baseline,39,15,14,13,1,2,0.9285714285714286,0.8666666666666667,0.896551724137931,18.67548526299652,49,0,49,0.0,18.65048327599652,0.9,20,0,0.0,
100,scale_n0100,q_01,suql_baseline,40,15,14,13,1,2,0.9285714285714286,0.8666666666666667,0.896551724137931,18.741599074972328,49,0,49,0.0,18.719636217691004,0.9,20,0,0.0,
100,scale_n0100,q_01,suql_baseline,41,15,14,13,1,2,0.9285714285714286,0.8666666666666667,0.896551724137931,18.693343795021065,49,0,49,0.0,18.67178529308876,0.9,20,0,0.0,
100,scale_n0100,q_01,suql_baseline,42,15,14,13,1,2,0.9285714285714286,0.8666666666666667,0.896551724137931,18.66456763999304,49,0,49,0.0,18.64277777506504,0.9,20,0,0.0,
100,scale_n0100,q_01,suql_baseline,43,15,14,13,1,2,0.9285714285714286,0.8666666666666667,0.896551724137931,18.63886452704901,49,0,49,0.0,18.612849284079857,0.9,20,0,0.0,
100,scale_n0100,q_01,suql_baseline,44,15,14,13,1,2,0.9285714285714286,0.8666666666666667,0.896551724137931,18.6505858739838,49,0,49,0.0,18.626683122769464,0.9,20,0,0.0,
100,scale_n0100,q_01,suql_baseline,45,15,14,13,1,2,0.9285714285714286,0.8666666666666667,0.896551724137931,18.667449407977983,49,0,49,0.0,18.645575256843586,0.9,20,0,0.0,
100,scale_n0100,q_01,suql_baseline,46,15,14,13,1,2,0.9285714285714286,0.8666666666666667,0.896551724137931,18.69365754898172,49,0,49,0.0,18.67233577533625,0.9,20,0,0.0,
100,scale_n0100,q_01,suql_baseline,47,15,14,13,1,2,0.9285714285714286,0.8666666666666667,0.896551724137931,18.740904264035635,49,0,49,0.0,18.718929040944204,0.9,20,0,0.0,
100,scale_n0100,q_01,suql_baseline,48,15,14,13,1,2,0.9285714285714286,0.8666666666666667,0.896551724137931,18.73081654903945,49,0,49,0.0,18.70902057370404,0.9,20,0,0.0,
100,scale_n0100,q_01,suql_baseline,49,15,14,13,1,2,0.9285714285714286,0.8666666666666667,0.896551724137931,18.721262280014344,49,0,49,0.0,18.69990369630977,0.9,20,0,0.0,
100,scale_n0100,q_01,suql_baseline,50,15,14,13,1,2,0.9285714285714286,0.8666666666666667,0.896551724137931,18.643358293978963,49,0,49,0.0,18.62137331190752,0.9,20,0,0.0,
100,scale_n0100,q_01,suql_baseline,51,15,14,13,1,2,0.9285714285714286,0.8666666666666667,0.896551724137931,18.75830018700799,49,0,49,0.0,18.73691411293112,0.9,20,0,0.0,
100,scale_n0100,q_01,suql_baseline,52,15,14,13,1,2,0.9285714285714286,0.8666666666666667,0.896551724137931,18.7022986059892,49,0,49,0.0,18.68106500094291,0.9,20,0,0.0,
100,scale_n0100,q_01,suql_baseline,53,15,14,13,1,2,0.9285714285714286,0.8666666666666667,0.896551724137931,18.57296785700601,49,0,49,0.0,18.54910094983643,0.9,20,0,0.0,
100,scale_n0100,q_01,suql_baseline,54,15,14,13,1,2,0.9285714285714286,0.8666666666666667,0.896551724137931,18.58610973600298,49,0,49,0.0,18.563524897850584,0.9,20,0,0.0,
100,scale_n0100,q_01,suql_baseline,55,15,14,13,1,2,0.9285714285714286,0.8666666666666667,0.896551724137931,18.73403330205474,49,0,49,0.0,18.710929942142684,0.9,20,0,0.0,
100,scale_n0100,q_01,suql_baseline,56,15,14,13,1,2,0.9285714285714286,0.8666666666666667,0.896551724137931,18.59204462100752,49,0,49,0.0,18.569459036982156,0.9,20,0,0.0,
100,scale_n0100,q_01,suql_baseline,57,15,14,13,1,2,0.9285714285714286,0.8666666666666667,0.896551724137931,18.582451538997702,49,0,49,0.0,18.560552892042324,0.9,20,0,0.0,
100,scale_n0100,q_01,suql_baseline,58,15,14,13,1,2,0.9285714285714286,0.8666666666666667,0.896551724137931,18.57014352094848,49,0,49,0.0,18.5483430128661,0.9,20,0,0.0,
100,scale_n0100,q_01,suql_baseline,59,15,14,13,1,2,0.9285714285714286,0.8666666666666667,0.896551724137931,18.57226834702305,49,0,49,0.0,18.550570807768963,0.9,20,0,0.0,
100,scale_n0100,q_01,suql_baseline,60,15,14,13,1,2,0.9285714285714286,0.8666666666666667,0.896551724137931,18.578419912955724,49,0,49,0.0,18.554463483102158,0.9,20,0,0.0,
100,scale_n0100,q_01,suql_baseline,61,15,14,13,1,2,0.9285714285714286,0.8666666666666667,0.896551724137931,18.653911870962474,49,0,49,0.0,18.632335156959016,0.9,20,0,0.0,
100,scale_n0100,q_01,suql_baseline,62,15,14,13,1,2,0.9285714285714286,0.8666666666666667,0.896551724137931,18.696852270979434,49,0,49,0.0,18.675028380879667,0.9,20,0,0.0,
100,scale_n0100,q_01,suql_baseline,63,15,14,13,1,2,0.9285714285714286,0.8666666666666667,0.896551724137931,18.66981583001325,49,0,49,0.0,18.647783739259467,0.9,20,0,0.0,
100,scale_n0100,q_01,suql_baseline,64,15,14,13,1,2,0.9285714285714286,0.8666666666666667,0.896551724137931,18.673032864986453,49,0,49,0.0,18.65052420279244,0.9,20,0,0.0,
100,scale_n0100,q_01,suql_baseline,65,15,14,13,1,2,0.9285714285714286,0.8666666666666667,0.896551724137931,18.5982371790451,49,0,49,0.0,18.575976071937475,0.9,20,0,0.0,
100,scale_n0100,q_01,suql_baseline,66,15,14,13,1,2,0.9285714285714286,0.8666666666666667,0.896551724137931,18.550671509001404,49,0,49,0.0,18.528222914843354,0.9,20,0,0.0,
100,scale_n0100,q_01,suql_baseline,67,15,14,13,1,2,0.9285714285714286,0.8666666666666667,0.896551724137931,18.582546618999917,49,0,49,0.0,18.560168709780555,0.9,20,0,0.0,
100,scale_n0100,q_01,suql_baseline,68,15,14,13,1,2,0.9285714285714286,0.8666666666666667,0.896551724137931,18.54381425399333,49,0,49,0.0,18.52206455304986,0.9,20,0,0.0,
100,scale_n0100,q_01,suql_baseline,69,15,14,13,1,2,0.9285714285714286,0.8666666666666667,0.896551724137931,18.43823321099626,49,0,49,0.0,18.413757470960263,0.9,20,0,0.0,
100,scale_n0100,q_01,suql_baseline,70,15,14,13,1,2,0.9285714285714286,0.8666666666666667,0.896551724137931,18.61995443800697,49,0,49,0.0,18.59731251577614,0.9,20,0,0.0,
100,scale_n0100,q_01,suql_baseline,71,15,14,13,1,2,0.9285714285714286,0.8666666666666667,0.896551724137931,18.568514150043484,49,0,49,0.0,18.54496889386792,0.9,20,0,0.0,
100,scale_n0100,q_01,suql_baseline,72,15,14,13,1,2,0.9285714285714286,0.8666666666666667,0.896551724137931,18.61777286103461,49,0,49,0.0,18.594845123763665,0.9,20,0,0.0,
100,scale_n0100,q_01,suql_baseline,73,15,14,13,1,2,0.9285714285714286,0.8666666666666667,0.896551724137931,18.582398551981896,49,0,49,0.0,18.55923717690166,0.9,20,0,0.0,
100,scale_n0100,q_01,suql_baseline,74,15,14,13,1,2,0.9285714285714286,0.8666666666666667,0.896551724137931,18.70855398400454,49,0,49,0.0,18.683147628966253,0.9,20,0,0.0,
100,scale_n0100,q_01,suql_baseline,75,15,14,13,1,2,0.9285714285714286,0.8666666666666667,0.896551724137931,18.59440358099528,49,0,49,0.0,18.571006827056408,0.9,20,0,0.0,
100,scale_n0100,q_01,suql_baseline,76,15,14,13,1,2,0.9285714285714286,0.8666666666666667,0.896551724137931,18.56211696699029,49,0,49,0.0,18.5373162200558,0.9,20,0,0.0,
100,scale_n0100,q_01,suql_baseline,77,15,14,13,1,2,0.9285714285714286,0.8666666666666667,0.896551724137931,18.55148201895645,49,0,49,0.0,18.530045588151552,0.9,20,0,0.0,
100,scale_n0100,q_01,suql_baseline,78,15,14,13,1,2,0.9285714285714286,0.8666666666666667,0.896551724137931,18.61879384698113,49,0,49,0.0,18.596426584001165,0.9,20,0,0.0,
100,scale_n0100,q_01,suql_baseline,79,15,14,13,1,2,0.9285714285714286,0.8666666666666667,0.896551724137931,18.6554500630009,49,0,49,0.0,18.632770516036544,0.9,20,0,0.0,
100,scale_n0100,q_01,suql_baseline,80,15,14,13,1,2,0.9285714285714286,0.8666666666666667,0.896551724137931,18.594568934990093,49,0,49,0.0,18.571876180765685,0.9,20,0,0.0,
100,scale_n0100,q_01,suql_baseline,81,15,14,13,1,2,0.9285714285714286,0.8666666666666667,0.896551724137931,18.65883707400644,49,0,49,0.0,18.636395345733035,0.9,20,0,0.0,
100,scale_n0100,q_01,suql_baseline,82,15,14,13,1,2,0.9285714285714286,0.8666666666666667,0.896551724137931,18.53876470401883,49,0,49,0.0,18.517031422874425,0.9,20,0,0.0,
100,scale_n0100,q_01,suql_baseline,83,15,14,13,1,2,0.9285714285714286,0.8666666666666667,0.896551724137931,18.60224543599179,49,0,49,0.0,18.580328924232163,0.9,20,0,0.0,
100,scale_n0100,q_01,suql_baseline,84,15,14,13,1,2,0.9285714285714286,0.8666666666666667,0.896551724137931,18.615937958995342,49,0,49,0.0,18.59211963886628,0.9,20,0,0.0,
100,scale_n0100,q_01,suql_baseline,85,15,14,13,1,2,0.9285714285714286,0.8666666666666667,0.896551724137931,18.601793476962484,49,0,49,0.0,18.580836667097174,0.9,20,0,0.0,
100,scale_n0100,q_01,suql_baseline,86,15,14,13,1,2,0.9285714285714286,0.8666666666666667,0.896551724137931,18.63103620399488,49,0,49,0.0,18.609488084330224,0.9,20,0,0.0,
100,scale_n0100,q_01,suql_baseline,87,15,14,13,1,2,0.9285714285714286,0.8666666666666667,0.896551724137931,18.71243998000864,49,0,49,0.0,18.69150658819126,0.9,20,0,0.0,
100,scale_n0100,q_01,suql_baseline,88,15,14,13,1,2,0.9285714285714286,0.8666666666666667,0.896551724137931,18.57934967800975,49,0,49,0.0,18.55693993216846,0.9,20,0,0.0,
100,scale_n0100,q_01,suql_baseline,89,15,14,13,1,2,0.9285714285714286,0.8666666666666667,0.896551724137931,18.498874482989777,49,0,49,0.0,18.477845548884943,0.9,20,0,0.0,
100,scale_n0100,q_01,suql_baseline,90,15,14,13,1,2,0.9285714285714286,0.8666666666666667,0.896551724137931,18.58485377399484,49,0,49,0.0,18.56242242490407,0.9,20,0,0.0,
100,scale_n0100,q_01,suql_baseline,91,15,14,13,1,2,0.9285714285714286,0.8666666666666667,0.896551724137931,18.63243599096313,49,0,49,0.0,18.611105844087437,0.9,20,0,0.0,
100,scale_n0100,q_01,suql_baseline,92,15,14,13,1,2,0.9285714285714286,0.8666666666666667,0.896551724137931,18.623626200016588,49,0,49,0.0,18.6009300298756,0.9,20,0,0.0,
100,scale_n0100,q_01,suql_baseline,93,15,14,13,1,2,0.9285714285714286,0.8666666666666667,0.896551724137931,18.654809009982277,49,0,49,0.0,18.63373015861725,0.9,20,0,0.0,
100,scale_n0100,q_01,suql_baseline,94,15,14,13,1,2,0.9285714285714286,0.8666666666666667,0.896551724137931,18.54516108101234,49,0,49,0.0,18.52278494188795,0.9,20,0,0.0,
100,scale_n0100,q_01,suql_baseline,95,15,14,13,1,2,0.9285714285714286,0.8666666666666667,0.896551724137931,18.62055869802134,49,0,49,0.0,18.598786825779825,0.9,20,0,0.0,
100,scale_n0100,q_01,suql_baseline,96,15,14,13,1,2,0.9285714285714286,0.8666666666666667,0.896551724137931,18.661523265996948,49,0,49,0.0,18.63855376309948,0.9,20,0,0.0,
100,scale_n0100,q_01,suql_baseline,97,15,14,13,1,2,0.9285714285714286,0.8666666666666667,0.896551724137931,18.649142005015165,49,0,49,0.0,18.62782071391121,0.9,20,0,0.0,
100,scale_n0100,q_01,suql_baseline,98,15,14,13,1,2,0.9285714285714286,0.8666666666666667,0.896551724137931,18.649990704958327,49,0,49,0.0,18.62861528113717,0.9,20,0,0.0,
100,scale_n0100,q_01,suql_baseline,99,15,14,13,1,2,0.9285714285714286,0.8666666666666667,0.896551724137931,18.56936031399528,49,0,49,0.0,18.547183158865664,0.9,20,0,0.0,
100,scale_n0100,q_01,suql_baseline,100,15,14,13,1,2,0.9285714285714286,0.8666666666666667,0.896551724137931,18.527991936018225,49,0,49,0.0,18.507320354052357,0.9,20,0,0.0,
100,scale_n0100,q_01,trummer_v1,1,15,15,14,1,1,0.9333333333333332,0.9333333333333332,0.9333333333333332,15.392696041963063,13,8,5,7.932256885105744,5.883683752967045,0.9,20,20,0.6,
100,scale_n0100,q_01,trummer_v1,2,15,15,14,1,1,0.9333333333333332,0.9333333333333332,0.9333333333333332,11.609432170982473,13,8,5,5.808154814003501,5.783531574998051,0.9,20,20,0.6,
100,scale_n0100,q_01,trummer_v1,3,15,15,14,1,1,0.9333333333333332,0.9333333333333332,0.9333333333333332,11.593240793037694,13,8,5,5.813076220045332,5.763052627036814,0.9,20,20,0.6,
100,scale_n0100,q_01,trummer_v1,4,15,15,14,1,1,0.9333333333333332,0.9333333333333332,0.9333333333333332,11.598453943966888,13,8,5,5.807493505009916,5.773038524959702,0.9,20,20,0.6,
100,scale_n0100,q_01,trummer_v1,5,15,15,14,1,1,0.9333333333333332,0.9333333333333332,0.9333333333333332,11.64897837495664,13,8,5,5.855904129042756,5.775335731043015,0.9,20,20,0.6,
100,scale_n0100,q_01,trummer_v1,6,15,15,14,1,1,0.9333333333333332,0.9333333333333332,0.9333333333333332,11.66525660501793,13,8,5,5.856476910994388,5.790602180932183,0.9,20,20,0.6,
100,scale_n0100,q_01,trummer_v1,7,15,15,14,1,1,0.9333333333333332,0.9333333333333332,0.9333333333333332,11.598902158031706,13,8,5,5.812086356978398,5.769612093921751,0.9,20,20,0.6,
100,scale_n0100,q_01,trummer_v1,8,15,15,14,1,1,0.9333333333333332,0.9333333333333332,0.9333333333333332,11.628618796996308,13,8,5,5.841293322038837,5.769979378965218,0.9,20,20,0.6,
100,scale_n0100,q_01,trummer_v1,9,15,15,14,1,1,0.9333333333333332,0.9333333333333332,0.9333333333333332,11.611056105990428,13,8,5,5.832574669911992,5.76001439295942,0.9,20,20,0.6,
100,scale_n0100,q_01,trummer_v1,10,15,15,14,1,1,0.9333333333333332,0.9333333333333332,0.9333333333333332,11.61373221804388,13,8,5,5.822553705074824,5.7739694089395925,0.9,20,20,0.6,
100,scale_n0100,q_01,trummer_v1,11,15,15,14,1,1,0.9333333333333332,0.9333333333333332,0.9333333333333332,11.681981964036822,13,8,5,5.870619340974372,5.795053593930788,0.9,20,20,0.6,
100,scale_n0100,q_01,trummer_v1,12,15,15,14,1,1,0.9333333333333332,0.9333333333333332,0.9333333333333332,11.61822869698517,13,8,5,5.836445547931362,5.764054748928174,0.9,20,20,0.6,
100,scale_n0100,q_01,trummer_v1,13,15,15,14,1,1,0.9333333333333332,0.9333333333333332,0.9333333333333332,11.622773963026702,13,8,5,5.84036777599249,5.764874312037136,0.9,20,20,0.6,
100,scale_n0100,q_01,trummer_v1,14,15,15,14,1,1,0.9333333333333332,0.9333333333333332,0.9333333333333332,11.635639056970833,13,8,5,5.858968093001749,5.758795319008641,0.9,20,20,0.6,
100,scale_n0100,q_01,trummer_v1,15,15,15,14,1,1,0.9333333333333332,0.9333333333333332,0.9333333333333332,11.660129327967296,13,8,5,5.855151206080336,5.786827500967775,0.9,20,20,0.6,
100,scale_n0100,q_01,trummer_v1,16,15,15,14,1,1,0.9333333333333332,0.9333333333333332,0.9333333333333332,11.626859628013335,13,8,5,5.826683059858624,5.785463745123707,0.9,20,20,0.6,
100,scale_n0100,q_01,trummer_v1,17,15,15,14,1,1,0.9333333333333332,0.9333333333333332,0.9333333333333332,11.604329266992863,13,8,5,5.818299238977488,5.7697524189716205,0.9,20,20,0.6,
100,scale_n0100,q_01,trummer_v1,18,15,15,14,1,1,0.9333333333333332,0.9333333333333332,0.9333333333333332,11.63325019099284,13,8,5,5.831907745974604,5.782349639979657,0.9,20,20,0.6,
100,scale_n0100,q_01,trummer_v1,19,15,15,14,1,1,0.9333333333333332,0.9333333333333332,0.9333333333333332,11.608545268012676,13,8,5,5.809593635960482,5.78098498203326,0.9,20,20,0.6,
100,scale_n0100,q_01,trummer_v1,20,15,15,14,1,1,0.9333333333333332,0.9333333333333332,0.9333333333333332,11.600805511989163,13,8,5,5.825521751015913,5.75931325100828,0.9,20,20,0.6,
100,scale_n0100,q_01,trummer_v1,21,15,15,14,1,1,0.9333333333333332,0.9333333333333332,0.9333333333333332,11.606052886985708,13,8,5,5.816346404026263,5.77213572000619,0.9,20,20,0.6,
100,scale_n0100,q_01,trummer_v1,22,15,15,14,1,1,0.9333333333333332,0.9333333333333332,0.9333333333333332,11.599554066022392,13,8,5,5.812863522034604,5.767476914974395,0.9,20,20,0.6,
100,scale_n0100,q_01,trummer_v1,23,15,15,14,1,1,0.9333333333333332,0.9333333333333332,0.9333333333333332,11.637416826968549,13,8,5,5.842296919145156,5.777185276034288,0.9,20,20,0.6,
100,scale_n0100,q_01,trummer_v1,24,15,15,14,1,1,0.9333333333333332,0.9333333333333332,0.9333333333333332,11.595767889986746,13,8,5,5.817861601011828,5.759316909941845,0.9,20,20,0.6,
100,scale_n0100,q_01,trummer_v1,25,15,15,14,1,1,0.9333333333333332,0.9333333333333332,0.9333333333333332,11.617763660964556,13,8,5,5.83510348998243,5.764506097999401,0.9,20,20,0.6,
100,scale_n0100,q_01,trummer_v1,26,15,15,14,1,1,0.9333333333333332,0.9333333333333332,0.9333333333333332,11.618105064961128,13,8,5,5.827158447995316,5.772900283918716,0.9,20,20,0.6,
100,scale_n0100,q_01,trummer_v1,27,15,15,14,1,1,0.9333333333333332,0.9333333333333332,0.9333333333333332,11.62125779897906,13,8,5,5.831185399903916,5.771541765017901,0.9,20,20,0.6,
100,scale_n0100,q_01,trummer_v1,28,15,15,14,1,1,0.9333333333333332,0.9333333333333332,0.9333333333333332,11.605753172014374,13,8,5,5.82266282197088,5.766628572077025,0.9,20,20,0.6,
100,scale_n0100,q_01,trummer_v1,29,15,15,14,1,1,0.9333333333333332,0.9333333333333332,0.9333333333333332,11.599429430963935,13,8,5,5.819552718894556,5.762637153966352,0.9,20,20,0.6,
100,scale_n0100,q_01,trummer_v1,30,15,15,14,1,1,0.9333333333333332,0.9333333333333332,0.9333333333333332,11.59524782304652,13,8,5,5.821419841027819,5.754182784992736,0.9,20,20,0.6,
100,scale_n0100,q_01,trummer_v1,31,15,15,14,1,1,0.9333333333333332,0.9333333333333332,0.9333333333333332,11.59362392598996,13,8,5,5.814837706100661,5.761751563986763,0.9,20,20,0.6,
100,scale_n0100,q_01,trummer_v1,32,15,15,14,1,1,0.9333333333333332,0.9333333333333332,0.9333333333333332,11.606555991980713,13,8,5,5.818441907933448,5.7700333520188,0.9,20,20,0.6,
100,scale_n0100,q_01,trummer_v1,33,15,15,14,1,1,0.9333333333333332,0.9333333333333332,0.9333333333333332,11.618683321983552,13,8,5,5.839139299932867,5.761725999065675,0.9,20,20,0.6,
100,scale_n0100,q_01,trummer_v1,34,15,15,14,1,1,0.9333333333333332,0.9333333333333332,0.9333333333333332,11.627222166047432,13,8,5,5.828338669030927,5.780651059059892,0.9,20,20,0.6,
100,scale_n0100,q_01,trummer_v1,35,15,15,14,1,1,0.9333333333333332,0.9333333333333332,0.9333333333333332,11.612169748987071,13,8,5,5.831440192996524,5.762747173954267,0.9,20,20,0.6,
100,scale_n0100,q_01,trummer_v1,36,15,15,14,1,1,0.9333333333333332,0.9333333333333332,0.9333333333333332,11.619469368015416,13,8,5,5.823436361097265,5.778793820994906,0.9,20,20,0.6,
100,scale_n0100,q_01,trummer_v1,37,15,15,14,1,1,0.9333333333333332,0.9333333333333332,0.9333333333333332,11.661865434027275,13,8,5,5.858861276996322,5.786044911015779,0.9,20,20,0.6,
100,scale_n0100,q_01,trummer_v1,38,15,15,14,1,1,0.9333333333333332,0.9333333333333332,0.9333333333333332,11.589476314024068,13,8,5,5.823754167940933,5.74774304399034,0.9,20,20,0.6,
100,scale_n0100,q_01,trummer_v1,39,15,15,14,1,1,0.9333333333333332,0.9333333333333332,0.9333333333333332,11.624266137951054,13,8,5,5.8376479130238295,5.76995431893738,0.9,20,20,0.6,
100,scale_n0100,q_01,trummer_v1,40,15,15,14,1,1,0.9333333333333332,0.9333333333333332,0.9333333333333332,11.588107882009352,13,8,5,5.792954870965332,5.77490066899918,0.9,20,20,0.6,
100,scale_n0100,q_01,trummer_v1,41,15,15,14,1,1,0.9333333333333332,0.9333333333333332,0.9333333333333332,11.613406123011371,13,8,5,5.837331692047883,5.758515868976247,0.9,20,20,0.6,
100,scale_n0100,q_01,trummer_v1,42,15,15,14,1,1,0.9333333333333332,0.9333333333333332,0.9333333333333332,11.630238445999566,13,8,5,5.845442877965979,5.767154353030492,0.9,20,20,0.6,
100,scale_n0100,q_01,trummer_v1,43,15,15,14,1,1,0.9333333333333332,0.9333333333333332,0.9333333333333332,11.604265761969144,13,8,5,5.828907128074206,5.758357757003978,0.9,20,20,0.6,
100,scale_n0100,q_01,trummer_v1,44,15,15,14,1,1,0.9333333333333332,0.9333333333333332,0.9333333333333332,11.633128258981742,13,8,5,5.833797971019521,5.782636072020978,0.9,20,20,0.6,
100,scale_n0100,q_01,trummer_v1,45,15,15,14,1,1,0.9333333333333332,0.9333333333333332,0.9333333333333332,11.601453656039666,13,8,5,5.810341007017996,5.773887204879429,0.9,20,20,0.6,
100,scale_n0100,q_01,trummer_v1,46,15,15,14,1,1,0.9333333333333332,0.9333333333333332,0.9333333333333332,11.63008761400124,13,8,5,5.828175066038966,5.784070655936375,0.9,20,20,0.6,
100,scale_n0100,q_01,trummer_v1,47,15,15,14,1,1,0.9333333333333332,0.9333333333333332,0.9333333333333332,11.612435758986976,13,8,5,5.827606239006855,5.769468599988613,0.9,20,20,0.6,
100,scale_n0100,q_01,trummer_v1,48,15,15,14,1,1,0.9333333333333332,0.9333333333333332,0.9333333333333332,11.602017486002296,13,8,5,5.810190503892954,5.774339179042727,0.9,20,20,0.6,
100,scale_n0100,q_01,trummer_v1,49,15,15,14,1,1,0.9333333333333332,0.9333333333333332,0.9333333333333332,11.620828991988674,13,8,5,5.848050988919567,5.754655042022932,0.9,20,20,0.6,
100,scale_n0100,q_01,trummer_v1,50,15,15,14,1,1,0.9333333333333332,0.9333333333333332,0.9333333333333332,11.652467159030492,13,8,5,5.8553711078711785,5.781319259956945,0.9,20,20,0.6,
100,scale_n0100,q_01,trummer_v1,51,15,15,14,1,1,0.9333333333333332,0.9333333333333332,0.9333333333333332,11.66050456603989,13,8,5,5.8500607190071605,5.791219459963031,0.9,20,20,0.6,
100,scale_n0100,q_01,trummer_v1,52,15,15,14,1,1,0.9333333333333332,0.9333333333333332,0.9333333333333332,11.632633448985873,13,8,5,5.840072225080803,5.77502722106874,0.9,20,20,0.6,
100,scale_n0100,q_01,trummer_v1,53,15,15,14,1,1,0.9333333333333332,0.9333333333333332,0.9333333333333332,11.62281297397567,13,8,5,5.854218868073076,5.750313182943501,0.9,20,20,0.6,
100,scale_n0100,q_01,trummer_v1,54,15,15,14,1,1,0.9333333333333332,0.9333333333333332,0.9333333333333332,11.631546998978592,13,8,5,5.852800764958374,5.761975318950135,0.9,20,20,0.6,
100,scale_n0100,q_01,trummer_v1,55,15,15,14,1,1,0.9333333333333332,0.9333333333333332,0.9333333333333332,11.63890112901572,13,8,5,5.860684043960646,5.762321586953476,0.9,20,20,0.6,
100,scale_n0100,q_01,trummer_v1,56,15,15,14,1,1,0.9333333333333332,0.9333333333333332,0.9333333333333332,11.642874800949356,13,8,5,5.82970335893333,5.794823700969573,0.9,20,20,0.6,
100,scale_n0100,q_01,trummer_v1,57,15,15,14,1,1,0.9333333333333332,0.9333333333333332,0.9333333333333332,11.635474217007868,13,8,5,5.834095021127723,5.782459046982694,0.9,20,20,0.6,
100,scale_n0100,q_01,trummer_v1,58,15,15,14,1,1,0.9333333333333332,0.9333333333333332,0.9333333333333332,11.614111506030897,13,8,5,5.836760720005259,5.76096893491922,0.9,20,20,0.6,
100,scale_n0100,q_01,trummer_v1,59,15,15,14,1,1,0.9333333333333332,0.9333333333333332,0.9333333333333332,11.640297373989595,13,8,5,5.850102328986395,5.772318804054521,0.9,20,20,0.6,
100,scale_n0100,q_01,trummer_v1,60,15,15,14,1,1,0.9333333333333332,0.9333333333333332,0.9333333333333332,11.598547341011,13,8,5,5.825855589006096,5.754551732097752,0.9,20,20,0.6,
100,scale_n0100,q_01,trummer_v1,61,15,15,14,1,1,0.9333333333333332,0.9333333333333332,0.9333333333333332,11.639177245029714,13,8,5,5.831958014925476,5.79013862303691,0.9,20,20,0.6,
100,scale_n0100,q_01,trummer_v1,62,15,15,14,1,1,0.9333333333333332,0.9333333333333332,0.9333333333333332,11.633222015982028,13,8,5,5.8419721550890245,5.773205137986224,0.9,20,20,0.6,
100,scale_n0100,q_01,trummer_v1,63,15,15,14,1,1,0.9333333333333332,0.9333333333333332,0.9333333333333332,11.6565751649905,13,8,5,5.849906206072774,5.788396660005674,0.9,20,20,0.6,
100,scale_n0100,q_01,trummer_v1,64,15,15,14,1,1,0.9333333333333332,0.9333333333333332,0.9333333333333332,11.644867777999025,13,8,5,5.859667108976282,5.7658930830075406,0.9,20,20,0.6,
100,scale_n0100,q_01,trummer_v1,65,15,15,14,1,1,0.9333333333333332,0.9333333333333332,0.9333333333333332,11.610022525012027,13,8,5,5.84205551299965,5.7508797769551165,0.9,20,20,0.6,
100,scale_n0100,q_01,trummer_v1,66,15,15,14,1,1,0.9333333333333332,0.9333333333333332,0.9333333333333332,11.643368919030763,13,8,5,5.856436614994891,5.768065040989313,0.9,20,20,0.6,
100,scale_n0100,q_01,trummer_v1,67,15,15,14,1,1,0.9333333333333332,0.9333333333333332,0.9333333333333332,11.629782194970176,13,8,5,5.835269148927182,5.778752840007655,0.9,20,20,0.6,
100,scale_n0100,q_01,trummer_v1,68,15,15,14,1,1,0.9333333333333332,0.9333333333333332,0.9333333333333332,11.596163550042547,13,8,5,5.809912207128946,5.769871887983754,0.9,20,20,0.6,
100,scale_n0100,q_01,trummer_v1,69,15,15,14,1,1,0.9333333333333332,0.9333333333333332,0.9333333333333332,11.633846979006194,13,8,5,5.834138649108354,5.782595970027614,0.9,20,20,0.6,
100,scale_n0100,q_01,trummer_v1,70,15,15,14,1,1,0.9333333333333332,0.9333333333333332,0.9333333333333332,11.62755549699068,13,8,5,5.835461306909565,5.773877365980297,0.9,20,20,0.6,
100,scale_n0100,q_01,trummer_v1,71,15,15,14,1,1,0.9333333333333332,0.9333333333333332,0.9333333333333332,11.63207977998536,13,8,5,5.820848458854016,5.792844037991017,0.9,20,20,0.6,
100,scale_n0100,q_01,trummer_v1,72,15,15,14,1,1,0.9333333333333332,0.9333333333333332,0.9333333333333332,11.629164889047388,13,8,5,5.836410180956591,5.775215188041329,0.9,20,20,0.6,
100,scale_n0100,q_01,trummer_v1,73,15,15,14,1,1,0.9333333333333332,0.9333333333333332,0.9333333333333332,11.645361530012451,13,8,5,5.841871807991993,5.7849206469836645,0.9,20,20,0.6,
100,scale_n0100,q_01,trummer_v1,74,15,15,14,1,1,0.9333333333333332,0.9333333333333332,0.9333333333333332,11.650130944035482,13,8,5,5.846341935975943,5.785172383999452,0.9,20,20,0.6,
100,scale_n0100,q_01,trummer_v1,75,15,15,14,1,1,0.9333333333333332,0.9333333333333332,0.9333333333333332,11.638286973990034,13,8,5,5.844163761998061,5.775515976012684,0.9,20,20,0.6,
100,scale_n0100,q_01,trummer_v1,76,15,15,14,1,1,0.9333333333333332,0.9333333333333332,0.9333333333333332,11.606189605023246,13,8,5,5.821858035982586,5.7676612039795145,0.9,20,20,0.6,
100,scale_n0100,q_01,trummer_v1,77,15,15,14,1,1,0.9333333333333332,0.9333333333333332,0.9333333333333332,11.621138432004956,13,8,5,5.835555216006469,5.76794519595569,0.9,20,20,0.6,
100,scale_n0100,q_01,trummer_v1,78,15,15,14,1,1,0.9333333333333332,0.9333333333333332,0.9333333333333332,11.61551823199261,13,8,5,5.824627704976592,5.773615696991328,0.9,20,20,0.6,
100,scale_n0100,q_01,trummer_v1,79,15,15,14,1,1,0.9333333333333332,0.9333333333333332,0.9333333333333332,11.643321434035895,13,8,5,5.841078052937519,5.785042674047872,0.9,20,20,0.6,
100,scale_n0100,q_01,trummer_v1,80,15,15,14,1,1,0.9333333333333332,0.9333333333333332,0.9333333333333332,11.600840977975167,13,8,5,5.828827181947418,5.754647516005207,0.9,20,20,0.6,
100,scale_n0100,q_01,trummer_v1,81,15,15,14,1,1,0.9333333333333332,0.9333333333333332,0.9333333333333332,11.609444773988798,13,8,5,5.8176082379650325,5.774138326058164,0.9,20,20,0.6,
100,scale_n0100,q_01,trummer_v1,82,15,15,14,1,1,0.9333333333333332,0.9333333333333332,0.9333333333333332,11.629197454021778,13,8,5,5.864675047923811,5.748146171041299,0.9,20,20,0.6,
100,scale_n0100,q_01,trummer_v1,83,15,15,14,1,1,0.9333333333333332,0.9333333333333332,0.9333333333333332,11.63196784100728,13,8,5,5.833356304909103,5.780064221995417,0.9,20,20,0.6,
100,scale_n0100,q_01,trummer_v1,84,15,15,14,1,1,0.9333333333333332,0.9333333333333332,0.9333333333333332,11.649443958012853,13,8,5,5.864080567029305,5.76903245394351,0.9,20,20,0.6,
100,scale_n0100,q_01,trummer_v1,85,15,15,14,1,1,0.9333333333333332,0.9333333333333332,0.9333333333333332,11.607443692046218,13,8,5,5.839049987960607,5.751146682945546,0.9,20,20,0.6,
100,scale_n0100,q_01,trummer_v1,86,15,15,14,1,1,0.9333333333333332,0.9333333333333332,0.9333333333333332,11.618831429979764,13,8,5,5.83904973405879,5.761816015990917,0.9,20,20,0.6,
100,scale_n0100,q_01,trummer_v1,87,15,15,14,1,1,0.9333333333333332,0.9333333333333332,0.9333333333333332,11.625994883012028,13,8,5,5.844091542996466,5.764110592135694,0.9,20,20,0.6,
100,scale_n0100,q_01,trummer_v1,88,15,15,14,1,1,0.9333333333333332,0.9333333333333332,0.9333333333333332,11.607923635980114,13,8,5,5.828628260933328,5.762852134008426,0.9,20,20,0.6,
100,scale_n0100,q_01,trummer_v1,89,15,15,14,1,1,0.9333333333333332,0.9333333333333332,0.9333333333333332,11.603200614044908,13,8,5,5.821662521106191,5.764997386955656,0.9,20,20,0.6,
100,scale_n0100,q_01,trummer_v1,90,15,15,14,1,1,0.9333333333333332,0.9333333333333332,0.9333333333333332,11.57531513296999,13,8,5,5.792576512030792,5.764583203010261,0.9,20,20,0.6,
100,scale_n0100,q_01,trummer_v1,91,15,15,14,1,1,0.9333333333333332,0.9333333333333332,0.9333333333333332,11.627297542989254,13,8,5,5.843543413036969,5.7668280871002935,0.9,20,20,0.6,
100,scale_n0100,q_01,trummer_v1,92,15,15,14,1,1,0.9333333333333332,0.9333333333333332,0.9333333333333332,11.6268293709727,13,8,5,5.83735471003456,5.77238242799649,0.9,20,20,0.6,
100,scale_n0100,q_01,trummer_v1,93,15,15,14,1,1,0.9333333333333332,0.9333333333333332,0.9333333333333332,11.627222382987384,13,8,5,5.827524660970084,5.782161591050681,0.9,20,20,0.6,
100,scale_n0100,q_01,trummer_v1,94,15,15,14,1,1,0.9333333333333332,0.9333333333333332,0.9333333333333332,11.595629892020952,13,8,5,5.81591996201314,5.763424326025415,0.9,20,20,0.6,
100,scale_n0100,q_01,trummer_v1,95,15,15,14,1,1,0.9333333333333332,0.9333333333333332,0.9333333333333332,11.619128500984516,13,8,5,5.837278806953691,5.763877366029192,0.9,20,20,0.6,
100,scale_n0100,q_01,trummer_v1,96,15,15,14,1,1,0.9333333333333332,0.9333333333333332,0.9333333333333332,11.60298672603676,13,8,5,5.825494033051655,5.7587141069816425,0.9,20,20,0.6,
100,scale_n0100,q_01,trummer_v1,97,15,15,14,1,1,0.9333333333333332,0.9333333333333332,0.9333333333333332,11.628412266029043,13,8,5,5.844498848018702,5.766302238043863,0.9,20,20,0.6,
100,scale_n0100,q_01,trummer_v1,98,15,15,14,1,1,0.9333333333333332,0.9333333333333332,0.9333333333333332,11.608590363000983,13,8,5,5.816321299003903,5.774285083054565,0.9,20,20,0.6,
100,scale_n0100,q_01,trummer_v1,99,15,15,14,1,1,0.9333333333333332,0.9333333333333332,0.9333333333333332,11.64704830799019,13,8,5,5.862014039012138,5.768009227060247,0.9,20,20,0.6,
100,scale_n0100,q_01,trummer_v1,100,15,15,14,1,1,0.9333333333333332,0.9333333333333332,0.9333333333333332,11.625580810010431,13,8,5,5.8453721510013565,5.762416525976732,0.9,20,20,0.6,
125,scale_n0125,q_01,suql_baseline,1,19,21,19,2,0,0.9047619047619048,1.0,0.95,23.59303296200233,61,0,61,0.0,23.56330413115211,0.9,25,0,0.0,
125,scale_n0125,q_01,suql_baseline,2,19,21,19,2,0,0.9047619047619048,1.0,0.95,23.56119272700744,61,0,61,0.0,23.5321057200199,0.9,25,0,0.0,
125,scale_n0125,q_01,suql_baseline,3,19,21,19,2,0,0.9047619047619048,1.0,0.95,23.62557434703922,61,0,61,0.0,23.598676073888782,0.9,25,0,0.0,
125,scale_n0125,q_01,suql_baseline,4,19,21,19,2,0,0.9047619047619048,1.0,0.95,23.562844841973856,61,0,61,0.0,23.53495344700059,0.9,25,0,0.0,
125,scale_n0125,q_01,suql_baseline,5,19,21,19,2,0,0.9047619047619048,1.0,0.95,23.57468723598868,61,0,61,0.0,23.547245931229558,0.9,25,0,0.0,
125,scale_n0125,q_01,suql_baseline,6,19,21,19,2,0,0.9047619047619048,1.0,0.95,23.539155731967185,61,0,61,0.0,23.510903970862277,0.9,25,0,0.0,
125,scale_n0125,q_01,suql_baseline,7,19,21,19,2,0,0.9047619047619048,1.0,0.95,23.385594283987302,61,0,61,0.0,23.356474181229714,0.9,25,0,0.0,
125,scale_n0125,q_01,suql_baseline,8,19,21,19,2,0,0.9047619047619048,1.0,0.95,23.374791860987894,61,0,61,0.0,23.34736007207539,0.9,25,0,0.0,
125,scale_n0125,q_01,suql_baseline,9,19,21,19,2,0,0.9047619047619048,1.0,0.95,23.42219955503242,61,0,61,0.0,23.395257713098545,0.9,25,0,0.0,
125,scale_n0125,q_01,suql_baseline,10,19,21,19,2,0,0.9047619047619048,1.0,0.95,23.398405243991878,61,0,61,0.0,23.37083120585885,0.9,25,0,0.0,
125,scale_n0125,q_01,suql_baseline,11,19,21,19,2,0,0.9047619047619048,1.0,0.95,23.40883108502021,61,0,61,0.0,23.380385528842453,0.9,25,0,0.0,
125,scale_n0125,q_01,suql_baseline,12,19,21,19,2,0,0.9047619047619048,1.0,0.95,23.576554197992664,61,0,61,0.0,23.548427611240182,0.9,25,0,0.0,
125,scale_n0125,q_01,suql_baseline,13,19,21,19,2,0,0.9047619047619048,1.0,0.95,23.75259939598618,61,0,61,0.0,23.725348614912942,0.9,25,0,0.0,
125,scale_n0125,q_01,suql_baseline,14,19,21,19,2,0,0.9047619047619048,1.0,0.95,23.7057115919888,61,0,61,0.0,23.67753696074942,0.9,25,0,0.0,
125,scale_n0125,q_01,suql_baseline,15,19,21,19,2,0,0.9047619047619048,1.0,0.95,23.747442757012323,61,0,61,0.0,23.719701456080656,0.9,25,0,0.0,
125,scale_n0125,q_01,suql_baseline,16,19,21,19,2,0,0.9047619047619048,1.0,0.95,23.741855944972485,61,0,61,0.0,23.715044406824745,0.9,25,0,0.0,
125,scale_n0125,q_01,suql_baseline,17,19,21,19,2,0,0.9047619047619048,1.0,0.95,23.75049747299636,61,0,61,0.0,23.72378981905058,0.9,25,0,0.0,
125,scale_n0125,q_01,suql_baseline,18,19,21,19,2,0,0.9047619047619048,1.0,0.95,23.70678789098747,61,0,61,0.0,23.67890272190561,0.9,25,0,0.0,
125,scale_n0125,q_01,suql_baseline,19,19,21,19,2,0,0.9047619047619048,1.0,0.95,23.73630776297068,61,0,61,0.0,23.70759027072927,0.9,25,0,0.0,
125,scale_n0125,q_01,suql_baseline,20,19,21,19,2,0,0.9047619047619048,1.0,0.95,23.672718820977025,61,0,61,0.0,23.644670601002872,0.9,25,0,0.0,
125,scale_n0125,q_01,suql_baseline,21,19,21,19,2,0,0.9047619047619048,1.0,0.95,23.721483663015533,61,0,61,0.0,23.69414723094087,0.9,25,0,0.0,
125,scale_n0125,q_01,suql_baseline,22,19,21,19,2,0,0.9047619047619048,1.0,0.95,23.671907204960007,61,0,61,0.0,23.643931769940536,0.9,25,0,0.0,
125,scale_n0125,q_01,suql_baseline,23,19,21,19,2,0,0.9047619047619048,1.0,0.95,23.71742461400572,61,0,61,0.0,23.6875371679198,0.9,25,0,0.0,
125,scale_n0125,q_01,suql_baseline,24,19,21,19,2,0,0.9047619047619048,1.0,0.95,23.71296203497332,61,0,61,0.0,23.68401725165313,0.9,25,0,0.0,
125,scale_n0125,q_01,suql_baseline,25,19,21,19,2,0,0.9047619047619048,1.0,0.95,23.777612934005447,61,0,61,0.0,23.749368232674897,0.9,25,0,0.0,
125,scale_n0125,q_01,suql_baseline,26,19,21,19,2,0,0.9047619047619048,1.0,0.95,23.748486807045992,61,0,61,0.0,23.720602284476627,0.9,25,0,0.0,
125,scale_n0125,q_01,suql_baseline,27,19,21,19,2,0,0.9047619047619048,1.0,0.95,23.723290790978357,61,0,61,0.0,23.693114856956527,0.9,25,0,0.0,
125,scale_n0125,q_01,suql_baseline,28,19,21,19,2,0,0.9047619047619048,1.0,0.95,23.73742607299937,61,0,61,0.0,23.710091846063733,0.9,25,0,0.0,
125,scale_n0125,q_01,suql_baseline,29,19,21,19,2,0,0.9047619047619048,1.0,0.95,23.794846243981738,61,0,61,0.0,23.76564415707253,0.9,25,0,0.0,
125,scale_n0125,q_01,suql_baseline,30,19,21,19,2,0,0.9047619047619048,1.0,0.95,23.88804158603307,61,0,61,0.0,23.860362512234133,0.9,25,0,0.0,
125,scale_n0125,q_01,suql_baseline,31,19,21,19,2,0,0.9047619047619048,1.0,0.95,23.98713945300551,61,0,61,0.0,23.95673375373008,0.9,25,0,0.0,
125,scale_n0125,q_01,suql_baseline,32,19,21,19,2,0,0.9047619047619048,1.0,0.95,23.84684676595498,61,0,61,0.0,23.81934176699724,0.9,25,0,0.0,
125,scale_n0125,q_01,suql_baseline,33,19,21,19,2,0,0.9047619047619048,1.0,0.95,23.8047468069708,61,0,61,0.0,23.77609529386973,0.9,25,0,0.0,
125,scale_n0125,q_01,suql_baseline,34,19,21,19,2,0,0.9047619047619048,1.0,0.95,23.872726010042243,61,0,61,0.0,23.840997102030087,0.9,25,0,0.0,
125,scale_n0125,q_01,suql_baseline,35,19,21,19,2,0,0.9047619047619048,1.0,0.95,23.58842674200423,61,0,61,0.0,23.56008196179755,0.9,25,0,0.0,
125,scale_n0125,q_01,suql_baseline,36,19,21,19,2,0,0.9047619047619048,1.0,0.95,23.719257630989887,61,0,61,0.0,23.69229373720009,0.9,25,0,0.0,
125,scale_n0125,q_01,suql_baseline,37,19,21,19,2,0,0.9047619047619048,1.0,0.95,23.638229346019216,61,0,61,0.0,23.60929426277289,0.9,25,0,0.0,
125,scale_n0125,q_01,suql_baseline,38,19,21,19,2,0,0.9047619047619048,1.0,0.95,23.68078085401794,61,0,61,0.0,23.652026875817683,0.9,25,0,0.0,
125,scale_n0125,q_01,suql_baseline,39,19,21,19,2,0,0.9047619047619048,1.0,0.95,23.63707230001455,61,0,61,0.0,23.60900333669269,0.9,25,0,0.0,
125,scale_n0125,q_01,suql_baseline,40,19,21,19,2,0,0.9047619047619048,1.0,0.95,23.767463098978624,61,0,61,0.0,23.738242506689858,0.9,25,0,0.0,
125,scale_n0125,q_01,suql_baseline,41,19,21,19,2,0,0.9047619047619048,1.0,0.95,23.81650398898637,61,0,61,0.0,23.78982471197378,0.9,25,0,0.0,
125,scale_n0125,q_01,suql_baseline,42,19,21,19,2,0,0.9047619047619048,1.0,0.95,23.794636769976933,61,0,61,0.0,23.76605587004451,0.9,25,0,0.0,
125,scale_n0125,q_01,suql_baseline,43,19,21,19,2,0,0.9047619047619048,1.0,0.95,23.72921474004397,61,0,61,0.0,23.702148536161985,0.9,25,0,0.0,
125,scale_n0125,q_01,suql_baseline,44,19,21,19,2,0,0.9047619047619048,1.0,0.95,23.83713143900968,61,0,61,0.0,23.808812875999138,0.9,25,0,0.0,
125,scale_n0125,q_01,suql_baseline,45,19,21,19,2,0,0.9047619047619048,1.0,0.95,23.795876602991484,61,0,61,0.0,23.76693644095212,0.9,25,0,0.0,
125,scale_n0125,q_01,suql_baseline,46,19,21,19,2,0,0.9047619047619048,1.0,0.95,23.663923334970605,61,0,61,0.0,23.63554485689383,0.9,25,0,0.0,
125,scale_n0125,q_01,suql_baseline,47,19,21,19,2,0,0.9047619047619048,1.0,0.95,23.64967031404376,61,0,61,0.0,23.62150046712486,0.9,25,0,0.0,
125,scale_n0125,q_01,suql_baseline,48,19,21,19,2,0,0.9047619047619048,1.0,0.95,23.768377069965936,61,0,61,0.0,23.74116625858005,0.9,25,0,0.0,
125,scale_n0125,q_01,suql_baseline,49,19,21,19,2,0,0.9047619047619048,1.0,0.95,23.79332013597013,61,0,61,0.0,23.765642703103367,0.9,25,0,0.0,
125,scale_n0125,q_01,suql_baseline,50,19,21,19,2,0,0.9047619047619048,1.0,0.95,23.724982722022105,61,0,61,0.0,23.697425656486303,0.9,25,0,0.0,
125,scale_n0125,q_01,suql_baseline,51,19,21,19,2,0,0.9047619047619048,1.0,0.95,23.751551590044983,61,0,61,0.0,23.724261587194636,0.9,25,0,0.0,
125,scale_n0125,q_01,suql_baseline,52,19,21,19,2,0,0.9047619047619048,1.0,0.95,23.772884438978508,61,0,61,0.0,23.743104153079912,0.9,25,0,0.0,
125,scale_n0125,q_01,suql_baseline,53,19,21,19,2,0,0.9047619047619048,1.0,0.95,23.854065825988076,61,0,61,0.0,23.827018181444146,0.9,25,0,0.0,
125,scale_n0125,q_01,suql_baseline,54,19,21,19,2,0,0.9047619047619048,1.0,0.95,23.7251093229861,61,0,61,0.0,23.69569312024396,0.9,25,0,0.0,
125,scale_n0125,q_01,suql_baseline,55,19,21,19,2,0,0.9047619047619048,1.0,0.95,23.788996585004497,61,0,61,0.0,23.76098188309697,0.9,25,0,0.0,
125,scale_n0125,q_01,suql_baseline,56,19,21,19,2,0,0.9047619047619048,1.0,0.95,23.816453388019,61,0,61,0.0,23.785599729861133,0.9,25,0,0.0,
125,scale_n0125,q_01,suql_baseline,57,19,21,19,2,0,0.9047619047619048,1.0,0.95,23.841830920020584,61,0,61,0.0,23.81405499298125,0.9,25,0,0.0,
125,scale_n0125,q_01,suql_baseline,58,19,21,19,2,0,0.9047619047619048,1.0,0.95,23.834260876988992,61,0,61,0.0,23.803933605202477,0.9,25,0,0.0,
125,scale_n0125,q_01,suql_baseline,59,19,21,19,2,0,0.9047619047619048,1.0,0.95,23.837647399981503,61,0,61,0.0,23.8093030298478,0.9,25,0,0.0,
125,scale_n0125,q_01,suql_baseline,60,19,21,19,2,0,0.9047619047619048,1.0,0.95,23.717902388016228,61,0,61,0.0,23.68977486056974,0.9,25,0,0.0,
125,scale_n0125,q_01,suql_baseline,61,19,21,19,2,0,0.9047619047619048,1.0,0.95,23.795106461038813,61,0,61,0.0,23.764836474088952,0.9,25,0,0.0,
125,scale_n0125,q_01,suql_baseline,62,19,21,19,2,0,0.9047619047619048,1.0,0.95,23.860829718993045,61,0,61,0.0,23.83360880537657,0.9,25,0,0.0,
125,scale_n0125,q_01,suql_baseline,63,19,21,19,2,0,0.9047619047619048,1.0,0.95,23.8705950609874,61,0,61,0.0,23.84434891206911,0.9,25,0,0.0,
125,scale_n0125,q_01,suql_baseline,64,19,21,19,2,0,0.9047619047619048,1.0,0.95,23.952829158050008,61,0,61,0.0,23.92157874593977,0.9,25,0,0.0,
125,scale_n0125,q_01,suql_baseline,65,19,21,19,2,0,0.9047619047619048,1.0,0.95,23.86913792503765,61,0,61,0.0,23.84010819805553,0.9,25,0,0.0,
125,scale_n0125,q_01,suql_baseline,66,19,21,19,2,0,0.9047619047619048,1.0,0.95,23.846182623994537,61,0,61,0.0,23.81943063501967,0.9,25,0,0.0,
125,scale_n0125,q_01,suql_baseline,67,19,21,19,2,0,0.9047619047619048,1.0,0.95,23.87321489799069,61,0,61,0.0,23.843613290053327,0.9,25,0,0.0,
125,scale_n0125,q_01,suql_baseline,68,19,21,19,2,0,0.9047619047619048,1.0,0.95,23.94296640396351,61,0,61,0.0,23.91589777491754,0.9,25,0,0.0,
125,scale_n0125,q_01,suql_baseline,69,19,21,19,2,0,0.9047619047619048,1.0,0.95,23.917432716989424,61,0,61,0.0,23.890028862049803,0.9,25,0,0.0,
125,scale_n0125,q_01,suql_baseline,70,19,21,19,2,0,0.9047619047619048,1.0,0.95,23.87691872700816,61,0,61,0.0,23.84712824417511,0.9,25,0,0.0,
125,scale_n0125,q_01,suql_baseline,71,19,21,19,2,0,0.9047619047619048,1.0,0.95,23.967504355998244,61,0,61,0.0,23.940209007938392,0.9,25,0,0.0,
125,scale_n0125,q_01,suql_baseline,72,19,21,19,2,0,0.9047619047619048,1.0,0.95,24.050441156956367,61,0,61,0.0,24.021364114014432,0.9,25,0,0.0,
125,scale_n0125,q_01,suql_baseline,73,19,21,19,2,0,0.9047619047619048,1.0,0.95,23.908244038000703,61,0,61,0.0,23.881193577311933,0.9,25,0,0.0,
125,scale_n0125,q_01,suql_baseline,74,19,21,19,2,0,0.9047619047619048,1.0,0.95,23.92362901999149,61,0,61,0.0,23.89562114496948,0.9,25,0,0.0,
125,scale_n0125,q_01,suql_baseline,75,19,21,19,2,0,0.9047619047619048,1.0,0.95,23.88118221599143,61,0,61,0.0,23.851988204871304,0.9,25,0,0.0,
125,scale_n0125,q_01,suql_baseline,76,19,21,19,2,0,0.9047619047619048,1.0,0.95,23.84202343900688,61,0,61,0.0,23.8117270199582,0.9,25,0,0.0,
125,scale_n0125,q_01,suql_baseline,77,19,21,19,2,0,0.9047619047619048,1.0,0.95,23.7997050259728,61,0,61,0.0,23.772015237191223,0.9,25,0,0.0,
125,scale_n0125,q_01,suql_baseline,78,19,21,19,2,0,0.9047619047619048,1.0,0.95,23.81069849204505,61,0,61,0.0,23.78112871485064,0.9,25,0,0.0,
125,scale_n0125,q_01,suql_baseline,79,19,21,19,2,0,0.9047619047619048,1.0,0.95,23.884133210987784,61,0,61,0.0,23.85520403983537,0.9,25,0,0.0,
125,scale_n0125,q_01,suql_baseline,80,19,21,19,2,0,0.9047619047619048,1.0,0.95,23.77980796300108,61,0,61,0.0,23.75221987091936,0.9,25,0,0.0,
125,scale_n0125,q_01,suql_baseline,81,19,21,19,2,0,0.9047619047619048,1.0,0.95,23.893567459017504,61,0,61,0.0,23.864948096044827,0.9,25,0,0.0,
125,scale_n0125,q_01,suql_baseline,82,19,21,19,2,0,0.9047619047619048,1.0,0.95,23.87494213599712,61,0,61,0.0,23.846159543143585,0.9,25,0,0.0,
125,scale_n0125,q_01,suql_baseline,83,19,21,19,2,0,0.9047619047619048,1.0,0.95,23.74029512697598,61,0,61,0.0,23.71110472484725,0.9,25,0,0.0,
125,scale_n0125,q_01,suql_baseline,84,19,21,19,2,0,0.9047619047619048,1.0,0.95,23.780513306963257,61,0,61,0.0,23.75275938602863,0.9,25,0,0.0,
125,scale_n0125,q_01,suql_baseline,85,19,21,19,2,0,0.9047619047619048,1.0,0.95,23.92506467999192,61,0,61,0.0,23.896079744386952,0.9,25,0,0.0,
125,scale_n0125,q_01,suql_baseline,86,19,21,19,2,0,0.9047619047619048,1.0,0.95,23.8854328370071,61,0,61,0.0,23.8586908839643,0.9,25,0,0.0,
125,scale_n0125,q_01,suql_baseline,87,19,21,19,2,0,0.9047619047619048,1.0,0.95,23.76982660900103,61,0,61,0.0,23.74233774084132,0.9,25,0,0.0,
125,scale_n0125,q_01,suql_baseline,88,19,21,19,2,0,0.9047619047619048,1.0,0.95,23.87378935900051,61,0,61,0.0,23.845871310099028,0.9,25,0,0.0,
125,scale_n0125,q_01,suql_baseline,89,19,21,19,2,0,0.9047619047619048,1.0,0.95,23.815999743994325,61,0,61,0.0,23.788840449939016,0.9,25,0,0.0,
125,scale_n0125,q_01,suql_baseline,90,19,21,19,2,0,0.9047619047619048,1.0,0.95,23.751400299021043,61,0,61,0.0,23.72177546308376,0.9,25,0,0.0,
125,scale_n0125,q_01,suql_baseline,91,19,21,19,2,0,0.9047619047619048,1.0,0.95,23.915216260997116,61,0,61,0.0,23.889262781769503,0.9,25,0,0.0,
125,scale_n0125,q_01,suql_baseline,92,19,21,19,2,0,0.9047619047619048,1.0,0.95,23.919007272052117,61,0,61,0.0,23.891317569476087,0.9,25,0,0.0,
125,scale_n0125,q_01,suql_baseline,93,19,21,19,2,0,0.9047619047619048,1.0,0.95,23.655246627982702,61,0,61,0.0,23.62840310379397,0.9,25,0,0.0,
125,scale_n0125,q_01,suql_baseline,94,19,21,19,2,0,0.9047619047619048,1.0,0.95,23.64118843799224,61,0,61,0.0,23.61337986495346,0.9,25,0,0.0,
125,scale_n0125,q_01,suql_baseline,95,19,21,19,2,0,0.9047619047619048,1.0,0.95,23.86164108599769,61,0,61,0.0,23.83273159392411,0.9,25,0,0.0,
125,scale_n0125,q_01,suql_baseline,96,19,21,19,2,0,0.9047619047619048,1.0,0.95,23.846018628042657,61,0,61,0.0,23.817487922904547,0.9,25,0,0.0,
125,scale_n0125,q_01,suql_baseline,97,19,21,19,2,0,0.9047619047619048,1.0,0.95,23.857642150018364,61,0,61,0.0,23.829853848845232,0.9,25,0,0.0,
125,scale_n0125,q_01,suql_baseline,98,19,21,19,2,0,0.9047619047619048,1.0,0.95,23.858679390046746,61,0,61,0.0,23.831126120931003,0.9,25,0,0.0,
125,scale_n0125,q_01,suql_baseline,99,19,21,19,2,0,0.9047619047619048,1.0,0.95,23.7606783650117,61,0,61,0.0,23.731745094351936,0.9,25,0,0.0,
125,scale_n0125,q_01,suql_baseline,100,19,21,19,2,0,0.9047619047619048,1.0,0.95,23.744467158045158,61,0,61,0.0,23.71650090487674,0.9,25,0,0.0,
125,scale_n0125,q_01,trummer_v1,1,19,14,13,1,6,0.9285714285714286,0.6842105263157895,0.7878787878787878,21.18031693197554,21,10,11,9.18270595598733,11.970366769935936,0.9,25,25,0.6153846153846154,
125,scale_n0125,q_01,trummer_v1,2,19,14,13,1,6,0.9285714285714286,0.6842105263157895,0.7878787878787878,19.163527842029,21,10,11,7.14368962001754,11.994544804038014,0.9,25,25,0.6153846153846154,
125,scale_n0125,q_01,trummer_v1,3,19,14,13,1,6,0.9285714285714286,0.6842105263157895,0.7878787878787878,19.12962796201464,21,10,11,7.1513697959599085,11.952421486086678,0.9,25,25,0.6153846153846154,
125,scale_n0125,q_01,trummer_v1,4,19,14,13,1,6,0.9285714285714286,0.6842105263157895,0.7878787878787878,19.155617897980846,21,10,11,7.163613250013441,11.96417357691098,0.9,25,25,0.6153846153846154,
125,scale_n0125,q_01,trummer_v1,5,19,14,13,1,6,0.9285714285714286,0.6842105263157895,0.7878787878787878,19.145148333976977,21,10,11,7.173937684914563,11.945720344141591,0.9,25,25,0.6153846153846154,
125,scale_n0125,q_01,trummer_v1,6,19,14,13,1,6,0.9285714285714286,0.6842105263157895,0.7878787878787878,19.155255989986472,21,10,11,7.20036509615602,11.92898203479126,0.9,25,25,0.6153846153846154,
125,scale_n0125,q_01,trummer_v1,7,19,14,13,1,6,0.9285714285714286,0.6842105263157895,0.7878787878787878,19.17754290701123,21,10,11,7.188786439073738,11.962173730018549,0.9,25,25,0.6153846153846154,
125,scale_n0125,q_01,trummer_v1,8,19,14,13,1,6,0.9285714285714286,0.6842105263157895,0.7878787878787878,19.128029273008,21,10,11,7.163080790021922,11.938991035160145,0.9,25,25,0.6153846153846154,
125,scale_n0125,q_01,trummer_v1,9,19,14,13,1,6,0.9285714285714286,0.6842105263157895,0.7878787878787878,19.167094923031986,21,10,11,7.191686294157989,11.94805406598607,0.9,25,25,0.6153846153846154,
125,scale_n0125,q_01,trummer_v1,10,19,14,13,1,6,0.9285714285714286,0.6842105263157895,0.7878787878787878,19.129131662019063,21,10,11,7.161106524989009,11.943198475812096,0.9,25,25,0.6153846153846154,
125,scale_n0125,q_01,trummer_v1,11,19,14,13,1,6,0.9285714285714286,0.6842105263157895,0.7878787878787878,19.19462752703112,21,10,11,7.18297925288789,11.985116244934034,0.9,25,25,0.6153846153846154,
125,scale_n0125,q_01,trummer_v1,12,19,14,13,1,6,0.9285714285714286,0.6842105263157895,0.7878787878787878,19.146048725990116,21,10,11,7.175468420027755,11.94525054312544,0.9,25,25,0.6153846153846154,
125,scale_n0125,q_01,trummer_v1,13,19,14,13,1,6,0.9285714285714286,0.6842105263157895,0.7878787878787878,19.136417702015024,21,10,11,7.179045854951255,11.929308645019772,0.9,25,25,0.6153846153846154,
125,scale_n0125,q_01,trummer_v1,14,19,14,13,1,6,0.9285714285714286,0.6842105263157895,0.7878787878787878,19.147871534980368,21,10,11,7.16890519100707,11.953849930956494,0.9,25,25,0.6153846153846154,
125,scale_n0125,q_01,trummer_v1,15,19,14,13,1,6,0.9285714285714286,0.6842105263157895,0.7878787878787878,19.153394580993336,21,10,11,7.197888933878858,11.9293561479426,0.9,25,25,0.6153846153846154,
125,scale_n0125,q_01,trummer_v1,16,19,14,13,1,6,0.9285714285714286,0.6842105263157895,0.7878787878787878,19.08851205999963,21,10,11,7.160245795035735,11.90092470991658,0.9,25,25,0.6153846153846154,
125,scale_n0125,q_01,trummer_v1,17,19,14,13,1,6,0.9285714285714286,0.6842105263157895,0.7878787878787878,19.085707566991918,21,10,11,7.137645403039642,11.921452148933897,0.9,25,25,0.6153846153846154,
125,scale_n0125,q_01,trummer_v1,18,19,14,13,1,6,0.9285714285714286,0.6842105263157895,0.7878787878787878,19.15676449600141,21,10,11,7.175862740026787,11.9542041940731,0.9,25,25,0.6153846153846154,
125,scale_n0125,q_01,trummer_v1,19,19,14,13,1,6,0.9285714285714286,0.6842105263157895,0.7878787878787878,19.14635463000741,21,10,11,7.174625115876552,11.944362689973786,0.9,25,25,0.6153846153846154,
125,scale_n0125,q_01,trummer_v1,20,19,14,13,1,6,0.9285714285714286,0.6842105263157895,0.7878787878787878,19.14876763499342,21,10,11,7.174920952995308,11.948999576969072,0.9,25,25,0.6153846153846154,
125,scale_n0125,q_01,trummer_v1,21,19,14,13,1,6,0.9285714285714286,0.6842105263157895,0.7878787878787878,19.111105745017998,21,10,11,7.150194473913871,11.933884426951408,0.9,25,25,0.6153846153846154,
125,scale_n0125,q_01,trummer_v1,22,19,14,13,1,6,0.9285714285714286,0.6842105263157895,0.7878787878787878,19.1358696409734,21,10,11,7.157013534975704,11.95248049905058,0.9,25,25,0.6153846153846154,
125,scale_n0125,q_01,trummer_v1,23,19,14,13,1,6,0.9285714285714286,0.6842105263157895,0.7878787878787878,19.111081240989733,21,10,11,7.151524387998506,11.932422491139732,0.9,25,25,0.6153846153846154,
125,scale_n0125,q_01,trummer_v1,24,19,14,13,1,6,0.9285714285714286,0.6842105263157895,0.7878787878787878,19.16155650501605,21,10,11,7.179773522948381,11.956506472022738,0.9,25,25,0.6153846153846154,
125,scale_n0125,q_01,trummer_v1,25,19,14,13,1,6,0.9285714285714286,0.6842105263157895,0.7878787878787878,19.12561613600701,21,10,11,7.15459904295858,11.945401039964054,0.9,25,25,0.6153846153846154,
125,scale_n0125,q_01,trummer_v1,26,19,14,13,1,6,0.9285714285714286,0.6842105263157895,0.7878787878787878,19.14631088601891,21,10,11,7.175307779049035,11.944282252923584,0.9,25,25,0.6153846153846154,
125,scale_n0125,q_01,trummer_v1,27,19,14,13,1,6,0.9285714285714286,0.6842105263157895,0.7878787878787878,19.15278921101708,21,10,11,7.188553031010088,11.937512447068002,0.9,25,25,0.6153846153846154,
125,scale_n0125,q_01,trummer_v1,28,19,14,13,1,6,0.9285714285714286,0.6842105263157895,0.7878787878787878,19.1246116309776,21,10,11,7.153639741009101,11.943353668903,0.9,25,25,0.6153846153846154,
125,scale_n0125,q_01,trummer_v1,29,19,14,13,1,6,0.9285714285714286,0.6842105263157895,0.7878787878787878,19.1906634849729,21,10,11,7.192660954140592,11.96943829295924,0.9,25,25,0.6153846153846154,
125,scale_n0125,q_01,trummer_v1,30,19,14,13,1,6,0.9285714285714286,0.6842105263157895,0.7878787878787878,19.186004800954837,21,10,11,7.206343762052711,11.953247482015286,0.9,25,25,0.6153846153846154,
125,scale_n0125,q_01,trummer_v1,31,19,14,13,1,6,0.9285714285714286,0.6842105263157895,0.7878787878787878,19.169425624015275,21,10,11,7.168920720054302,11.975052145135123,0.9,25,25,0.6153846153846154,
125,scale_n0125,q_01,trummer_v1,32,19,14,13,1,6,0.9285714285714286,0.6842105263157895,0.7878787878787878,19.21841318299994,21,10,11,7.219702735019382,11.971293511916883,0.9,25,25,0.6153846153846154,
125,scale_n0125,q_01,trummer_v1,33,19,14,13,1,6,0.9285714285714286,0.6842105263157895,0.7878787878787878,19.213498810015157,21,10,11,7.203460794931743,11.983036303077824,0.9,25,25,0.6153846153846154,
125,scale_n0125,q_01,trummer_v1,34,19,14,13,1,6,0.9285714285714286,0.6842105263157895,0.7878787878787878,19.21345340803964,21,10,11,7.203691183880437,11.984921338094864,0.9,25,25,0.6153846153846154,
125,scale_n0125,q_01,trummer_v1,35,19,14,13,1,6,0.9285714285714286,0.6842105263157895,0.7878787878787878,19.24515882198466,21,10,11,7.219531287031714,11.99859463010216,0.9,25,25,0.6153846153846154,
125,scale_n0125,q_01,trummer_v1,36,19,14,13,1,6,0.9285714285714286,0.6842105263157895,0.7878787878787878,19.205167464970145,21,10,11,7.194798493990675,11.983843922091182,0.9,25,25,0.6153846153846154,
125,scale_n0125,q_01,trummer_v1,37,19,14,13,1,6,0.9285714285714286,0.6842105263157895,0.7878787878787878,19.22670899197692,21,10,11,7.210832569107879,11.9864542860887,0.9,25,25,0.6153846153846154,
125,scale_n0125,q_01,trummer_v1,38,19,14,13,1,6,0.9285714285714286,0.6842105263157895,0.7878787878787878,19.214147713966668,21,10,11,7.186846889846493,11.999210620881058,0.9,25,25,0.6153846153846154,
125,scale_n0125,q_01,trummer_v1,39,19,14,13,1,6,0.9285714285714286,0.6842105263157895,0.7878787878787878,19.296329452015925,21,10,11,7.219129109929781,12.049043343868108,0.9,25,25,0.6153846153846154,
125,scale_n0125,q_01,trummer_v1,40,19,14,13,1,6,0.9285714285714286,0.6842105263157895,0.7878787878787878,19.221195348945912,21,10,11,7.211351801990531,11.984396718966307,0.9,25,25,0.6153846153846154,
125,scale_n0125,q_01,trummer_v1,41,19,14,13,1,6,0.9285714285714286,0.6842105263157895,0.7878787878787878,19.189308708999302,21,10,11,7.18814012396615,11.973321323981509,0.9,25,25,0.6153846153846154,
125,scale_n0125,q_01,trummer_v1,42,19,14,13,1,6,0.9285714285714286,0.6842105263157895,0.7878787878787878,19.211474568000995,21,10,11,7.216333526012022,11.97010169015266,0.9,25,25,0.6153846153846154,
125,scale_n0125,q_01,trummer_v1,43,19,14,13,1,6,0.9285714285714286,0.6842105263157895,0.7878787878787878,19.177388386044186,21,10,11,7.203648745024111,11.943737476016397,0.9,25,25,0.6153846153846154,
125,scale_n0125,q_01,trummer_v1,44,19,14,13,1,6,0.9285714285714286,0.6842105263157895,0.7878787878787878,19.25982686097268,21,10,11,7.243883813964203,11.989515541004948,0.9,25,25,0.6153846153846154,
125,scale_n0125,q_01,trummer_v1,45,19,14,13,1,6,0.9285714285714286,0.6842105263157895,0.7878787878787878,19.22009164997144,21,10,11,7.222246419987641,11.97278918797383,0.9,25,25,0.6153846153846154,
125,scale_n0125,q_01,trummer_v1,46,19,14,13,1,6,0.9285714285714286,0.6842105263157895,0.7878787878787878,19.2012415289646,21,10,11,7.217792487994302,11.958041468984447,0.9,25,25,0.6153846153846154,
125,scale_n0125,q_01,trummer_v1,47,19,14,13,1,6,0.9285714285714286,0.6842105263157895,0.7878787878787878,19.21693461202085,21,10,11,7.208566235960461,11.981514310988132,0.9,25,25,0.6153846153846154,
125,scale_n0125,q_01,trummer_v1,48,19,14,13,1,6,0.9285714285714286,0.6842105263157895,0.7878787878787878,19.21515076601645,21,10,11,7.208186069095973,11.980938869935926,0.9,25,25,0.6153846153846154,
125,scale_n0125,q_01,trummer_v1,49,19,14,13,1,6,0.9285714285714286,0.6842105263157895,0.7878787878787878,19.224608552991413,21,10,11,7.194791482004803,12.002320574014448,0.9,25,25,0.6153846153846154,
125,scale_n0125,q_01,trummer_v1,50,19,14,13,1,6,0.9285714285714286,0.6842105263157895,0.7878787878787878,19.214555329002906,21,10,11,7.1806072209146805,12.007926472928377,0.9,25,25,0.6153846153846154,
125,scale_n0125,q_01,trummer_v1,51,19,14,13,1,6,0.9285714285714286,0.6842105263157895,0.7878787878787878,19.23584836500231,21,10,11,7.207672426011413,12.003292084962595,0.9,25,25,0.6153846153846154,
125,scale_n0125,q_01,trummer_v1,52,19,14,13,1,6,0.9285714285714286,0.6842105263157895,0.7878787878787878,19.22524498496205,21,10,11,7.218365269014612,11.978594387008345,0.9,25,25,0.6153846153846154,
125,scale_n0125,q_01,trummer_v1,53,19,14,13,1,6,0.9285714285714286,0.6842105263157895,0.7878787878787878,19.21709953603568,21,10,11,7.209732521965634,11.982417532999534,0.9,25,25,0.6153846153846154,
125,scale_n0125,q_01,trummer_v1,54,19,14,13,1,6,0.9285714285714286,0.6842105263157895,0.7878787878787878,19.20126938598696,21,10,11,7.16851092298748,12.006157112773508,0.9,25,25,0.6153846153846154,
125,scale_n0125,q_01,trummer_v1,55,19,14,13,1,6,0.9285714285714286,0.6842105263157895,0.7878787878787878,19.237558906024788,21,10,11,7.211858912080061,11.999352055951022,0.9,25,25,0.6153846153846154,
125,scale_n0125,q_01,trummer_v1,56,19,14,13,1,6,0.9285714285714286,0.6842105263157895,0.7878787878787878,19.195423708995804,21,10,11,7.197926850989461,11.971261410042644,0.9,25,25,0.6153846153846154,
125,scale_n0125,q_01,trummer_v1,57,19,14,13,1,6,0.9285714285714286,0.6842105263157895,0.7878787878787878,19.20872901903931,21,10,11,7.168744141992647,12.013128980004694,0.9,25,25,0.6153846153846154,
125,scale_n0125,q_01,trummer_v1,58,19,14,13,1,6,0.9285714285714286,0.6842105263157895,0.7878787878787878,19.21109440200962,21,10,11,7.205042689980473,11.978764939005488,0.9,25,25,0.6153846153846154,
125,scale_n0125,q_01,trummer_v1,59,19,14,13,1,6,0.9285714285714286,0.6842105263157895,0.7878787878787878,19.167149243003223,21,10,11,7.196180837112479,11.945331231865566,0.9,25,25,0.6153846153846154,
125,scale_n0125,q_01,trummer_v1,60,19,14,13,1,6,0.9285714285714286,0.6842105263157895,0.7878787878787878,19.19111140299356,21,10,11,7.198638534871861,11.96575744904112,0.9,25,25,0.6153846153846154,
125,scale_n0125,q_01,trummer_v1,61,19,14,13,1,6,0.9285714285714286,0.6842105263157895,0.7878787878787878,19.20138641499216,21,10,11,7.191309800022282,11.984215234057046,0.9,25,25,0.6153846153846154,
125,scale_n0125,q_01,trummer_v1,62,19,14,13,1,6,0.9285714285714286,0.6842105263157895,0.7878787878787878,19.205246383033227,21,10,11,7.227952056913637,11.949957973090932,0.9,25,25,0.6153846153846154,
125,scale_n0125,q_01,trummer_v1,63,19,14,13,1,6,0.9285714285714286,0.6842105263157895,0.7878787878787878,19.238275558978785,21,10,11,7.216900857107248,11.994495560997166,0.9,25,25,0.6153846153846154,
125,scale_n0125,q_01,trummer_v1,64,19,14,13,1,6,0.9285714285714286,0.6842105263157895,0.7878787878787878,19.177079709013924,21,10,11,7.179558919917326,11.973834019037897,0.9,25,25,0.6153846153846154,
125,scale_n0125,q_01,trummer_v1,65,19,14,13,1,6,0.9285714285714286,0.6842105263157895,0.7878787878787878,19.25557194900466,21,10,11,7.203513653832488,12.026441060064826,0.9,25,25,0.6153846153846154,
125,scale_n0125,q_01,trummer_v1,66,19,14,13,1,6,0.9285714285714286,0.6842105263157895,0.7878787878787878,19.22745488199871,21,10,11,7.241933613957372,11.96021633601049,0.9,25,25,0.6153846153846154,
125,scale_n0125,q_01,trummer_v1,67,19,14,13,1,6,0.9285714285714286,0.6842105263157895,0.7878787878787878,19.25220143905608,21,10,11,7.231364751874935,11.994847827998456,0.9,25,25,0.6153846153846154,
125,scale_n0125,q_01,trummer_v1,68,19,14,13,1,6,0.9285714285714286,0.6842105263157895,0.7878787878787878,19.14471552800387,21,10,11,7.1800810300628655,11.938620788860137,0.9,25,25,0.6153846153846154,
125,scale_n0125,q_01,trummer_v1,69,19,14,13,1,6,0.9285714285714286,0.6842105263157895,0.7878787878787878,19.21888217603555,21,10,11,7.222152475093026,11.972074959077872,0.9,25,25,0.6153846153846154,
125,scale_n0125,q_01,trummer_v1,70,19,14,13,1,6,0.9285714285714286,0.6842105263157895,0.7878787878787878,19.15794973704033,21,10,11,7.1934357740101404,11.939590477966703,0.9,25,25,0.6153846153846154,
125,scale_n0125,q_01,trummer_v1,71,19,14,13,1,6,0.9285714285714286,0.6842105263157895,0.7878787878787878,19.228432559990324,21,10,11,7.219677649904042,11.984179564053193,0.9,25,25,0.6153846153846154,
125,scale_n0125,q_01,trummer_v1,72,19,14,13,1,6,0.9285714285714286,0.6842105263157895,0.7878787878787878,19.245067750976887,21,10,11,7.211950977100059,12.007938900962472,0.9,25,25,0.6153846153846154,
125,scale_n0125,q_01,trummer_v1,73,19,14,13,1,6,0.9285714285714286,0.6842105263157895,0.7878787878787878,19.23298952297773,21,10,11,7.205863410024904,12.001760290993843,0.9,25,25,0.6153846153846154,
125,scale_n0125,q_01,trummer_v1,74,19,14,13,1,6,0.9285714285714286,0.6842105263157895,0.7878787878787878,19.19972960598534,21,10,11,7.212584002991207,11.961682682856916,0.9,25,25,0.6153846153846154,
125,scale_n0125,q_01,trummer_v1,75,19,14,13,1,6,0.9285714285714286,0.6842105263157895,0.7878787878787878,19.17583367502084,21,10,11,7.200426596973557,11.949503666895907,0.9,25,25,0.6153846153846154,
125,scale_n0125,q_01,trummer_v1,76,19,14,13,1,6,0.9285714285714286,0.6842105263157895,0.7878787878787878,19.159369884000625,21,10,11,7.188199002062902,11.947490080900025,0.9,25,25,0.6153846153846154,
125,scale_n0125,q_01,trummer_v1,77,19,14,13,1,6,0.9285714285714286,0.6842105263157895,0.7878787878787878,19.237285320006777,21,10,11,7.197433511959389,12.015973345958628,0.9,25,25,0.6153846153846154,
125,scale_n0125,q_01,trummer_v1,78,19,14,13,1,6,0.9285714285714286,0.6842105263157895,0.7878787878787878,19.270529325003736,21,10,11,7.236464143090416,12.009053057990968,0.9,25,25,0.6153846153846154,
125,scale_n0125,q_01,trummer_v1,79,19,14,13,1,6,0.9285714285714286,0.6842105263157895,0.7878787878787878,19.23942980304128,21,10,11,7.202267703076359,12.010249455983285,0.9,25,25,0.6153846153846154,
125,scale_n0125,q_01,trummer_v1,80,19,14,13,1,6,0.9285714285714286,0.6842105263157895,0.7878787878787878,19.26649524498498,21,10,11,7.245575673878193,11.994755292020272,0.9,25,25,0.6153846153846154,
125,scale_n0125,q_01,trummer_v1,81,19,14,13,1,6,0.9285714285714286,0.6842105263157895,0.7878787878787878,19.31968122703256,21,10,11,7.301849655981641,11.99207898892928,0.9,25,25,0.6153846153846154,
125,scale_n0125,q_01,trummer_v1,82,19,14,13,1,6,0.9285714285714286,0.6842105263157895,0.7878787878787878,19.249666663992684,21,10,11,7.226330265868455,11.998566704045516,0.9,25,25,0.6153846153846154,
125,scale_n0125,q_01,trummer_v1,83,19,14,13,1,6,0.9285714285714286,0.6842105263157895,0.7878787878787878,19.19051619997481,21,10,11,7.192638905951753,11.971889744105283,0.9,25,25,0.6153846153846154,
125,scale_n0125,q_01,trummer_v1,84,19,14,13,1,6,0.9285714285714286,0.6842105263157895,0.7878787878787878,19.223170209967066,21,10,11,7.2119331600843,11.983817729051225,0.9,25,25,0.6153846153846154,
125,scale_n0125,q_01,trummer_v1,85,19,14,13,1,6,0.9285714285714286,0.6842105263157895,0.7878787878787878,19.251601657946598,21,10,11,7.232073082122952,11.993250558094587,0.9,25,25,0.6153846153846154,
125,scale_n0125,q_01,trummer_v1,86,19,14,13,1,6,0.9285714285714286,0.6842105263157895,0.7878787878787878,19.184574403974693,21,10,11,7.212355445954017,11.94636011699913,0.9,25,25,0.6153846153846154,
125,scale_n0125,q_01,trummer_v1,87,19,14,13,1,6,0.9285714285714286,0.6842105263157895,0.7878787878787878,19.212209484016057,21,10,11,7.201303718029521,11.983726589009166,0.9,25,25,0.6153846153846154,
125,scale_n0125,q_01,trummer_v1,88,19,14,13,1,6,0.9285714285714286,0.6842105263157895,0.7878787878787878,19.11558588600019,21,10,11,7.1502791458624415,11.937145020114258,0.9,25,25,0.6153846153846154,
125,scale_n0125,q_01,trummer_v1,89,19,14,13,1,6,0.9285714285714286,0.6842105263157895,0.7878787878787878,19.17611366999336,21,10,11,7.191441564937122,11.95779001689516,0.9,25,25,0.6153846153846154,
125,scale_n0125,q_01,trummer_v1,90,19,14,13,1,6,0.9285714285714286,0.6842105263157895,0.7878787878787878,19.192169354995716,21,10,11,7.17642075009644,11.989572225953452,0.9,25,25,0.6153846153846154,
125,scale_n0125,q_01,trummer_v1,91,19,14,13,1,6,0.9285714285714286,0.6842105263157895,0.7878787878787878,19.184181633987464,21,10,11,7.189451871090569,11.968461406009736,0.9,25,25,0.6153846153846154,
125,scale_n0125,q_01,trummer_v1,92,19,14,13,1,6,0.9285714285714286,0.6842105263157895,0.7878787878787878,19.24058391299332,21,10,11,7.218876406957861,11.996338995872064,0.9,25,25,0.6153846153846154,
125,scale_n0125,q_01,trummer_v1,93,19,14,13,1,6,0.9285714285714286,0.6842105263157895,0.7878787878787878,19.180331063980702,21,10,11,7.199950010050088,11.953698238939978,0.9,25,25,0.6153846153846154,
125,scale_n0125,q_01,trummer_v1,94,19,14,13,1,6,0.9285714285714286,0.6842105263157895,0.7878787878787878,19.18062449200079,21,10,11,7.199286839051638,11.955499080126174,0.9,25,25,0.6153846153846154,
125,scale_n0125,q_01,trummer_v1,95,19,14,13,1,6,0.9285714285714286,0.6842105263157895,0.7878787878787878,19.16827733797254,21,10,11,7.20175914093852,11.939361303171609,0.9,25,25,0.6153846153846154,
125,scale_n0125,q_01,trummer_v1,96,19,14,13,1,6,0.9285714285714286,0.6842105263157895,0.7878787878787878,19.25030876899837,21,10,11,7.224628063093405,11.999878008966334,0.9,25,25,0.6153846153846154,
125,scale_n0125,q_01,trummer_v1,97,19,14,13,1,6,0.9285714285714286,0.6842105263157895,0.7878787878787878,19.16510359599488,21,10,11,7.163625176006462,11.975874317984562,0.9,25,25,0.6153846153846154,
125,scale_n0125,q_01,trummer_v1,98,19,14,13,1,6,0.9285714285714286,0.6842105263157895,0.7878787878787878,19.315236323978752,21,10,11,7.236941335024312,12.052986352005972,0.9,25,25,0.6153846153846154,
125,scale_n0125,q_01,trummer_v1,99,19,14,13,1,6,0.9285714285714286,0.6842105263157895,0.7878787878787878,19.24783213296905,21,10,11,7.216336802986916,12.0066168680205,0.9,25,25,0.6153846153846154,
125,scale_n0125,q_01,trummer_v1,100,19,14,13,1,6,0.9285714285714286,0.6842105263157895,0.7878787878787878,19.3065526750288,21,10,11,7.224773488123901,12.053776555985678,0.9,25,25,0.6153846153846154,
150,scale_n0150,q_01,suql_baseline,1,22,21,20,1,2,0.9523809523809524,0.9090909090909092,0.9302325581395348,28.634040774020832,74,0,74,0.0,28.60033235605806,0.9,30,0,0.0,
150,scale_n0150,q_01,suql_baseline,2,22,21,20,1,2,0.9523809523809524,0.9090909090909092,0.9302325581395348,28.74454424501164,74,0,74,0.0,28.704755867191125,0.9,30,0,0.0,
150,scale_n0150,q_01,suql_baseline,3,22,21,20,1,2,0.9523809523809524,0.9090909090909092,0.9302325581395348,28.72168643999612,74,0,74,0.0,28.685592942580115,0.9,30,0,0.0,
150,scale_n0150,q_01,suql_baseline,4,22,21,20,1,2,0.9523809523809524,0.9090909090909092,0.9302325581395348,28.657981491007376,74,0,74,0.0,28.62037977500586,0.9,30,0,0.0,
150,scale_n0150,q_01,suql_baseline,5,22,21,20,1,2,0.9523809523809524,0.9090909090909092,0.9302325581395348,28.59853972104611,74,0,74,0.0,28.56262537796283,0.9,30,0,0.0,
150,scale_n0150,q_01,suql_baseline,6,22,21,20,1,2,0.9523809523809524,0.9090909090909092,0.9302325581395348,28.44421806599712,74,0,74,0.0,28.409943974227645,0.9,30,0,0.0,
150,scale_n0150,q_01,suql_baseline,7,22,21,20,1,2,0.9523809523809524,0.9090909090909092,0.9302325581395348,28.57769068900961,74,0,74,0.0,28.541617777082138,0.9,30,0,0.0,
150,scale_n0150,q_01,suql_baseline,8,22,21,20,1,2,0.9523809523809524,0.9090909090909092,0.9302325581395348,28.444386441027746,74,0,74,0.0,28.409561909968037,0.9,30,0,0.0,
150,scale_n0150,q_01,suql_baseline,9,22,21,20,1,2,0.9523809523809524,0.9090909090909092,0.9302325581395348,28.510350894008297,74,0,74,0.0,28.474544266879093,0.9,30,0,0.0,
150,scale_n0150,q_01,suql_baseline,10,22,21,20,1,2,0.9523809523809524,0.9090909090909092,0.9302325581395348,28.64466683199862,74,0,74,0.0,28.609304584853817,0.9,30,0,0.0,
150,scale_n0150,q_01,suql_baseline,11,22,21,20,1,2,0.9523809523809524,0.9090909090909092,0.9302325581395348,28.585571711009838,74,0,74,0.0,28.550880030961707,0.9,30,0,0.0,
150,scale_n0150,q_01,suql_baseline,12,22,21,20,1,2,0.9523809523809524,0.9090909090909092,0.9302325581395348,28.707259856979363,74,0,74,0.0,28.67367711319821,0.9,30,0,0.0,
150,scale_n0150,q_01,suql_baseline,13,22,21,20,1,2,0.9523809523809524,0.9090909090909092,0.9302325581395348,28.702677402994595,74,0,74,0.0,28.668036324961577,0.9,30,0,0.0,
150,scale_n0150,q_01,suql_baseline,14,22,21,20,1,2,0.9523809523809524,0.9090909090909092,0.9302325581395348,28.644456677953716,74,0,74,0.0,28.607436047226656,0.9,30,0,0.0,
150,scale_n0150,q_01,suql_baseline,15,22,21,20,1,2,0.9523809523809524,0.9090909090909092,0.9302325581395348,28.53337472601561,74,0,74,0.0,28.498805119947065,0.9,30,0,0.0,
150,scale_n0150,q_01,suql_baseline,16,22,21,20,1,2,0.9523809523809524,0.9090909090909092,0.9302325581395348,28.78088076703716,74,0,74,0.0,28.74515285686357,0.9,30,0,0.0,
150,scale_n0150,q_01,suql_baseline,17,22,21,20,1,2,0.9523809523809524,0.9090909090909092,0.9302325581395348,28.725484019028958,74,0,74,0.0,28.689491472032387,0.9,30,0,0.0,
150,scale_n0150,q_01,suql_baseline,18,22,21,20,1,2,0.9523809523809524,0.9090909090909092,0.9302325581395348,28.72780072002206,74,0,74,0.0,28.691670025873464,0.9,30,0,0.0,
150,scale_n0150,q_01,suql_baseline,19,22,21,20,1,2,0.9523809523809524,0.9090909090909092,0.9302325581395348,28.73781537998002,74,0,74,0.0,28.701716570882127,0.9,30,0,0.0,
150,scale_n0150,q_01,suql_baseline,20,22,21,20,1,2,0.9523809523809524,0.9090909090909092,0.9302325581395348,28.75715397298336,74,0,74,0.0,28.7225721469149,0.9,30,0,0.0,
150,scale_n0150,q_01,suql_baseline,21,22,21,20,1,2,0.9523809523809524,0.9090909090909092,0.9302325581395348,28.63485924701672,74,0,74,0.0,28.60117537807673,0.9,30,0,0.0,
150,scale_n0150,q_01,suql_baseline,22,22,21,20,1,2,0.9523809523809524,0.9090909090909092,0.9302325581395348,28.70502282399684,74,0,74,0.0,28.67117297113873,0.9,30,0,0.0,
150,scale_n0150,q_01,suql_baseline,23,22,21,20,1,2,0.9523809523809524,0.9090909090909092,0.9302325581395348,28.893021826050244,74,0,74,0.0,28.85698264464736,0.9,30,0,0.0,
150,scale_n0150,q_01,suql_baseline,24,22,21,20,1,2,0.9523809523809524,0.9090909090909092,0.9302325581395348,28.774281324003823,74,0,74,0.0,28.74005784717156,0.9,30,0,0.0,
150,scale_n0150,q_01,suql_baseline,25,22,21,20,1,2,0.9523809523809524,0.9090909090909092,0.9302325581395348,28.66197293798905,74,0,74,0.0,28.627310562995262,0.9,30,0,0.0,
150,scale_n0150,q_01,suql_baseline,26,22,21,20,1,2,0.9523809523809524,0.9090909090909092,0.9302325581395348,28.78638911503367,74,0,74,0.0,28.752543646784037,0.9,30,0,0.0,
150,scale_n0150,q_01,suql_baseline,27,22,21,20,1,2,0.9523809523809524,0.9090909090909092,0.9302325581395348,28.86897302500438,74,0,74,0.0,28.83442379004555,0.9,30,0,0.0,
150,scale_n0150,q_01,suql_baseline,28,22,21,20,1,2,0.9523809523809524,0.9090909090909092,0.9302325581395348,28.92163491097745,74,0,74,0.0,28.88728124788031,0.9,30,0,0.0,
150,scale_n0150,q_01,suql_baseline,29,22,21,20,1,2,0.9523809523809524,0.9090909090909092,0.9302325581395348,28.54390659299679,74,0,74,0.0,28.51017091923859,0.9,30,0,0.0,
150,scale_n0150,q_01,suql_baseline,30,22,21,20,1,2,0.9523809523809524,0.9090909090909092,0.9302325581395348,28.641378854983486,74,0,74,0.0,28.60580911382567,0.9,30,0,0.0,
150,scale_n0150,q_01,suql_baseline,31,22,21,20,1,2,0.9523809523809524,0.9090909090909092,0.9302325581395348,28.80154732201481,74,0,74,0.0,28.766062402748503,0.9,30,0,0.0,
150,scale_n0150,q_01,suql_baseline,32,22,21,20,1,2,0.9523809523809524,0.9090909090909092,0.9302325581395348,28.715337670000736,74,0,74,0.0,28.680053994059563,0.9,30,0,0.0,
150,scale_n0150,q_01,suql_baseline,33,22,21,20,1,2,0.9523809523809524,0.9090909090909092,0.9302325581395348,28.616374341014307,74,0,74,0.0,28.581869422341697,0.9,30,0,0.0,
150,scale_n0150,q_01,suql_baseline,34,22,21,20,1,2,0.9523809523809524,0.9090909090909092,0.9302325581395348,28.565464261977468,74,0,74,0.0,28.530952063272707,0.9,30,0,0.0,
150,scale_n0150,q_01,suql_baseline,35,22,21,20,1,2,0.9523809523809524,0.9090909090909092,0.9302325581395348,28.77611069305567,74,0,74,0.0,28.7398644828354,0.9,30,0,0.0,
150,scale_n0150,q_01,suql_baseline,36,22,21,20,1,2,0.9523809523809524,0.9090909090909092,0.9302325581395348,28.598236839985475,74,0,74,0.0,28.5619337875396,0.9,30,0,0.0,
150,scale_n0150,q_01,suql_baseline,37,22,21,20,1,2,0.9523809523809524,0.9090909090909092,0.9302325581395348,28.59671477001393,74,0,74,0.0,28.560381559305824,0.9,30,0,0.0,
150,scale_n0150,q_01,suql_baseline,38,22,21,20,1,2,0.9523809523809524,0.9090909090909092,0.9302325581395348,28.76426204497693,74,0,74,0.0,28.73060929880012,0.9,30,0,0.0,
150,scale_n0150,q_01,suql_baseline,39,22,21,20,1,2,0.9523809523809524,0.9090909090909092,0.9302325581395348,28.84504339599516,74,0,74,0.0,28.80795406794641,0.9,30,0,0.0,
150,scale_n0150,q_01,suql_baseline,40,22,21,20,1,2,0.9523809523809524,0.9090909090909092,0.9302325581395348,28.61454544396838,74,0,74,0.0,28.579452110279817,0.9,30,0,0.0,
150,scale_n0150,q_01,suql_baseline,41,22,21,20,1,2,0.9523809523809524,0.9090909090909092,0.9302325581395348,28.66427964501781,74,0,74,0.0,28.62675186508568,0.9,30,0,0.0,
150,scale_n0150,q_01,suql_baseline,42,22,21,20,1,2,0.9523809523809524,0.9090909090909092,0.9302325581395348,28.72867205698276,74,0,74,0.0,28.693283556145616,0.9,30,0,0.0,
150,scale_n0150,q_01,suql_baseline,43,22,21,20,1,2,0.9523809523809524,0.9090909090909092,0.9302325581395348,28.73160293599358,74,0,74,0.0,28.69611270178575,0.9,30,0,0.0,
150,scale_n0150,q_01,suql_baseline,44,22,21,20,1,2,0.9523809523809524,0.9090909090909092,0.9302325581395348,28.50932632002514,74,0,74,0.0,28.47513761895243,0.9,30,0,0.0,
150,scale_n0150,q_01,suql_baseline,45,22,21,20,1,2,0.9523809523809524,0.9090909090909092,0.9302325581395348,28.671039895969443,74,0,74,0.0,28.63258322392357,0.9,30,0,0.0,
150,scale_n0150,q_01,suql_baseline,46,22,21,20,1,2,0.9523809523809524,0.9090909090909092,0.9302325581395348,28.656002248986624,74,0,74,0.0,28.62010165088577,0.9,30,0,0.0,
150,scale_n0150,q_01,suql_baseline,47,22,21,20,1,2,0.9523809523809524,0.9090909090909092,0.9302325581395348,28.71027978300117,74,0,74,0.0,28.67353679490043,0.9,30,0,0.0,
150,scale_n0150,q_01,suql_baseline,48,22,21,20,1,2,0.9523809523809524,0.9090909090909092,0.9302325581395348,28.552886018005665,74,0,74,0.0,28.520296886155847,0.9,30,0,0.0,
150,scale_n0150,q_01,suql_baseline,49,22,21,20,1,2,0.9523809523809524,0.9090909090909092,0.9302325581395348,28.620017209963407,74,0,74,0.0,28.58633515506517,0.9,30,0,0.0,
150,scale_n0150,q_01,suql_baseline,50,22,21,20,1,2,0.9523809523809524,0.9090909090909092,0.9302325581395348,28.705441684986,74,0,74,0.0,28.66937720630085,0.9,30,0,0.0,
150,scale_n0150,q_01,suql_baseline,51,22,21,20,1,2,0.9523809523809524,0.9090909090909092,0.9302325581395348,28.76428294600919,74,0,74,0.0,28.73220428591594,0.9,30,0,0.0,
150,scale_n0150,q_01,suql_baseline,52,22,21,20,1,2,0.9523809523809524,0.9090909090909092,0.9302325581395348,28.750946472981013,74,0,74,0.0,28.71610218205024,0.9,30,0,0.0,
150,scale_n0150,q_01,suql_baseline,53,22,21,20,1,2,0.9523809523809524,0.9090909090909092,0.9302325581395348,28.791998118977062,74,0,74,0.0,28.75642075203359,0.9,30,0,0.0,
150,scale_n0150,q_01,suql_baseline,54,22,21,20,1,2,0.9523809523809524,0.9090909090909092,0.9302325581395348,28.654851590050384,74,0,74,0.0,28.61995248339372,0.9,30,0,0.0,
150,scale_n0150,q_01,suql_baseline,55,22,21,20,1,2,0.9523809523809524,0.9090909090909092,0.9302325581395348,28.74882883601822,74,0,74,0.0,28.71392628538888,0.9,30,0,0.0,
150,scale_n0150,q_01,suql_baseline,56,22,21,20,1,2,0.9523809523809524,0.9090909090909092,0.9302325581395348,28.571518545039,74,0,74,0.0,28.53699772298569,0.9,30,0,0.0,
150,scale_n0150,q_01,suql_baseline,57,22,21,20,1,2,0.9523809523809524,0.9090909090909092,0.9302325581395348,28.54462128999876,74,0,74,0.0,28.510526618745644,0.9,30,0,0.0,
150,scale_n0150,q_01,suql_baseline,58,22,21,20,1,2,0.9523809523809524,0.9090909090909092,0.9302325581395348,28.638922123005614,74,0,74,0.0,28.605148409842517,0.9,30,0,0.0,
150,scale_n0150,q_01,suql_baseline,59,22,21,20,1,2,0.9523809523809524,0.9090909090909092,0.9302325581395348,28.638669590989597,74,0,74,0.0,28.60336413484765,0.9,30,0,0.0,
150,scale_n0150,q_01,suql_baseline,60,22,21,20,1,2,0.9523809523809524,0.9090909090909092,0.9302325581395348,28.429665940988343,74,0,74,0.0,28.395423142355867,0.9,30,0,0.0,
150,scale_n0150,q_01,suql_baseline,61,22,21,20,1,2,0.9523809523809524,0.9090909090909092,0.9302325581395348,28.48102102498524,74,0,74,0.0,28.44549076113617,0.9,30,0,0.0,
150,scale_n0150,q_01,suql_baseline,62,22,21,20,1,2,0.9523809523809524,0.9090909090909092,0.9302325581395348,28.475133298023135,74,0,74,0.0,28.43675285880454,0.9,30,0,0.0,
150,scale_n0150,q_01,suql_baseline,63,22,21,20,1,2,0.9523809523809524,0.9090909090909092,0.9302325581395348,28.45139018399641,74,0,74,0.0,28.41738255386008,0.9,30,0,0.0,
150,scale_n0150,q_01,suql_baseline,64,22,21,20,1,2,0.9523809523809524,0.9090909090909092,0.9302325581395348,28.411914660944603,74,0,74,0.0,28.37214578740532,0.9,30,0,0.0,
150,scale_n0150,q_01,suql_baseline,65,22,21,20,1,2,0.9523809523809524,0.9090909090909092,0.9302325581395348,28.55644399102312,74,0,74,0.0,28.518731200136244,0.9,30,0,0.0,
150,scale_n0150,q_01,suql_baseline,66,22,21,20,1,2,0.9523809523809524,0.9090909090909092,0.9302325581395348,28.49658418004401,74,0,74,0.0,28.46168173640035,0.9,30,0,0.0,
150,scale_n0150,q_01,suql_baseline,67,22,21,20,1,2,0.9523809523809524,0.9090909090909092,0.9302325581395348,28.575713575002737,74,0,74,0.0,28.53876220289385,0.9,30,0,0.0,
150,scale_n0150,q_01,suql_baseline,68,22,21,20,1,2,0.9523809523809524,0.9090909090909092,0.9302325581395348,28.54915894404985,74,0,74,0.0,28.516544575977605,0.9,30,0,0.0,
150,scale_n0150,q_01,suql_baseline,69,22,21,20,1,2,0.9523809523809524,0.9090909090909092,0.9302325581395348,28.47814613301307,74,0,74,0.0,28.439270923438016,0.9,30,0,0.0,
150,scale_n0150,q_01,suql_baseline,70,22,21,20,1,2,0.9523809523809524,0.9090909090909092,0.9302325581395348,28.401466680981684,74,0,74,0.0,28.367237187863797,0.9,30,0,0.0,
150,scale_n0150,q_01,suql_baseline,71,22,21,20,1,2,0.9523809523809524,0.9090909090909092,0.9302325581395348,28.33497955900384,74,0,74,0.0,28.30074615799822,0.9,30,0,0.0,
150,scale_n0150,q_01,suql_baseline,72,22,21,20,1,2,0.9523809523809524,0.9090909090909092,0.9302325581395348,28.29825854703085,74,0,74,0.0,28.263853310025297,0.9,30,0,0.0,
150,scale_n0150,q_01,suql_baseline,73,22,21,20,1,2,0.9523809523809524,0.9090909090909092,0.9302325581395348,28.37843465403421,74,0,74,0.0,28.34462704829639,0.9,30,0,0.0,
150,scale_n0150,q_01,suql_baseline,74,22,21,20,1,2,0.9523809523809524,0.9090909090909092,0.9302325581395348,28.5664331469452,74,0,74,0.0,28.53162394202081,0.9,30,0,0.0,
150,scale_n0150,q_01,suql_baseline,75,22,21,20,1,2,0.9523809523809524,0.9090909090909092,0.9302325581395348,28.573321597999893,74,0,74,0.0,28.53863271215232,0.9,30,0,0.0,
150,scale_n0150,q_01,suql_baseline,76,22,21,20,1,2,0.9523809523809524,0.9090909090909092,0.9302325581395348,28.491971098002978,74,0,74,0.0,28.45889497589087,0.9,30,0,0.0,
150,scale_n0150,q_01,suql_baseline,77,22,21,20,1,2,0.9523809523809524,0.9090909090909092,0.9302325581395348,28.509268949972466,74,0,74,0.0,28.473741636204068,0.9,30,0,0.0,
150,scale_n0150,q_01,suql_baseline,78,22,21,20,1,2,0.9523809523809524,0.9090909090909092,0.9302325581395348,28.501083509996533,74,0,74,0.0,28.466971250250936,0.9,30,0,0.0,
150,scale_n0150,q_01,suql_baseline,79,22,21,20,1,2,0.9523809523809524,0.9090909090909092,0.9302325581395348,28.46230429998832,74,0,74,0.0,28.428252301120665,0.9,30,0,0.0,
150,scale_n0150,q_01,suql_baseline,80,22,21,20,1,2,0.9523809523809524,0.9090909090909092,0.9302325581395348,28.59984722099034,74,0,74,0.0,28.564036550873425,0.9,30,0,0.0,
150,scale_n0150,q_01,suql_baseline,81,22,21,20,1,2,0.9523809523809524,0.9090909090909092,0.9302325581395348,28.515857195016,74,0,74,0.0,28.48084738181205,0.9,30,0,0.0,
150,scale_n0150,q_01,suql_baseline,82,22,21,20,1,2,0.9523809523809524,0.9090909090909092,0.9302325581395348,28.44881842500763,74,0,74,0.0,28.413645601947792,0.9,30,0,0.0,
150,scale_n0150,q_01,suql_baseline,83,22,21,20,1,2,0.9523809523809524,0.9090909090909092,0.9302325581395348,28.42249632900348,74,0,74,0.0,28.38782038394129,0.9,30,0,0.0,
150,scale_n0150,q_01,suql_baseline,84,22,21,20,1,2,0.9523809523809524,0.9090909090909092,0.9302325581395348,28.50002635200508,74,0,74,0.0,28.46243879996473,0.9,30,0,0.0,
150,scale_n0150,q_01,suql_baseline,85,22,21,20,1,2,0.9523809523809524,0.9090909090909092,0.9302325581395348,28.446911969978828,74,0,74,0.0,28.411966259824112,0.9,30,0,0.0,
150,scale_n0150,q_01,suql_baseline,86,22,21,20,1,2,0.9523809523809524,0.9090909090909092,0.9302325581395348,28.333275940967724,74,0,74,0.0,28.298898477922197,0.9,30,0,0.0,
150,scale_n0150,q_01,suql_baseline,87,22,21,20,1,2,0.9523809523809524,0.9090909090909092,0.9302325581395348,28.435007850988768,74,0,74,0.0,28.402501458942425,0.9,30,0,0.0,
150,scale_n0150,q_01,suql_baseline,88,22,21,20,1,2,0.9523809523809524,0.9090909090909092,0.9302325581395348,28.556898868002463,74,0,74,0.0,28.52207614207873,0.9,30,0,0.0,
150,scale_n0150,q_01,suql_baseline,89,22,21,20,1,2,0.9523809523809524,0.9090909090909092,0.9302325581395348,28.383489461033605,74,0,74,0.0,28.348840125952847,0.9,30,0,0.0,
150,scale_n0150,q_01,suql_baseline,90,22,21,20,1,2,0.9523809523809524,0.9090909090909092,0.9302325581395348,28.460343648970596,74,0,74,0.0,28.423362934205212,0.9,30,0,0.0,
150,scale_n0150,q_01,suql_baseline,91,22,21,20,1,2,0.9523809523809524,0.9090909090909092,0.9302325581395348,28.350498118030373,74,0,74,0.0,28.317571344901808,0.9,30,0,0.0,
150,scale_n0150,q_01,suql_baseline,92,22,21,20,1,2,0.9523809523809524,0.9090909090909092,0.9302325581395348,28.421359580010176,74,0,74,0.0,28.38731847191229,0.9,30,0,0.0,
150,scale_n0150,q_01,suql_baseline,93,22,21,20,1,2,0.9523809523809524,0.9090909090909092,0.9302325581395348,28.47947469103383,74,0,74,0.0,28.44543730677105,0.9,30,0,0.0,
150,scale_n0150,q_01,suql_baseline,94,22,21,20,1,2,0.9523809523809524,0.9090909090909092,0.9302325581395348,28.407125554978848,74,0,74,0.0,28.372136890131515,0.9,30,0,0.0,
150,scale_n0150,q_01,suql_baseline,95,22,21,20,1,2,0.9523809523809524,0.9090909090909092,0.9302325581395348,28.480238750984427,74,0,74,0.0,28.446320510818623,0.9,30,0,0.0,
150,scale_n0150,q_01,suql_baseline,96,22,21,20,1,2,0.9523809523809524,0.9090909090909092,0.9302325581395348,28.565763956983574,74,0,74,0.0,28.53206852183212,0.9,30,0,0.0,
150,scale_n0150,q_01,suql_baseline,97,22,21,20,1,2,0.9523809523809524,0.9090909090909092,0.9302325581395348,28.46626814897172,74,0,74,0.0,28.432418932789005,0.9,30,0,0.0,
150,scale_n0150,q_01,suql_baseline,98,22,21,20,1,2,0.9523809523809524,0.9090909090909092,0.9302325581395348,28.46409226598917,74,0,74,0.0,28.43064082012279,0.9,30,0,0.0,
150,scale_n0150,q_01,suql_baseline,99,22,21,20,1,2,0.9523809523809524,0.9090909090909092,0.9302325581395348,28.43356325197965,74,0,74,0.0,28.39838661893737,0.9,30,0,0.0,
150,scale_n0150,q_01,suql_baseline,100,22,21,20,1,2,0.9523809523809524,0.9090909090909092,0.9302325581395348,28.61394540895708,74,0,74,0.0,28.57884174096398,0.9,30,0,0.0,
150,scale_n0150,q_01,trummer_v1,1,22,22,21,1,1,0.9545454545454546,0.9545454545454546,0.9545454545454546,17.888741770002525,16,11,5,10.279145982989576,7.587630771915428,0.9,30,30,0.8421052631578947,
150,scale_n0150,q_01,trummer_v1,2,22,16,15,1,7,0.9375,0.6818181818181818,0.7894736842105263,16.80916778399842,16,11,5,8.225448751996737,8.561488409992307,0.9,30,30,0.8888888888888888,
150,scale_n0150,q_01,trummer_v1,3,22,16,15,1,7,0.9375,0.6818181818181818,0.7894736842105263,16.741698211990297,16,11,5,8.157979257812258,8.563525375036988,0.9,30,30,0.8888888888888888,
150,scale_n0150,q_01,trummer_v1,4,22,16,15,1,7,0.9375,0.6818181818181818,0.7894736842105263,16.693751638988033,16,11,5,8.15562078799121,8.517094615031965,0.9,30,30,0.8888888888888888,
150,scale_n0150,q_01,trummer_v1,5,22,16,15,1,7,0.9375,0.6818181818181818,0.7894736842105263,16.78068828600226,16,11,5,8.222589901124593,8.53746422601398,0.9,30,30,0.8888888888888888,
150,scale_n0150,q_01,trummer_v1,6,22,16,15,1,7,0.9375,0.6818181818181818,0.7894736842105263,16.816378741990775,16,11,5,8.21646037400933,8.580672974057961,0.9,30,30,0.8888888888888888,
150,scale_n0150,q_01,trummer_v1,7,22,16,15,1,7,0.9375,0.6818181818181818,0.7894736842105263,16.836501747951843,16,11,5,8.233477036934346,8.582705073058605,0.9,30,30,0.8888888888888888,
150,scale_n0150,q_01,trummer_v1,8,22,16,15,1,7,0.9375,0.6818181818181818,0.7894736842105263,16.8082419129787,16,11,5,8.226488230982795,8.560233419004362,0.9,30,30,0.8888888888888888,
150,scale_n0150,q_01,trummer_v1,9,22,16,15,1,7,0.9375,0.6818181818181818,0.7894736842105263,16.785318646987434,16,11,5,8.200156140082981,8.562042747042142,0.9,30,30,0.8888888888888888,
150,scale_n0150,q_01,trummer_v1,10,22,16,15,1,7,0.9375,0.6818181818181818,0.7894736842105263,16.772867976978887,16,11,5,8.196086570911575,8.556103416078258,0.9,30,30,0.8888888888888888,
150,scale_n0150,q_01,trummer_v1,11,22,16,15,1,7,0.9375,0.6818181818181818,0.7894736842105263,16.80048367899144,16,11,5,8.212177595007233,8.567323166003916,0.9,30,30,0.8888888888888888,
150,scale_n0150,q_01,trummer_v1,12,22,16,15,1,7,0.9375,0.6818181818181818,0.7894736842105263,16.791427363001276,16,11,5,8.20723562600324,8.563965085952077,0.9,30,30,0.8888888888888888,
150,scale_n0150,q_01,trummer_v1,13,22,16,15,1,7,0.9375,0.6818181818181818,0.7894736842105263,16.83543592999922,16,11,5,8.23611965595046,8.578115945041645,0.9,30,30,0.8888888888888888,
150,scale_n0150,q_01,trummer_v1,14,22,16,15,1,7,0.9375,0.6818181818181818,0.7894736842105263,16.78223363601137,16,11,5,8.192792850139085,8.569380723056383,0.9,30,30,0.8888888888888888,
150,scale_n0150,q_01,trummer_v1,15,22,16,15,1,7,0.9375,0.6818181818181818,0.7894736842105263,16.73993852804415,16,11,5,8.169775153044611,8.548956986924168,0.9,30,30,0.8888888888888888,
150,scale_n0150,q_01,trummer_v1,16,22,16,15,1,7,0.9375,0.6818181818181818,0.7894736842105263,16.748889068956487,16,11,5,8.180266574956477,8.548417359939776,0.9,30,30,0.8888888888888888,
150,scale_n0150,q_01,trummer_v1,17,22,16,15,1,7,0.9375,0.6818181818181818,0.7894736842105263,16.834865215001628,16,11,5,8.237666900909971,8.57682295102859,0.9,30,30,0.8888888888888888,
150,scale_n0150,q_01,trummer_v1,18,22,16,15,1,7,0.9375,0.6818181818181818,0.7894736842105263,16.847408010973595,16,11,5,8.226699857972562,8.599535406916402,0.9,30,30,0.8888888888888888,
150,scale_n0150,q_01,trummer_v1,19,22,16,15,1,7,0.9375,0.6818181818181818,0.7894736842105263,16.877460705989506,16,11,5,8.256978170131333,8.600211443030275,0.9,30,30,0.8888888888888888,
150,scale_n0150,q_01,trummer_v1,20,22,16,15,1,7,0.9375,0.6818181818181818,0.7894736842105263,16.760461184952874,16,11,5,8.185559378936887,8.553565279988106,0.9,30,30,0.8888888888888888,
150,scale_n0150,q_01,trummer_v1,21,22,16,15,1,7,0.9375,0.6818181818181818,0.7894736842105263,16.69198032398708,16,11,5,8.131515883083921,8.539481583924498,0.9,30,30,0.8888888888888888,
150,scale_n0150,q_01,trummer_v1,22,22,16,15,1,7,0.9375,0.6818181818181818,0.7894736842105263,16.749542399018537,16,11,5,8.179043934913352,8.550081683089957,0.9,30,30,0.8888888888888888,
150,scale_n0150,q_01,trummer_v1,23,22,16,15,1,7,0.9375,0.6818181818181818,0.7894736842105263,16.75831741397269,16,11,5,8.177597741945647,8.558552200032864,0.9,30,30,0.8888888888888888,
150,scale_n0150,q_01,trummer_v1,24,22,16,15,1,7,0.9375,0.6818181818181818,0.7894736842105263,16.798139768012334,16,11,5,8.198493831034284,8.578190512082074,0.9,30,30,0.8888888888888888,
150,scale_n0150,q_01,trummer_v1,25,22,16,15,1,7,0.9375,0.6818181818181818,0.7894736842105263,16.772219837002922,16,11,5,8.187801749969367,8.56402359699132,0.9,30,30,0.8888888888888888,
150,scale_n0150,q_01,trummer_v1,26,22,16,15,1,7,0.9375,0.6818181818181818,0.7894736842105263,16.87285988399526,16,11,5,8.23799777199747,8.613696051994339,0.9,30,30,0.8888888888888888,
150,scale_n0150,q_01,trummer_v1,27,22,16,15,1,7,0.9375,0.6818181818181818,0.7894736842105263,16.822915924014524,16,11,5,8.24285837187199,8.558348347083665,0.9,30,30,0.8888888888888888,
150,scale_n0150,q_01,trummer_v1,28,22,16,15,1,7,0.9375,0.6818181818181818,0.7894736842105263,16.749146275979,16,11,5,8.171566877979785,8.55791507603135,0.9,30,30,0.8888888888888888,
150,scale_n0150,q_01,trummer_v1,29,22,16,15,1,7,0.9375,0.6818181818181818,0.7894736842105263,16.73807179601863,16,11,5,8.16618589614518,8.55085008306196,0.9,30,30,0.8888888888888888,
150,scale_n0150,q_01,trummer_v1,30,22,16,15,1,7,0.9375,0.6818181818181818,0.7894736842105263,16.787773797055706,16,11,5,8.187798830040265,8.579197109967936,0.9,30,30,0.8888888888888888,
150,scale_n0150,q_01,trummer_v1,31,22,16,15,1,7,0.9375,0.6818181818181818,0.7894736842105263,16.877144403988495,16,11,5,8.256822126975749,8.599385156994686,0.9,30,30,0.8888888888888888,
150,scale_n0150,q_01,trummer_v1,32,22,16,15,1,7,0.9375,0.6818181818181818,0.7894736842105263,16.788292323995847,16,11,5,8.18932118685916,8.5782810569508,0.9,30,30,0.8888888888888888,
150,scale_n0150,q_01,trummer_v1,33,22,16,15,1,7,0.9375,0.6818181818181818,0.7894736842105263,16.787311921012588,16,11,5,8.201632597891148,8.564704746124335,0.9,30,30,0.8888888888888888,
150,scale_n0150,q_01,trummer_v1,34,22,16,15,1,7,0.9375,0.6818181818181818,0.7894736842105263,16.822516286978498,16,11,5,8.21874800696969,8.581777956977021,0.9,30,30,0.8888888888888888,
150,scale_n0150,q_01,trummer_v1,35,22,16,15,1,7,0.9375,0.6818181818181818,0.7894736842105263,16.88256465602899,16,11,5,8.251820762001444,8.610143413883634,0.9,30,30,0.8888888888888888,
150,scale_n0150,q_01,trummer_v1,36,22,16,15,1,7,0.9375,0.6818181818181818,0.7894736842105263,16.768081763002556,16,11,5,8.175911133992486,8.572162867058069,0.9,30,30,0.8888888888888888,
150,scale_n0150,q_01,trummer_v1,37,22,16,15,1,7,0.9375,0.6818181818181818,0.7894736842105263,16.783849963976536,16,11,5,8.17567833996145,8.586386786948424,0.9,30,30,0.8888888888888888,
150,scale_n0150,q_01,trummer_v1,38,22,16,15,1,7,0.9375,0.6818181818181818,0.7894736842105263,16.77246935898438,16,11,5,8.171232933993451,8.579936078982428,0.9,30,30,0.8888888888888888,
150,scale_n0150,q_01,trummer_v1,39,22,16,15,1,7,0.9375,0.6818181818181818,0.7894736842105263,16.744195250037592,16,11,5,8.184319227002561,8.538976813026238,0.9,30,30,0.8888888888888888,
150,scale_n0150,q_01,trummer_v1,40,22,16,15,1,7,0.9375,0.6818181818181818,0.7894736842105263,16.80898386798799,16,11,5,8.208865279972088,8.580187787942123,0.9,30,30,0.8888888888888888,
150,scale_n0150,q_01,trummer_v1,41,22,16,15,1,7,0.9375,0.6818181818181818,0.7894736842105263,16.81796094297897,16,11,5,8.223340708005708,8.57251269405242,0.9,30,30,0.8888888888888888,
150,scale_n0150,q_01,trummer_v1,42,22,16,15,1,7,0.9375,0.6818181818181818,0.7894736842105263,16.822450858948287,16,11,5,8.223796854144894,8.576964789885096,0.9,30,30,0.8888888888888888,
150,scale_n0150,q_01,trummer_v1,43,22,16,15,1,7,0.9375,0.6818181818181818,0.7894736842105263,16.808818978024647,16,11,5,8.194593160005752,8.593554279010277,0.9,30,30,0.8888888888888888,
150,scale_n0150,q_01,trummer_v1,44,22,16,15,1,7,0.9375,0.6818181818181818,0.7894736842105263,16.825939081027173,16,11,5,8.21548380103195,8.58953502093209,0.9,30,30,0.8888888888888888,
150,scale_n0150,q_01,trummer_v1,45,22,16,15,1,7,0.9375,0.6818181818181818,0.7894736842105263,16.772458266990725,16,11,5,8.183075602108147,8.568941603065468,0.9,30,30,0.8888888888888888,
150,scale_n0150,q_01,trummer_v1,46,22,16,15,1,7,0.9375,0.6818181818181818,0.7894736842105263,16.742852900992148,16,11,5,8.180026998044923,8.542286991956644,0.9,30,30,0.8888888888888888,
150,scale_n0150,q_01,trummer_v1,47,22,16,15,1,7,0.9375,0.6818181818181818,0.7894736842105263,16.7903530439944,16,11,5,8.215485864027869,8.553239883913193,0.9,30,30,0.8888888888888888,
150,scale_n0150,q_01,trummer_v1,48,22,16,15,1,7,0.9375,0.6818181818181818,0.7894736842105263,16.80028628295986,16,11,5,8.207631547935307,8.571019389957655,0.9,30,30,0.8888888888888888,
150,scale_n0150,q_01,trummer_v1,49,22,16,15,1,7,0.9375,0.6818181818181818,0.7894736842105263,16.815850329992827,16,11,5,8.212720981100574,8.58126683102455,0.9,30,30,0.8888888888888888,
150,scale_n0150,q_01,trummer_v1,50,22,16,15,1,7,0.9375,0.6818181818181818,0.7894736842105263,16.851342590001877,16,11,5,8.259222812950611,8.572310532967094,0.9,30,30,0.8888888888888888,
150,scale_n0150,q_01,trummer_v1,51,22,16,15,1,7,0.9375,0.6818181818181818,0.7894736842105263,16.773453028989024,16,11,5,8.185319757030811,8.56612193910405,0.9,30,30,0.8888888888888888,
150,scale_n0150,q_01,trummer_v1,52,22,16,15,1,7,0.9375,0.6818181818181818,0.7894736842105263,16.74378258199431,16,11,5,8.18066498596454,8.5434064300498,0.9,30,30,0.8888888888888888,
150,scale_n0150,q_01,trummer_v1,53,22,16,15,1,7,0.9375,0.6818181818181818,0.7894736842105263,16.788461915042717,16,11,5,8.198858480085619,8.568504356080666,0.9,30,30,0.8888888888888888,
150,scale_n0150,q_01,trummer_v1,54,22,16,15,1,7,0.9375,0.6818181818181818,0.7894736842105263,16.776786955015268,16,11,5,8.16935562697472,8.585640265140682,0.9,30,30,0.8888888888888888,
150,scale_n0150,q_01,trummer_v1,55,22,16,15,1,7,0.9375,0.6818181818181818,0.7894736842105263,16.86842627596343,16,11,5,8.250293225981295,8.595885487098712,0.9,30,30,0.8888888888888888,
150,scale_n0150,q_01,trummer_v1,56,22,16,15,1,7,0.9375,0.6818181818181818,0.7894736842105263,16.86539458401967,16,11,5,8.233538295084145,8.609659516892862,0.9,30,30,0.8888888888888888,
150,scale_n0150,q_01,trummer_v1,57,22,16,15,1,7,0.9375,0.6818181818181818,0.7894736842105263,16.831233262026217,16,11,5,8.226014884014148,8.585370211920235,0.9,30,30,0.8888888888888888,
150,scale_n0150,q_01,trummer_v1,58,22,16,15,1,7,0.9375,0.6818181818181818,0.7894736842105263,16.729150192986708,16,11,5,8.170511203003116,8.537174773053266,0.9,30,30,0.8888888888888888,
150,scale_n0150,q_01,trummer_v1,59,22,16,15,1,7,0.9375,0.6818181818181818,0.7894736842105263,16.789393845014274,16,11,5,8.224293659091927,8.54438094800571,0.9,30,30,0.8888888888888888,
150,scale_n0150,q_01,trummer_v1,60,22,16,15,1,7,0.9375,0.6818181818181818,0.7894736842105263,16.758692717994563,16,11,5,8.173938733991235,8.563094886951149,0.9,30,30,0.8888888888888888,
150,scale_n0150,q_01,trummer_v1,61,22,16,15,1,7,0.9375,0.6818181818181818,0.7894736842105263,16.812610883964226,16,11,5,8.210631167050451,8.579696485132445,0.9,30,30,0.8888888888888888,
150,scale_n0150,q_01,trummer_v1,62,22,16,15,1,7,0.9375,0.6818181818181818,0.7894736842105263,16.85330337099731,16,11,5,8.228558690054342,8.603593025007285,0.9,30,30,0.8888888888888888,
150,scale_n0150,q_01,trummer_v1,63,22,16,15,1,7,0.9375,0.6818181818181818,0.7894736842105263,16.82140915002674,16,11,5,8.218515431915876,8.581039765034802,0.9,30,30,0.8888888888888888,
150,scale_n0150,q_01,trummer_v1,64,22,16,15,1,7,0.9375,0.6818181818181818,0.7894736842105263,16.85306961101014,16,11,5,8.272664720949251,8.559182001976296,0.9,30,30,0.8888888888888888,
150,scale_n0150,q_01,trummer_v1,65,22,16,15,1,7,0.9375,0.6818181818181818,0.7894736842105263,16.804130464966875,16,11,5,8.20773528504651,8.575553770933766,0.9,30,30,0.8888888888888888,
150,scale_n0150,q_01,trummer_v1,66,22,16,15,1,7,0.9375,0.6818181818181818,0.7894736842105263,16.82760533801047,16,11,5,8.229265325062443,8.575225431937724,0.9,30,30,0.8888888888888888,
150,scale_n0150,q_01,trummer_v1,67,22,16,15,1,7,0.9375,0.6818181818181818,0.7894736842105263,16.859858395997435,16,11,5,8.25449173891684,8.58311632508412,0.9,30,30,0.8888888888888888,
150,scale_n0150,q_01,trummer_v1,68,22,16,15,1,7,0.9375,0.6818181818181818,0.7894736842105263,16.8275088579976,16,11,5,8.242977417015936,8.562927883060183,0.9,30,30,0.8888888888888888,
150,scale_n0150,q_01,trummer_v1,69,22,16,15,1,7,0.9375,0.6818181818181818,0.7894736842105263,16.876930528029334,16,11,5,8.254762177879456,8.601531146967318,0.9,30,30,0.8888888888888888,
150,scale_n0150,q_01,trummer_v1,70,22,16,15,1,7,0.9375,0.6818181818181818,0.7894736842105263,16.86546812596498,16,11,5,8.259979070047848,8.584334985993337,0.9,30,30,0.8888888888888888,
150,scale_n0150,q_01,trummer_v1,71,22,16,15,1,7,0.9375,0.6818181818181818,0.7894736842105263,16.774682941031642,16,11,5,8.184415785013698,8.569321657065302,0.9,30,30,0.8888888888888888,
150,scale_n0150,q_01,trummer_v1,72,22,16,15,1,7,0.9375,0.6818181818181818,0.7894736842105263,16.754779772018082,16,11,5,8.196663909824565,8.537342822004575,0.9,30,30,0.8888888888888888,
150,scale_n0150,q_01,trummer_v1,73,22,16,15,1,7,0.9375,0.6818181818181818,0.7894736842105263,16.77484991797246,16,11,5,8.203775725094602,8.548945057962555,0.9,30,30,0.8888888888888888,
150,scale_n0150,q_01,trummer_v1,74,22,16,15,1,7,0.9375,0.6818181818181818,0.7894736842105263,16.815001694019884,16,11,5,8.219264425046276,8.575005266990047,0.9,30,30,0.8888888888888888,
150,scale_n0150,q_01,trummer_v1,75,22,16,15,1,7,0.9375,0.6818181818181818,0.7894736842105263,16.837240880995523,16,11,5,8.237930844945367,8.577786367968656,0.9,30,30,0.8888888888888888,
150,scale_n0150,q_01,trummer_v1,76,22,16,15,1,7,0.9375,0.6818181818181818,0.7894736842105263,16.787669215002097,16,11,5,8.211446070985403,8.556841900979634,0.9,30,30,0.8888888888888888,
150,scale_n0150,q_01,trummer_v1,77,22,16,15,1,7,0.9375,0.6818181818181818,0.7894736842105263,16.802465770044364,16,11,5,8.205158514843788,8.576329474977683,0.9,30,30,0.8888888888888888,
150,scale_n0150,q_01,trummer_v1,78,22,16,15,1,7,0.9375,0.6818181818181818,0.7894736842105263,16.763229892007075,16,11,5,8.20519637601683,8.538429533015005,0.9,30,30,0.8888888888888888,
150,scale_n0150,q_01,trummer_v1,79,22,16,15,1,7,0.9375,0.6818181818181818,0.7894736842105263,16.7611697660177,16,11,5,8.18880457105115,8.551751284045167,0.9,30,30,0.8888888888888888,
150,scale_n0150,q_01,trummer_v1,80,22,16,15,1,7,0.9375,0.6818181818181818,0.7894736842105263,16.76949819602305,16,11,5,8.17779743106803,8.570090795052238,0.9,30,30,0.8888888888888888,
150,scale_n0150,q_01,trummer_v1,81,22,16,15,1,7,0.9375,0.6818181818181818,0.7894736842105263,16.857579016010277,16,11,5,8.265902732964605,8.572741466981824,0.9,30,30,0.8888888888888888,
150,scale_n0150,q_01,trummer_v1,82,22,16,15,1,7,0.9375,0.6818181818181818,0.7894736842105263,16.79993093200028,16,11,5,8.203147544001695,8.576057424012106,0.9,30,30,0.8888888888888888,
150,scale_n0150,q_01,trummer_v1,83,22,16,15,1,7,0.9375,0.6818181818181818,0.7894736842105263,16.765217429958284,16,11,5,8.189357453142293,8.55555159598589,0.9,30,30,0.8888888888888888,
150,scale_n0150,q_01,trummer_v1,84,22,16,15,1,7,0.9375,0.6818181818181818,0.7894736842105263,16.730418135004584,16,11,5,8.175016617926303,8.534288848924916,0.9,30,30,0.8888888888888888,
150,scale_n0150,q_01,trummer_v1,85,22,16,15,1,7,0.9375,0.6818181818181818,0.7894736842105263,16.78217860701261,16,11,5,8.203042551816907,8.558047955913935,0.9,30,30,0.8888888888888888,
150,scale_n0150,q_01,trummer_v1,86,22,16,15,1,7,0.9375,0.6818181818181818,0.7894736842105263,16.818561408028472,16,11,5,8.21886215097038,8.57932786497986,0.9,30,30,0.8888888888888888,
150,scale_n0150,q_01,trummer_v1,87,22,16,15,1,7,0.9375,0.6818181818181818,0.7894736842105263,16.792637280013878,16,11,5,8.199027149006724,8.572596834041178,0.9,30,30,0.8888888888888888,
150,scale_n0150,q_01,trummer_v1,88,22,16,15,1,7,0.9375,0.6818181818181818,0.7894736842105263,16.877204984950367,16,11,5,8.26415622595232,8.592260139063,0.9,30,30,0.8888888888888888,
150,scale_n0150,q_01,trummer_v1,89,22,16,15,1,7,0.9375,0.6818181818181818,0.7894736842105263,16.77110320702195,16,11,5,8.193132511049043,8.555780958908144,0.9,30,30,0.8888888888888888,
150,scale_n0150,q_01,trummer_v1,90,22,16,15,1,7,0.9375,0.6818181818181818,0.7894736842105263,16.792872874997556,16,11,5,8.22503762197448,8.546525117068086,0.9,30,30,0.8888888888888888,
150,scale_n0150,q_01,trummer_v1,91,22,16,15,1,7,0.9375,0.6818181818181818,0.7894736842105263,16.833814217010513,16,11,5,8.254416228970513,8.558648998907302,0.9,30,30,0.8888888888888888,
150,scale_n0150,q_01,trummer_v1,92,22,16,15,1,7,0.9375,0.6818181818181818,0.7894736842105263,16.762123026011977,16,11,5,8.201293904858176,8.540646031033248,0.9,30,30,0.8888888888888888,
150,scale_n0150,q_01,trummer_v1,93,22,16,15,1,7,0.9375,0.6818181818181818,0.7894736842105263,16.795770977973007,16,11,5,8.209871923085302,8.56330010399688,0.9,30,30,0.8888888888888888,
150,scale_n0150,q_01,trummer_v1,94,22,16,15,1,7,0.9375,0.6818181818181818,0.7894736842105263,16.757209501985926,16,11,5,8.197521255875472,8.539077879977413,0.9,30,30,0.8888888888888888,
150,scale_n0150,q_01,trummer_v1,95,22,16,15,1,7,0.9375,0.6818181818181818,0.7894736842105263,16.810359264025465,16,11,5,8.23440809600288,8.557752008026,0.9,30,30,0.8888888888888888,
150,scale_n0150,q_01,trummer_v1,96,22,16,15,1,7,0.9375,0.6818181818181818,0.7894736842105263,16.762991669005714,16,11,5,8.187719011039007,8.553554984042421,0.9,30,30,0.8888888888888888,
150,scale_n0150,q_01,trummer_v1,97,22,16,15,1,7,0.9375,0.6818181818181818,0.7894736842105263,16.758116838987917,16,11,5,8.181922611023765,8.555448187049478,0.9,30,30,0.8888888888888888,
150,scale_n0150,q_01,trummer_v1,98,22,16,15,1,7,0.9375,0.6818181818181818,0.7894736842105263,16.828676388016902,16,11,5,8.231296453857794,8.575773769116495,0.9,30,30,0.8888888888888888,
150,scale_n0150,q_01,trummer_v1,99,22,16,15,1,7,0.9375,0.6818181818181818,0.7894736842105263,16.84177462896332,16,11,5,8.258668136957567,8.561291375081055,0.9,30,30,0.8888888888888888,
150,scale_n0150,q_01,trummer_v1,100,22,16,15,1,7,0.9375,0.6818181818181818,0.7894736842105263,16.755553263006732,16,11,5,8.172628821106628,8.562464990012813,0.9,30,30,0.8888888888888888,
175,scale_n0175,q_01,suql_baseline,1,26,26,23,3,3,0.8846153846153846,0.8846153846153846,0.8846153846153846,33.61685881798621,86,0,86,0.0,33.57438714284217,0.9,35,0,0.0,
175,scale_n0175,q_01,suql_baseline,2,26,26,23,3,3,0.8846153846153846,0.8846153846153846,0.8846153846153846,33.76765815797262,86,0,86,0.0,33.72693898068974,0.9,35,0,0.0,
175,scale_n0175,q_01,suql_baseline,3,26,26,23,3,3,0.8846153846153846,0.8846153846153846,0.8846153846153846,33.6487865060335,86,0,86,0.0,33.60732755926438,0.9,35,0,0.0,
175,scale_n0175,q_01,suql_baseline,4,26,26,23,3,3,0.8846153846153846,0.8846153846153846,0.8846153846153846,33.51105443399865,86,0,86,0.0,33.472394828277174,0.9,35,0,0.0,
175,scale_n0175,q_01,suql_baseline,5,26,26,23,3,3,0.8846153846153846,0.8846153846153846,0.8846153846153846,33.293045353959315,86,0,86,0.0,33.24900737788994,0.9,35,0,0.0,
175,scale_n0175,q_01,suql_baseline,6,26,26,23,3,3,0.8846153846153846,0.8846153846153846,0.8846153846153846,33.444933166960254,86,0,86,0.0,33.40330628189258,0.9,35,0,0.0,
175,scale_n0175,q_01,suql_baseline,7,26,26,23,3,3,0.8846153846153846,0.8846153846153846,0.8846153846153846,33.55972070101416,86,0,86,0.0,33.520296030910686,0.9,35,0,0.0,
175,scale_n0175,q_01,suql_baseline,8,26,26,23,3,3,0.8846153846153846,0.8846153846153846,0.8846153846153846,33.57902710500639,86,0,86,0.0,33.5383930617827,0.9,35,0,0.0,
175,scale_n0175,q_01,suql_baseline,9,26,26,23,3,3,0.8846153846153846,0.8846153846153846,0.8846153846153846,33.673990570998285,86,0,86,0.0,33.63308492139913,0.9,35,0,0.0,
175,scale_n0175,q_01,suql_baseline,10,26,26,23,3,3,0.8846153846153846,0.8846153846153846,0.8846153846153846,33.50718000502093,86,0,86,0.0,33.467416468891315,0.9,35,0,0.0,
175,scale_n0175,q_01,suql_baseline,11,26,26,23,3,3,0.8846153846153846,0.8846153846153846,0.8846153846153846,33.63926987804007,86,0,86,0.0,33.598973263055086,0.9,35,0,0.0,
175,scale_n0175,q_01,suql_baseline,12,26,26,23,3,3,0.8846153846153846,0.8846153846153846,0.8846153846153846,33.52140893903561,86,0,86,0.0,33.475996679102536,0.9,35,0,0.0,
175,scale_n0175,q_01,suql_baseline,13,26,26,23,3,3,0.8846153846153846,0.8846153846153846,0.8846153846153846,33.7714145060163,86,0,86,0.0,33.732072227983736,0.9,35,0,0.0,
175,scale_n0175,q_01,suql_baseline,14,26,26,23,3,3,0.8846153846153846,0.8846153846153846,0.8846153846153846,34.07497480802704,86,0,86,0.0,34.029323717113584,0.9,35,0,0.0,
175,scale_n0175,q_01,suql_baseline,15,26,26,23,3,3,0.8846153846153846,0.8846153846153846,0.8846153846153846,33.812807408045046,86,0,86,0.0,33.771969034860376,0.9,35,0,0.0,
175,scale_n0175,q_01,suql_baseline,16,26,26,23,3,3,0.8846153846153846,0.8846153846153846,0.8846153846153846,33.826406394015066,86,0,86,0.0,33.785666942130774,0.9,35,0,0.0,
175,scale_n0175,q_01,suql_baseline,17,26,26,23,3,3,0.8846153846153846,0.8846153846153846,0.8846153846153846,33.9994983880315,86,0,86,0.0,33.95942988188472,0.9,35,0,0.0,
175,scale_n0175,q_01,suql_baseline,18,26,26,23,3,3,0.8846153846153846,0.8846153846153846,0.8846153846153846,33.714227650954854,86,0,86,0.0,33.67184209887637,0.9,35,0,0.0,
175,scale_n0175,q_01,suql_baseline,19,26,26,23,3,3,0.8846153846153846,0.8846153846153846,0.8846153846153846,34.01374056102941,86,0,86,0.0,33.9713735539699,0.9,35,0,0.0,
175,scale_n0175,q_01,suql_baseline,20,26,26,23,3,3,0.8846153846153846,0.8846153846153846,0.8846153846153846,34.00612601300236,86,0,86,0.0,33.964473368250765,0.9,35,0,0.0,
175,scale_n0175,q_01,suql_baseline,21,26,26,23,3,3,0.8846153846153846,0.8846153846153846,0.8846153846153846,33.915047986025456,86,0,86,0.0,33.872593088133726,0.9,35,0,0.0,
175,scale_n0175,q_01,suql_baseline,22,26,26,23,3,3,0.8846153846153846,0.8846153846153846,0.8846153846153846,33.9097265569726,86,0,86,0.0,33.86959665204631,0.9,35,0,0.0,
175,scale_n0175,q_01,suql_baseline,23,26,26,23,3,3,0.8846153846153846,0.8846153846153846,0.8846153846153846,34.05970551801147,86,0,86,0.0,34.01728614710737,0.9,35,0,0.0,
175,scale_n0175,q_01,suql_baseline,24,26,26,23,3,3,0.8846153846153846,0.8846153846153846,0.8846153846153846,33.9664430039702,86,0,86,0.0,33.92490937997354,0.9,35,0,0.0,
175,scale_n0175,q_01,suql_baseline,25,26,26,23,3,3,0.8846153846153846,0.8846153846153846,0.8846153846153846,33.76656025700504,86,0,86,0.0,33.724958631792106,0.9,35,0,0.0,
175,scale_n0175,q_01,suql_baseline,26,26,26,23,3,3,0.8846153846153846,0.8846153846153846,0.8846153846153846,33.86141285696067,86,0,86,0.0,33.81885202485137,0.9,35,0,0.0,
175,scale_n0175,q_01,suql_baseline,27,26,26,23,3,3,0.8846153846153846,0.8846153846153846,0.8846153846153846,33.99261731200386,86,0,86,0.0,33.95199114107527,0.9,35,0,0.0,
175,scale_n0175,q_01,suql_baseline,28,26,26,23,3,3,0.8846153846153846,0.8846153846153846,0.8846153846153846,33.80817674199352,86,0,86,0.0,33.76797587936744,0.9,35,0,0.0,
175,scale_n0175,q_01,suql_baseline,29,26,26,23,3,3,0.8846153846153846,0.8846153846153846,0.8846153846153846,33.970821449998766,86,0,86,0.0,33.92939572397154,0.9,35,0,0.0,
175,scale_n0175,q_01,suql_baseline,30,26,26,23,3,3,0.8846153846153846,0.8846153846153846,0.8846153846153846,33.90251918602735,86,0,86,0.0,33.86173707258422,0.9,35,0,0.0,
175,scale_n0175,q_01,suql_baseline,31,26,26,23,3,3,0.8846153846153846,0.8846153846153846,0.8846153846153846,34.068427379999775,86,0,86,0.0,34.02684391173534,0.9,35,0,0.0,
175,scale_n0175,q_01,suql_baseline,32,26,26,23,3,3,0.8846153846153846,0.8846153846153846,0.8846153846153846,33.927714148012456,86,0,86,0.0,33.885316369647626,0.9,35,0,0.0,
175,scale_n0175,q_01,suql_baseline,33,26,26,23,3,3,0.8846153846153846,0.8846153846153846,0.8846153846153846,33.907793059013784,86,0,86,0.0,33.86595694697462,0.9,35,0,0.0,
175,scale_n0175,q_01,suql_baseline,34,26,26,23,3,3,0.8846153846153846,0.8846153846153846,0.8846153846153846,33.943773936945945,86,0,86,0.0,33.903949577652384,0.9,35,0,0.0,
175,scale_n0175,q_01,suql_baseline,35,26,26,23,3,3,0.8846153846153846,0.8846153846153846,0.8846153846153846,33.75631556700682,86,0,86,0.0,33.7142395619303,0.9,35,0,0.0,
175,scale_n0175,q_01,suql_baseline,36,26,26,23,3,3,0.8846153846153846,0.8846153846153846,0.8846153846153846,34.043665368983056,86,0,86,0.0,33.99956858198857,0.9,35,0,0.0,
175,scale_n0175,q_01,suql_baseline,37,26,26,23,3,3,0.8846153846153846,0.8846153846153846,0.8846153846153846,33.97946772503201,86,0,86,0.0,33.93882361717988,0.9,35,0,0.0,
175,scale_n0175,q_01,suql_baseline,38,26,26,23,3,3,0.8846153846153846,0.8846153846153846,0.8846153846153846,34.00702911103144,86,0,86,0.0,33.962958592921495,0.9,35,0,0.0,
175,scale_n0175,q_01,suql_baseline,39,26,26,23,3,3,0.8846153846153846,0.8846153846153846,0.8846153846153846,33.94032362801954,86,0,86,0.0,33.89931633503875,0.9,35,0,0.0,
175,scale_n0175,q_01,suql_baseline,40,26,26,23,3,3,0.8846153846153846,0.8846153846153846,0.8846153846153846,33.99917755596107,86,0,86,0.0,33.957253954024054,0.9,35,0,0.0,
175,scale_n0175,q_01,suql_baseline,41,26,26,23,3,3,0.8846153846153846,0.8846153846153846,0.8846153846153846,34.00685728096869,86,0,86,0.0,33.967191881733015,0.9,35,0,0.0,
175,scale_n0175,q_01,suql_baseline,42,26,26,23,3,3,0.8846153846153846,0.8846153846153846,0.8846153846153846,33.991239369963296,86,0,86,0.0,33.947039743186906,0.9,35,0,0.0,
175,scale_n0175,q_01,suql_baseline,43,26,26,23,3,3,0.8846153846153846,0.8846153846153846,0.8846153846153846,34.02339451102307,86,0,86,0.0,33.98343735485105,0.9,35,0,0.0,
175,scale_n0175,q_01,suql_baseline,44,26,26,23,3,3,0.8846153846153846,0.8846153846153846,0.8846153846153846,34.04381427098997,86,0,86,0.0,34.0005780608044,0.9,35,0,0.0,
175,scale_n0175,q_01,suql_baseline,45,26,26,23,3,3,0.8846153846153846,0.8846153846153846,0.8846153846153846,33.985310664982535,86,0,86,0.0,33.94352236192208,0.9,35,0,0.0,
175,scale_n0175,q_01,suql_baseline,46,26,26,23,3,3,0.8846153846153846,0.8846153846153846,0.8846153846153846,34.0320075500058,86,0,86,0.0,33.99147320888005,0.9,35,0,0.0,
175,scale_n0175,q_01,suql_baseline,47,26,26,23,3,3,0.8846153846153846,0.8846153846153846,0.8846153846153846,34.10428334400058,86,0,86,0.0,34.06323813315248,0.9,35,0,0.0,
175,scale_n0175,q_01,suql_baseline,48,26,26,23,3,3,0.8846153846153846,0.8846153846153846,0.8846153846153846,34.01291701296577,86,0,86,0.0,33.97052702202927,0.9,35,0,0.0,
175,scale_n0175,q_01,suql_baseline,49,26,26,23,3,3,0.8846153846153846,0.8846153846153846,0.8846153846153846,34.10428889701143,86,0,86,0.0,34.06213668419514,0.9,35,0,0.0,
175,scale_n0175,q_01,suql_baseline,50,26,26,23,3,3,0.8846153846153846,0.8846153846153846,0.8846153846153846,33.97263156401459,86,0,86,0.0,33.92839573690435,0.9,35,0,0.0,
175,scale_n0175,q_01,suql_baseline,51,26,26,23,3,3,0.8846153846153846,0.8846153846153846,0.8846153846153846,33.845237967034336,86,0,86,0.0,33.80207078787498,0.9,35,0,0.0,
175,scale_n0175,q_01,suql_baseline,52,26,26,23,3,3,0.8846153846153846,0.8846153846153846,0.8846153846153846,33.93188704701606,86,0,86,0.0,33.88770046940772,0.9,35,0,0.0,
175,scale_n0175,q_01,suql_baseline,53,26,26,23,3,3,0.8846153846153846,0.8846153846153846,0.8846153846153846,34.25708106101956,86,0,86,0.0,34.216587947972585,0.9,35,0,0.0,
175,scale_n0175,q_01,suql_baseline,54,26,26,23,3,3,0.8846153846153846,0.8846153846153846,0.8846153846153846,34.00183303601807,86,0,86,0.0,33.959557917143684,0.9,35,0,0.0,
175,scale_n0175,q_01,suql_baseline,55,26,26,23,3,3,0.8846153846153846,0.8846153846153846,0.8846153846153846,34.052828508021776,86,0,86,0.0,34.013724070740864,0.9,35,0,0.0,
175,scale_n0175,q_01,suql_baseline,56,26,26,23,3,3,0.8846153846153846,0.8846153846153846,0.8846153846153846,33.89656385197304,86,0,86,0.0,33.85464542423142,0.9,35,0,0.0,
175,scale_n0175,q_01,suql_baseline,57,26,26,23,3,3,0.8846153846153846,0.8846153846153846,0.8846153846153846,34.017369519977365,86,0,86,0.0,33.97447601199383,0.9,35,0,0.0,
175,scale_n0175,q_01,suql_baseline,58,26,26,23,3,3,0.8846153846153846,0.8846153846153846,0.8846153846153846,33.81196079397341,86,0,86,0.0,33.768638381152414,0.9,35,0,0.0,
175,scale_n0175,q_01,suql_baseline,59,26,26,23,3,3,0.8846153846153846,0.8846153846153846,0.8846153846153846,33.774943578988314,86,0,86,0.0,33.73386605223641,0.9,35,0,0.0,
175,scale_n0175,q_01,suql_baseline,60,26,26,23,3,3,0.8846153846153846,0.8846153846153846,0.8846153846153846,33.90566079702694,86,0,86,0.0,33.8650693729287,0.9,35,0,0.0,
175,scale_n0175,q_01,suql_baseline,61,26,26,23,3,3,0.8846153846153846,0.8846153846153846,0.8846153846153846,33.68087087402819,86,0,86,0.0,33.63843552977778,0.9,35,0,0.0,
175,scale_n0175,q_01,suql_baseline,62,26,26,23,3,3,0.8846153846153846,0.8846153846153846,0.8846153846153846,34.06983797298744,86,0,86,0.0,34.02891502605053,0.9,35,0,0.0,
175,scale_n0175,q_01,suql_baseline,63,26,26,23,3,3,0.8846153846153846,0.8846153846153846,0.8846153846153846,34.3049966749968,86,0,86,0.0,34.26364901039051,0.9,35,0,0.0,
175,scale_n0175,q_01,suql_baseline,64,26,26,23,3,3,0.8846153846153846,0.8846153846153846,0.8846153846153846,34.130283222999424,86,0,86,0.0,34.08882258168887,0.9,35,0,0.0,
175,scale_n0175,q_01,suql_baseline,65,26,26,23,3,3,0.8846153846153846,0.8846153846153846,0.8846153846153846,33.90086847299244,86,0,86,0.0,33.86084930313518,0.9,35,0,0.0,
175,scale_n0175,q_01,suql_baseline,66,26,26,23,3,3,0.8846153846153846,0.8846153846153846,0.8846153846153846,34.126184589986224,86,0,86,0.0,34.08392424695194,0.9,35,0,0.0,
175,scale_n0175,q_01,suql_baseline,67,26,26,23,3,3,0.8846153846153846,0.8846153846153846,0.8846153846153846,33.66245039802743,86,0,86,0.0,33.62408944498748,0.9,35,0,0.0,
175,scale_n0175,q_01,suql_baseline,68,26,26,23,3,3,0.8846153846153846,0.8846153846153846,0.8846153846153846,33.68165154900635,86,0,86,0.0,33.642203330644406,0.9,35,0,0.0,
175,scale_n0175,q_01,suql_baseline,69,26,26,23,3,3,0.8846153846153846,0.8846153846153846,0.8846153846153846,33.77870429499308,86,0,86,0.0,33.73702596011572,0.9,35,0,0.0,
175,scale_n0175,q_01,suql_baseline,70,26,26,23,3,3,0.8846153846153846,0.8846153846153846,0.8846153846153846,33.85654412501026,86,0,86,0.0,33.81646149727749,0.9,35,0,0.0,
175,scale_n0175,q_01,suql_baseline,71,26,26,23,3,3,0.8846153846153846,0.8846153846153846,0.8846153846153846,33.640968547028024,86,0,86,0.0,33.600151823833585,0.9,35,0,0.0,
175,scale_n0175,q_01,suql_baseline,72,26,26,23,3,3,0.8846153846153846,0.8846153846153846,0.8846153846153846,33.58981724100886,86,0,86,0.0,33.5483857979998,0.9,35,0,0.0,
175,scale_n0175,q_01,suql_baseline,73,26,26,23,3,3,0.8846153846153846,0.8846153846153846,0.8846153846153846,33.862307258008514,86,0,86,0.0,33.82183722581249,0.9,35,0,0.0,
175,scale_n0175,q_01,suql_baseline,74,26,26,23,3,3,0.8846153846153846,0.8846153846153846,0.8846153846153846,33.60286475997418,86,0,86,0.0,33.55930033297045,0.9,35,0,0.0,
175,scale_n0175,q_01,suql_baseline,75,26,26,23,3,3,0.8846153846153846,0.8846153846153846,0.8846153846153846,33.598875868017785,86,0,86,0.0,33.55858112900751,0.9,35,0,0.0,
175,scale_n0175,q_01,suql_baseline,76,26,26,23,3,3,0.8846153846153846,0.8846153846153846,0.8846153846153846,33.70722567499615,86,0,86,0.0,33.66448012308683,0.9,35,0,0.0,
175,scale_n0175,q_01,suql_baseline,77,26,26,23,3,3,0.8846153846153846,0.8846153846153846,0.8846153846153846,33.859238415025175,86,0,86,0.0,33.8185397919151,0.9,35,0,0.0,
175,scale_n0175,q_01,suql_baseline,78,26,26,23,3,3,0.8846153846153846,0.8846153846153846,0.8846153846153846,33.728879528993275,86,0,86,0.0,33.68707005906617,0.9,35,0,0.0,
175,scale_n0175,q_01,suql_baseline,79,26,26,23,3,3,0.8846153846153846,0.8846153846153846,0.8846153846153846,34.33958015299868,86,0,86,0.0,34.29743350186618,0.9,35,0,0.0,
175,scale_n0175,q_01,suql_baseline,80,26,26,23,3,3,0.8846153846153846,0.8846153846153846,0.8846153846153846,34.18954723200295,86,0,86,0.0,34.14867944014259,0.9,35,0,0.0,
175,scale_n0175,q_01,suql_baseline,81,26,26,23,3,3,0.8846153846153846,0.8846153846153846,0.8846153846153846,34.0921076759696,86,0,86,0.0,34.05135573237203,0.9,35,0,0.0,
175,scale_n0175,q_01,suql_baseline,82,26,26,23,3,3,0.8846153846153846,0.8846153846153846,0.8846153846153846,34.19864560198039,86,0,86,0.0,34.15737213828834,0.9,35,0,0.0,
175,scale_n0175,q_01,suql_baseline,83,26,26,23,3,3,0.8846153846153846,0.8846153846153846,0.8846153846153846,34.09045075497124,86,0,86,0.0,34.048235515947454,0.9,35,0,0.0,
175,scale_n0175,q_01,suql_baseline,84,26,26,23,3,3,0.8846153846153846,0.8846153846153846,0.8846153846153846,34.012667637027334,86,0,86,0.0,33.9697620550869,0.9,35,0,0.0,
175,scale_n0175,q_01,suql_baseline,85,26,26,23,3,3,0.8846153846153846,0.8846153846153846,0.8846153846153846,33.88349321100395,86,0,86,0.0,33.84137181582628,0.9,35,0,0.0,
175,scale_n0175,q_01,suql_baseline,86,26,26,23,3,3,0.8846153846153846,0.8846153846153846,0.8846153846153846,33.870834218978416,86,0,86,0.0,33.829083231277764,0.9,35,0,0.0,
175,scale_n0175,q_01,suql_baseline,87,26,26,23,3,3,0.8846153846153846,0.8846153846153846,0.8846153846153846,33.817638934997376,86,0,86,0.0,33.776603056059685,0.9,35,0,0.0,
175,scale_n0175,q_01,suql_baseline,88,26,26,23,3,3,0.8846153846153846,0.8846153846153846,0.8846153846153846,33.8120473040035,86,0,86,0.0,33.76675293309381,0.9,35,0,0.0,
175,scale_n0175,q_01,suql_baseline,89,26,26,23,3,3,0.8846153846153846,0.8846153846153846,0.8846153846153846,34.182869857992046,86,0,86,0.0,34.14240031846566,0.9,35,0,0.0,
175,scale_n0175,q_01,suql_baseline,90,26,26,23,3,3,0.8846153846153846,0.8846153846153846,0.8846153846153846,34.0252846069634,86,0,86,0.0,33.98236636299407,0.9,35,0,0.0,
175,scale_n0175,q_01,suql_baseline,91,26,26,23,3,3,0.8846153846153846,0.8846153846153846,0.8846153846153846,33.89383313100552,86,0,86,0.0,33.85302539396798,0.9,35,0,0.0,
175,scale_n0175,q_01,suql_baseline,92,26,26,23,3,3,0.8846153846153846,0.8846153846153846,0.8846153846153846,34.01975528802723,86,0,86,0.0,33.98066752776504,0.9,35,0,0.0,
175,scale_n0175,q_01,suql_baseline,93,26,26,23,3,3,0.8846153846153846,0.8846153846153846,0.8846153846153846,33.95134355901973,86,0,86,0.0,33.90926775865955,0.9,35,0,0.0,
175,scale_n0175,q_01,suql_baseline,94,26,26,23,3,3,0.8846153846153846,0.8846153846153846,0.8846153846153846,34.090965537994634,86,0,86,0.0,34.04807834106032,0.9,35,0,0.0,
175,scale_n0175,q_01,suql_baseline,95,26,26,23,3,3,0.8846153846153846,0.8846153846153846,0.8846153846153846,34.20116459997371,86,0,86,0.0,34.1591923168744,0.9,35,0,0.0,
175,scale_n0175,q_01,suql_baseline,96,26,26,23,3,3,0.8846153846153846,0.8846153846153846,0.8846153846153846,34.31724552100059,86,0,86,0.0,34.27319833263755,0.9,35,0,0.0,
175,scale_n0175,q_01,suql_baseline,97,26,26,23,3,3,0.8846153846153846,0.8846153846153846,0.8846153846153846,34.073345076001715,86,0,86,0.0,34.033550779451616,0.9,35,0,0.0,
175,scale_n0175,q_01,suql_baseline,98,26,26,23,3,3,0.8846153846153846,0.8846153846153846,0.8846153846153846,34.169702725019306,86,0,86,0.0,34.12249335099477,0.9,35,0,0.0,
175,scale_n0175,q_01,suql_baseline,99,26,26,23,3,3,0.8846153846153846,0.8846153846153846,0.8846153846153846,34.175209181034006,86,0,86,0.0,34.134125321987085,0.9,35,0,0.0,
175,scale_n0175,q_01,suql_baseline,100,26,26,23,3,3,0.8846153846153846,0.8846153846153846,0.8846153846153846,34.23658723698463,86,0,86,0.0,34.19474052602891,0.9,35,0,0.0,
175,scale_n0175,q_01,trummer_v1,1,26,24,21,3,5,0.875,0.8076923076923077,0.8400000000000001,25.05471504305024,24,14,10,13.07019710203167,11.950422361958772,0.9,35,35,0.7142857142857143,
175,scale_n0175,q_01,trummer_v1,2,26,27,25,2,1,0.925925925925926,0.9615384615384616,0.9433962264150944,22.49449737294344,24,15,9,11.564332594978625,10.896955405070912,0.9,35,35,0.7272727272727273,
175,scale_n0175,q_01,trummer_v1,3,26,27,25,2,1,0.925925925925926,0.9615384615384616,0.9433962264150944,22.39228313101921,24,15,9,11.561195263057016,10.79556577297626,0.9,35,35,0.7272727272727273,
175,scale_n0175,q_01,trummer_v1,4,26,27,25,2,1,0.925925925925926,0.9615384615384616,0.9433962264150944,22.411131383036263,24,15,9,11.6153449229314,10.76100200007204,0.9,35,35,0.7272727272727273,
175,scale_n0175,q_01,trummer_v1,5,26,27,25,2,1,0.925925925925926,0.9615384615384616,0.9433962264150944,22.31528200698085,24,15,9,11.560248085937928,10.720315570943058,0.9,35,35,0.7272727272727273,
175,scale_n0175,q_01,trummer_v1,6,26,27,25,2,1,0.925925925925926,0.9615384615384616,0.9433962264150944,22.36733782402007,24,15,9,11.56045459100278,10.772458913910668,0.9,35,35,0.7272727272727273,
175,scale_n0175,q_01,trummer_v1,7,26,27,25,2,1,0.925925925925926,0.9615384615384616,0.9433962264150944,22.40562650101492,24,15,9,11.598546732973771,10.772713956946973,0.9,35,35,0.7272727272727273,
175,scale_n0175,q_01,trummer_v1,8,26,27,25,2,1,0.925925925925926,0.9615384615384616,0.9433962264150944,22.456197733990848,24,15,9,11.588618837937249,10.832871523976792,0.9,35,35,0.7272727272727273,
175,scale_n0175,q_01,trummer_v1,9,26,27,25,2,1,0.925925925925926,0.9615384615384616,0.9433962264150944,22.449000963999424,24,15,9,11.635279869136866,10.779852421896068,0.9,35,35,0.7272727272727273,
175,scale_n0175,q_01,trummer_v1,10,26,27,25,2,1,0.925925925925926,0.9615384615384616,0.9433962264150944,22.39822179998737,24,15,9,11.572047086025124,10.793262639956083,0.9,35,35,0.7272727272727273,
175,scale_n0175,q_01,trummer_v1,11,26,27,25,2,1,0.925925925925926,0.9615384615384616,0.9433962264150944,22.33450285595609,24,15,9,11.535606849880423,10.763447569916025,0.9,35,35,0.7272727272727273,
175,scale_n0175,q_01,trummer_v1,12,26,27,25,2,1,0.925925925925926,0.9615384615384616,0.9433962264150944,22.305976247007493,24,15,9,11.51359494193457,10.75822011695709,0.9,35,35,0.7272727272727273,
175,scale_n0175,q_01,trummer_v1,13,26,27,25,2,1,0.925925925925926,0.9615384615384616,0.9433962264150944,22.440712173993237,24,15,9,11.603162729938049,10.80199466907652,0.9,35,35,0.7272727272727273,
175,scale_n0175,q_01,trummer_v1,14,26,27,25,2,1,0.925925925925926,0.9615384615384616,0.9433962264150944,22.460181375034157,24,15,9,11.651280624908397,10.774466621980537,0.9,35,35,0.7272727272727273,
175,scale_n0175,q_01,trummer_v1,15,26,27,25,2,1,0.925925925925926,0.9615384615384616,0.9433962264150944,22.402309380006045,24,15,9,11.60851697291946,10.75883207609877,0.9,35,35,0.7272727272727273,
175,scale_n0175,q_01,trummer_v1,16,26,27,25,2,1,0.925925925925926,0.9615384615384616,0.9433962264150944,22.327920185984112,24,15,9,11.559084509965032,10.735565514012706,0.9,35,35,0.7272727272727273,
175,scale_n0175,q_01,trummer_v1,17,26,27,25,2,1,0.925925925925926,0.9615384615384616,0.9433962264150944,22.41310768999392,24,15,9,11.580431434966158,10.797227857226972,0.9,35,35,0.7272727272727273,
175,scale_n0175,q_01,trummer_v1,18,26,27,25,2,1,0.925925925925926,0.9615384615384616,0.9433962264150944,22.398611120996065,24,15,9,11.597386408946477,10.765145969053265,0.9,35,35,0.7272727272727273,
175,scale_n0175,q_01,trummer_v1,19,26,27,25,2,1,0.925925925925926,0.9615384615384616,0.9433962264150944,22.33054981502937,24,15,9,11.560758023930248,10.734270441927949,0.9,35,35,0.7272727272727273,
175,scale_n0175,q_01,trummer_v1,20,26,27,25,2,1,0.925925925925926,0.9615384615384616,0.9433962264150944,22.35639215301489,24,15,9,11.562269848189317,10.759531416988466,0.9,35,35,0.7272727272727273,
175,scale_n0175,q_01,trummer_v1,21,26,27,25,2,1,0.925925925925926,0.9615384615384616,0.9433962264150944,22.275012747966684,24,15,9,11.520646095043048,10.721713718026876,0.9,35,35,0.7272727272727273,
175,scale_n0175,q_01,trummer_v1,22,26,27,25,2,1,0.925925925925926,0.9615384615384616,0.9433962264150944,22.384242759959307,24,15,9,11.560920120973606,10.78890837088693,0.9,35,35,0.7272727272727273,
175,scale_n0175,q_01,trummer_v1,23,26,27,25,2,1,0.925925925925926,0.9615384615384616,0.9433962264150944,22.387052748992573,24,15,9,11.557672683091369,10.796187014027964,0.9,35,35,0.7272727272727273,
175,scale_n0175,q_01,trummer_v1,24,26,27,25,2,1,0.925925925925926,0.9615384615384616,0.9433962264150944,22.30542033299571,24,15,9,11.5786765650264,10.69259923597565,0.9,35,35,0.7272727272727273,
175,scale_n0175,q_01,trummer_v1,25,26,27,25,2,1,0.925925925925926,0.9615384615384616,0.9433962264150944,22.338075946026947,24,15,9,11.55699160398217,10.746462021023037,0.9,35,35,0.7272727272727273,
175,scale_n0175,q_01,trummer_v1,26,26,27,25,2,1,0.925925925925926,0.9615384615384616,0.9433962264150944,22.339139246963896,24,15,9,11.53079265280394,10.77379711600952,0.9,35,35,0.7272727272727273,
175,scale_n0175,q_01,trummer_v1,27,26,27,25,2,1,0.925925925925926,0.9615384615384616,0.9433962264150944,22.29960039298749,24,15,9,11.505752044031397,10.760661582928153,0.9,35,35,0.7272727272727273,
175,scale_n0175,q_01,trummer_v1,28,26,27,25,2,1,0.925925925925926,0.9615384615384616,0.9433962264150944,22.454367322963662,24,15,9,11.666672911786009,10.753345480014104,0.9,35,35,0.7272727272727273,
175,scale_n0175,q_01,trummer_v1,29,26,27,25,2,1,0.925925925925926,0.9615384615384616,0.9433962264150944,22.295399590977468,24,15,9,11.54321240709396,10.717127703072038,0.9,35,35,0.7272727272727273,
175,scale_n0175,q_01,trummer_v1,30,26,27,25,2,1,0.925925925925926,0.9615384615384616,0.9433962264150944,22.289287409977987,24,15,9,11.55647422495531,10.699108032917138,0.9,35,35,0.7272727272727273,
175,scale_n0175,q_01,trummer_v1,31,26,27,25,2,1,0.925925925925926,0.9615384615384616,0.9433962264150944,22.363549654954117,24,15,9,11.5466531230486,10.781203896156512,0.9,35,35,0.7272727272727273,
175,scale_n0175,q_01,trummer_v1,32,26,27,25,2,1,0.925925925925926,0.9615384615384616,0.9433962264150944,22.361492449999787,24,15,9,11.55051318788901,10.777138350065798,0.9,35,35,0.7272727272727273,
175,scale_n0175,q_01,trummer_v1,33,26,27,25,2,1,0.925925925925926,0.9615384615384616,0.9433962264150944,22.41435147699667,24,15,9,11.654157282027882,10.72453919891268,0.9,35,35,0.7272727272727273,
175,scale_n0175,q_01,trummer_v1,34,26,27,25,2,1,0.925925925925926,0.9615384615384616,0.9433962264150944,22.30352065298939,24,15,9,11.548130250070244,10.720289446006063,0.9,35,35,0.7272727272727273,
175,scale_n0175,q_01,trummer_v1,35,26,27,25,2,1,0.925925925925926,0.9615384615384616,0.9433962264150944,22.429635893029623,24,15,9,11.625951367954258,10.769804393989034,0.9,35,35,0.7272727272727273,
175,scale_n0175,q_01,trummer_v1,36,26,27,25,2,1,0.925925925925926,0.9615384615384616,0.9433962264150944,22.394698402029466,24,15,9,11.611965048185084,10.750501946022268,0.9,35,35,0.7272727272727273,
175,scale_n0175,q_01,trummer_v1,37,26,27,25,2,1,0.925925925925926,0.9615384615384616,0.9433962264150944,22.49685146298725,24,15,9,11.662344664917327,10.800340738904197,0.9,35,35,0.7272727272727273,
175,scale_n0175,q_01,trummer_v1,38,26,27,25,2,1,0.925925925925926,0.9615384615384616,0.9433962264150944,22.427025935030542,24,15,9,11.663666459091472,10.729197607084645,0.9,35,35,0.7272727272727273,
175,scale_n0175,q_01,trummer_v1,39,26,27,25,2,1,0.925925925925926,0.9615384615384616,0.9433962264150944,22.35092011000961,24,15,9,11.571029434038792,10.746058040997012,0.9,35,35,0.7272727272727273,
175,scale_n0175,q_01,trummer_v1,40,26,27,25,2,1,0.925925925925926,0.9615384615384616,0.9433962264150944,22.33068424504017,24,15,9,11.531374796002638,10.76566546713002,0.9,35,35,0.7272727272727273,
175,scale_n0175,q_01,trummer_v1,41,26,27,25,2,1,0.925925925925926,0.9615384615384616,0.9433962264150944,22.490511887008324,24,15,9,11.615907744970173,10.839722633070778,0.9,35,35,0.7272727272727273,
175,scale_n0175,q_01,trummer_v1,42,26,27,25,2,1,0.925925925925926,0.9615384615384616,0.9433962264150944,22.406607843004167,24,15,9,11.615334934962448,10.758247342077084,0.9,35,35,0.7272727272727273,
175,scale_n0175,q_01,trummer_v1,43,26,27,25,2,1,0.925925925925926,0.9615384615384616,0.9433962264150944,22.310591394023504,24,15,9,11.533755284908692,10.74434458295582,0.9,35,35,0.7272727272727273,
175,scale_n0175,q_01,trummer_v1,44,26,27,25,2,1,0.925925925925926,0.9615384615384616,0.9433962264150944,22.237353589036505,24,15,9,11.51291012391448,10.691376504139043,0.9,35,35,0.7272727272727273,
175,scale_n0175,q_01,trummer_v1,45,26,27,25,2,1,0.925925925925926,0.9615384615384616,0.9433962264150944,22.20302846794948,24,15,9,11.469491072988603,10.69828456401592,0.9,35,35,0.7272727272727273,
175,scale_n0175,q_01,trummer_v1,46,26,27,25,2,1,0.925925925925926,0.9615384615384616,0.9433962264150944,22.167794530978423,24,15,9,11.443764210154768,10.690380507090596,0.9,35,35,0.7272727272727273,
175,scale_n0175,q_01,trummer_v1,47,26,27,25,2,1,0.925925925925926,0.9615384615384616,0.9433962264150944,22.1919463769882,24,15,9,11.464843521942385,10.69390198099427,0.9,35,35,0.7272727272727273,
175,scale_n0175,q_01,trummer_v1,48,26,27,25,2,1,0.925925925925926,0.9615384615384616,0.9433962264150944,22.36431511299452,24,15,9,11.578358961036429,10.751822848978918,0.9,35,35,0.7272727272727273,
175,scale_n0175,q_01,trummer_v1,49,26,27,25,2,1,0.925925925925926,0.9615384615384616,0.9433962264150944,22.27188908099197,24,15,9,11.481302787782624,10.75713945098687,0.9,35,35,0.7272727272727273,
175,scale_n0175,q_01,trummer_v1,50,26,27,25,2,1,0.925925925925926,0.9615384615384616,0.9433962264150944,22.30818436201662,24,15,9,11.514701520907693,10.76075566606596,0.9,35,35,0.7272727272727273,
175,scale_n0175,q_01,trummer_v1,51,26,27,25,2,1,0.925925925925926,0.9615384615384616,0.9433962264150944,22.35076447000029,24,15,9,11.554252339934465,10.76169805106474,0.9,35,35,0.7272727272727273,
175,scale_n0175,q_01,trummer_v1,52,26,27,25,2,1,0.925925925925926,0.9615384615384616,0.9433962264150944,22.33663900202373,24,15,9,11.565651834884193,10.737134193943348,0.9,35,35,0.7272727272727273,
175,scale_n0175,q_01,trummer_v1,53,26,27,25,2,1,0.925925925925926,0.9615384615384616,0.9433962264150944,22.29095704399515,24,15,9,11.48157048597932,10.77471236110432,0.9,35,35,0.7272727272727273,
175,scale_n0175,q_01,trummer_v1,54,26,27,25,2,1,0.925925925925926,0.9615384615384616,0.9433962264150944,22.32247615302913,24,15,9,11.546495776972732,10.741219447052572,0.9,35,35,0.7272727272727273,
175,scale_n0175,q_01,trummer_v1,55,26,27,25,2,1,0.925925925925926,0.9615384615384616,0.9433962264150944,22.38515083497623,24,15,9,11.595121302991174,10.758945429872256,0.9,35,35,0.7272727272727273,
175,scale_n0175,q_01,trummer_v1,56,26,27,25,2,1,0.925925925925926,0.9615384615384616,0.9433962264150944,22.32023350900272,24,15,9,11.551887353998609,10.736529745918231,0.9,35,35,0.7272727272727273,
175,scale_n0175,q_01,trummer_v1,57,26,27,25,2,1,0.925925925925926,0.9615384615384616,0.9433962264150944,22.35237458703341,24,15,9,11.57319920300506,10.746235875005368,0.9,35,35,0.7272727272727273,
175,scale_n0175,q_01,trummer_v1,58,26,27,25,2,1,0.925925925925926,0.9615384615384616,0.9433962264150944,22.28942172398092,24,15,9,11.532613068993667,10.72330971196061,0.9,35,35,0.7272727272727273,
175,scale_n0175,q_01,trummer_v1,59,26,27,25,2,1,0.925925925925926,0.9615384615384616,0.9433962264150944,22.268202733946964,24,15,9,11.53280848619761,10.702529432077426,0.9,35,35,0.7272727272727273,
175,scale_n0175,q_01,trummer_v1,60,26,27,25,2,1,0.925925925925926,0.9615384615384616,0.9433962264150944,22.359127228031863,24,15,9,11.585715945868287,10.741052062017843,0.9,35,35,0.7272727272727273,
175,scale_n0175,q_01,trummer_v1,61,26,27,25,2,1,0.925925925925926,0.9615384615384616,0.9433962264150944,22.268435921985656,24,15,9,11.524246487999337,10.708268700109327,0.9,35,35,0.7272727272727273,
175,scale_n0175,q_01,trummer_v1,62,26,27,25,2,1,0.925925925925926,0.9615384615384616,0.9433962264150944,22.33840180595871,24,15,9,11.536718370974995,10.76836271112552,0.9,35,35,0.7272727272727273,
175,scale_n0175,q_01,trummer_v1,63,26,27,25,2,1,0.925925925925926,0.9615384615384616,0.9433962264150944,22.27626537997276,24,15,9,11.458118009904863,10.785343205963729,0.9,35,35,0.7272727272727273,
175,scale_n0175,q_01,trummer_v1,64,26,27,25,2,1,0.925925925925926,0.9615384615384616,0.9433962264150944,22.276122019044124,24,15,9,11.532526126829907,10.710338859003969,0.9,35,35,0.7272727272727273,
175,scale_n0175,q_01,trummer_v1,65,26,27,25,2,1,0.925925925925926,0.9615384615384616,0.9433962264150944,22.27416839596117,24,15,9,11.529754627146758,10.711425053945277,0.9,35,35,0.7272727272727273,
175,scale_n0175,q_01,trummer_v1,66,26,27,25,2,1,0.925925925925926,0.9615384615384616,0.9433962264150944,22.26609568699496,24,15,9,11.50394300406333,10.728690689080397,0.9,35,35,0.7272727272727273,
175,scale_n0175,q_01,trummer_v1,67,26,27,25,2,1,0.925925925925926,0.9615384615384616,0.9433962264150944,22.29555388400331,24,15,9,11.527456743002404,10.736105122894514,0.9,35,35,0.7272727272727273,
175,scale_n0175,q_01,trummer_v1,68,26,27,25,2,1,0.925925925925926,0.9615384615384616,0.9433962264150944,22.263392385968476,24,15,9,11.50575099902926,10.72509398200782,0.9,35,35,0.7272727272727273,
175,scale_n0175,q_01,trummer_v1,69,26,27,25,2,1,0.925925925925926,0.9615384615384616,0.9433962264150944,22.30428737000329,24,15,9,11.525035264028702,10.744844696018845,0.9,35,35,0.7272727272727273,
175,scale_n0175,q_01,trummer_v1,70,26,27,25,2,1,0.925925925925926,0.9615384615384616,0.9433962264150944,22.363259836041838,24,15,9,11.569818165153263,10.758820415008811,0.9,35,35,0.7272727272727273,
175,scale_n0175,q_01,trummer_v1,71,26,27,25,2,1,0.925925925925926,0.9615384615384616,0.9433962264150944,22.397944753989577,24,15,9,11.56323393911589,10.800706434994936,0.9,35,35,0.7272727272727273,
175,scale_n0175,q_01,trummer_v1,72,26,27,25,2,1,0.925925925925926,0.9615384615384616,0.9433962264150944,22.30932923901128,24,15,9,11.555836795072535,10.718344615073876,0.9,35,35,0.7272727272727273,
175,scale_n0175,q_01,trummer_v1,73,26,27,25,2,1,0.925925925925926,0.9615384615384616,0.9433962264150944,22.27149874297902,24,15,9,11.5204606919433,10.720411779009735,0.9,35,35,0.7272727272727273,
175,scale_n0175,q_01,trummer_v1,74,26,27,25,2,1,0.925925925925926,0.9615384615384616,0.9433962264150944,22.299940724042244,24,15,9,11.54043028189335,10.725476139981764,0.9,35,35,0.7272727272727273,
175,scale_n0175,q_01,trummer_v1,75,26,27,25,2,1,0.925925925925926,0.9615384615384616,0.9433962264150944,22.27357310400112,24,15,9,11.517262158042286,10.724348674004432,0.9,35,35,0.7272727272727273,
175,scale_n0175,q_01,trummer_v1,76,26,27,25,2,1,0.925925925925926,0.9615384615384616,0.9433962264150944,22.39292542001931,24,15,9,11.556976301013492,10.801466199045535,0.9,35,35,0.7272727272727273,
175,scale_n0175,q_01,trummer_v1,77,26,27,25,2,1,0.925925925925926,0.9615384615384616,0.9433962264150944,22.37318276602309,24,15,9,11.588629390054848,10.75010476395255,0.9,35,35,0.7272727272727273,
175,scale_n0175,q_01,trummer_v1,78,26,27,25,2,1,0.925925925925926,0.9615384615384616,0.9433962264150944,22.329896118026227,24,15,9,11.55569958500564,10.742122304975055,0.9,35,35,0.7272727272727273,
175,scale_n0175,q_01,trummer_v1,79,26,27,25,2,1,0.925925925925926,0.9615384615384616,0.9433962264150944,22.25495517300442,24,15,9,11.509982027986553,10.711727131914811,0.9,35,35,0.7272727272727273,
175,scale_n0175,q_01,trummer_v1,80,26,27,25,2,1,0.925925925925926,0.9615384615384616,0.9433962264150944,22.35105852800189,24,15,9,11.553608889051247,10.76354869606439,0.9,35,35,0.7272727272727273,
175,scale_n0175,q_01,trummer_v1,81,26,27,25,2,1,0.925925925925926,0.9615384615384616,0.9433962264150944,22.28098384302575,24,15,9,11.52236024691956,10.725849248003216,0.9,35,35,0.7272727272727273,
175,scale_n0175,q_01,trummer_v1,82,26,27,25,2,1,0.925925925925926,0.9615384615384616,0.9433962264150944,22.2509378370014,24,15,9,11.534843911998903,10.685705685988069,0.9,35,35,0.7272727272727273,
175,scale_n0175,q_01,trummer_v1,83,26,27,25,2,1,0.925925925925926,0.9615384615384616,0.9433962264150944,22.298385717032943,24,15,9,11.51295574492542,10.75183767004637,0.9,35,35,0.7272727272727273,
175,scale_n0175,q_01,trummer_v1,84,26,27,25,2,1,0.925925925925926,0.9615384615384616,0.9433962264150944,22.291597303003076,24,15,9,11.487460452190136,10.770584208949003,0.9,35,35,0.7272727272727273,
175,scale_n0175,q_01,trummer_v1,85,26,27,25,2,1,0.925925925925926,0.9615384615384616,0.9433962264150944,22.3458225170034,24,15,9,11.54745724494569,10.76286896399688,0.9,35,35,0.7272727272727273,
175,scale_n0175,q_01,trummer_v1,86,26,27,25,2,1,0.925925925925926,0.9615384615384616,0.9433962264150944,22.35101969598327,24,15,9,11.52770945703378,10.79035978403408,0.9,35,35,0.7272727272727273,
175,scale_n0175,q_01,trummer_v1,87,26,27,25,2,1,0.925925925925926,0.9615384615384616,0.9433962264150944,22.31780490197707,24,15,9,11.522040009964256,10.761610630957875,0.9,35,35,0.7272727272727273,
175,scale_n0175,q_01,trummer_v1,88,26,27,25,2,1,0.925925925925926,0.9615384615384616,0.9433962264150944,22.32471952599008,24,15,9,11.533499486919029,10.758589173026849,0.9,35,35,0.7272727272727273,
175,scale_n0175,q_01,trummer_v1,89,26,27,25,2,1,0.925925925925926,0.9615384615384616,0.9433962264150944,22.301568483002484,24,15,9,11.532460264919791,10.7388553469209,0.9,35,35,0.7272727272727273,
175,scale_n0175,q_01,trummer_v1,90,26,27,25,2,1,0.925925925925926,0.9615384615384616,0.9433962264150944,22.39226443902589,24,15,9,11.586432175012304,10.772419200045988,0.9,35,35,0.7272727272727273,
175,scale_n0175,q_01,trummer_v1,91,26,27,25,2,1,0.925925925925926,0.9615384615384616,0.9433962264150944,22.36892284802161,24,15,9,11.576780800824054,10.758935751975514,0.9,35,35,0.7272727272727273,
175,scale_n0175,q_01,trummer_v1,92,26,27,25,2,1,0.925925925925926,0.9615384615384616,0.9433962264150944,22.213665604998823,24,15,9,11.475510846241376,10.707581915077752,0.9,35,35,0.7272727272727273,
175,scale_n0175,q_01,trummer_v1,93,26,27,25,2,1,0.925925925925926,0.9615384615384616,0.9433962264150944,22.23333835002268,24,15,9,11.496013308991678,10.70326555299107,0.9,35,35,0.7272727272727273,
175,scale_n0175,q_01,trummer_v1,94,26,27,25,2,1,0.925925925925926,0.9615384615384616,0.9433962264150944,22.28192597598536,24,15,9,11.499403165071271,10.749798366916366,0.9,35,35,0.7272727272727273,
175,scale_n0175,q_01,trummer_v1,95,26,27,25,2,1,0.925925925925926,0.9615384615384616,0.9433962264150944,22.314304404018912,24,15,9,11.516007535043173,10.766362311900592,0.9,35,35,0.7272727272727273,
175,scale_n0175,q_01,trummer_v1,96,26,27,25,2,1,0.925925925925926,0.9615384615384616,0.9433962264150944,22.364849452045743,24,15,9,11.59310416103108,10.73915052501252,0.9,35,35,0.7272727272727273,
175,scale_n0175,q_01,trummer_v1,97,26,27,25,2,1,0.925925925925926,0.9615384615384616,0.9433962264150944,22.35745367902564,24,15,9,11.554158576065674,10.769312552001791,0.9,35,35,0.7272727272727273,
175,scale_n0175,q_01,trummer_v1,98,26,27,25,2,1,0.925925925925926,0.9615384615384616,0.9433962264150944,22.410335859982297,24,15,9,11.555654041003436,10.82192382204812,0.9,35,35,0.7272727272727273,
175,scale_n0175,q_01,trummer_v1,99,26,27,25,2,1,0.925925925925926,0.9615384615384616,0.9433962264150944,22.36684861400863,24,15,9,11.531073632941116,10.802182745945174,0.9,35,35,0.7272727272727273,
175,scale_n0175,q_01,trummer_v1,100,26,27,25,2,1,0.925925925925926,0.9615384615384616,0.9433962264150944,22.314514313999094,24,15,9,11.533376227947883,10.746762517897878,0.9,35,35,0.7272727272727273,
200,scale_n0200,q_01,suql_baseline,1,30,34,28,6,2,0.8235294117647058,0.9333333333333332,0.8749999999999999,39.85179500398226,100,0,100,0.0,39.79974191187648,0.9,40,0,0.0,
200,scale_n0200,q_01,suql_baseline,2,30,34,28,6,2,0.8235294117647058,0.9333333333333332,0.8749999999999999,39.62895601597848,100,0,100,0.0,39.58101196784992,0.9,40,0,0.0,
200,scale_n0200,q_01,suql_baseline,3,30,34,28,6,2,0.8235294117647058,0.9333333333333332,0.8749999999999999,39.92694495699834,100,0,100,0.0,39.87179674790241,0.9,40,0,0.0,
200,scale_n0200,q_01,suql_baseline,4,30,34,28,6,2,0.8235294117647058,0.9333333333333332,0.8749999999999999,39.66367730899947,100,0,100,0.0,39.61415796924848,0.9,40,0,0.0,
200,scale_n0200,q_01,suql_baseline,5,30,34,28,6,2,0.8235294117647058,0.9333333333333332,0.8749999999999999,39.84311031503603,100,0,100,0.0,39.794885900919326,0.9,40,0,0.0,
200,scale_n0200,q_01,suql_baseline,6,30,34,28,6,2,0.8235294117647058,0.9333333333333332,0.8749999999999999,39.93185123294825,100,0,100,0.0,39.87813506484963,0.9,40,0,0.0,
200,scale_n0200,q_01,suql_baseline,7,30,34,28,6,2,0.8235294117647058,0.9333333333333332,0.8749999999999999,39.69600555900252,100,0,100,0.0,39.64727856131504,0.9,40,0,0.0,
200,scale_n0200,q_01,suql_baseline,8,30,34,28,6,2,0.8235294117647058,0.9333333333333332,0.8749999999999999,39.98854951100657,100,0,100,0.0,39.941882896993775,0.9,40,0,0.0,
200,scale_n0200,q_01,suql_baseline,9,30,34,28,6,2,0.8235294117647058,0.9333333333333332,0.8749999999999999,40.03918715199688,100,0,100,0.0,39.99168447317789,0.9,40,0,0.0,
200,scale_n0200,q_01,suql_baseline,10,30,34,28,6,2,0.8235294117647058,0.9333333333333332,0.8749999999999999,39.85133108095033,100,0,100,0.0,39.80281498591648,0.9,40,0,0.0,
200,scale_n0200,q_01,suql_baseline,11,30,34,28,6,2,0.8235294117647058,0.9333333333333332,0.8749999999999999,39.98182156303665,100,0,100,0.0,39.93178376322612,0.9,40,0,0.0,
200,scale_n0200,q_01,suql_baseline,12,30,34,28,6,2,0.8235294117647058,0.9333333333333332,0.8749999999999999,40.15309157496085,100,0,100,0.0,40.10548634151928,0.9,40,0,0.0,
200,scale_n0200,q_01,suql_baseline,13,30,34,28,6,2,0.8235294117647058,0.9333333333333332,0.8749999999999999,40.019083057995886,100,0,100,0.0,39.97042512288317,0.9,40,0,0.0,
200,scale_n0200,q_01,suql_baseline,14,30,34,28,6,2,0.8235294117647058,0.9333333333333332,0.8749999999999999,40.205546882003546,100,0,100,0.0,40.15343508118531,0.9,40,0,0.0,
200,scale_n0200,q_01,suql_baseline,15,30,34,28,6,2,0.8235294117647058,0.9333333333333332,0.8749999999999999,39.811646203976125,100,0,100,0.0,39.76362241443712,0.9,40,0,0.0,
200,scale_n0200,q_01,suql_baseline,16,30,34,28,6,2,0.8235294117647058,0.9333333333333332,0.8749999999999999,39.84294243698241,100,0,100,0.0,39.79082985501736,0.9,40,0,0.0,
200,scale_n0200,q_01,suql_baseline,17,30,34,28,6,2,0.8235294117647058,0.9333333333333332,0.8749999999999999,40.05840832402464,100,0,100,0.0,40.010567271208856,0.9,40,0,0.0,
200,scale_n0200,q_01,suql_baseline,18,30,34,28,6,2,0.8235294117647058,0.9333333333333332,0.8749999999999999,39.53138750197832,100,0,100,0.0,39.48375475616194,0.9,40,0,0.0,
200,scale_n0200,q_01,suql_baseline,19,30,34,28,6,2,0.8235294117647058,0.9333333333333332,0.8749999999999999,39.60557202203199,100,0,100,0.0,39.55628304340644,0.9,40,0,0.0,
200,scale_n0200,q_01,suql_baseline,20,30,34,28,6,2,0.8235294117647058,0.9333333333333332,0.8749999999999999,39.84068911004579,100,0,100,0.0,39.79348359553842,0.9,40,0,0.0,
200,scale_n0200,q_01,suql_baseline,21,30,34,28,6,2,0.8235294117647058,0.9333333333333332,0.8749999999999999,39.78499722800916,100,0,100,0.0,39.73525399988284,0.9,40,0,0.0,
200,scale_n0200,q_01,suql_baseline,22,30,34,28,6,2,0.8235294117647058,0.9333333333333332,0.8749999999999999,39.95612343598623,100,0,100,0.0,39.906407944101375,0.9,40,0,0.0,
200,scale_n0200,q_01,suql_baseline,23,30,34,28,6,2,0.8235294117647058,0.9333333333333332,0.8749999999999999,39.91962459200295,100,0,100,0.0,39.86984853015747,0.9,40,0,0.0,
200,scale_n0200,q_01,suql_baseline,24,30,34,28,6,2,0.8235294117647058,0.9333333333333332,0.8749999999999999,39.777339290012605,100,0,100,0.0,39.72494225396076,0.9,40,0,0.0,
200,scale_n0200,q_01,suql_baseline,25,30,34,28,6,2,0.8235294117647058,0.9333333333333332,0.8749999999999999,40.08232575998409,100,0,100,0.0,40.03118285990786,0.9,40,0,0.0,
200,scale_n0200,q_01,suql_baseline,26,30,34,28,6,2,0.8235294117647058,0.9333333333333332,0.8749999999999999,39.95475068001542,100,0,100,0.0,39.90204931376502,0.9,40,0,0.0,
200,scale_n0200,q_01,suql_baseline,27,30,34,28,6,2,0.8235294117647058,0.9333333333333332,0.8749999999999999,39.77605544100516,100,0,100,0.0,39.72565889928956,0.9,40,0,0.0,
200,scale_n0200,q_01,suql_baseline,28,30,34,28,6,2,0.8235294117647058,0.9333333333333332,0.8749999999999999,40.06152383296285,100,0,100,0.0,40.01080236176495,0.9,40,0,0.0,
200,scale_n0200,q_01,suql_baseline,29,30,34,28,6,2,0.8235294117647058,0.9333333333333332,0.8749999999999999,39.888660503027495,100,0,100,0.0,39.83514589432161,0.9,40,0,0.0,
200,scale_n0200,q_01,suql_baseline,30,30,34,28,6,2,0.8235294117647058,0.9333333333333332,0.8749999999999999,39.99560513696633,100,0,100,0.0,39.9468537059729,0.9,40,0,0.0,
200,scale_n0200,q_01,suql_baseline,31,30,34,28,6,2,0.8235294117647058,0.9333333333333332,0.8749999999999999,40.11943218001397,100,0,100,0.0,40.06754629703937,0.9,40,0,0.0,
200,scale_n0200,q_01,suql_baseline,32,30,34,28,6,2,0.8235294117647058,0.9333333333333332,0.8749999999999999,39.92315738700563,100,0,100,0.0,39.87359286681749,0.9,40,0,0.0,
200,scale_n0200,q_01,suql_baseline,33,30,34,28,6,2,0.8235294117647058,0.9333333333333332,0.8749999999999999,39.96712893201038,100,0,100,0.0,39.91949528688565,0.9,40,0,0.0,
200,scale_n0200,q_01,suql_baseline,34,30,34,28,6,2,0.8235294117647058,0.9333333333333332,0.8749999999999999,39.85516768298112,100,0,100,0.0,39.807090440997854,0.9,40,0,0.0,
200,scale_n0200,q_01,suql_baseline,35,30,34,28,6,2,0.8235294117647058,0.9333333333333332,0.8749999999999999,39.53256105497712,100,0,100,0.0,39.48694957286352,0.9,40,0,0.0,
200,scale_n0200,q_01,suql_baseline,36,30,34,28,6,2,0.8235294117647058,0.9333333333333332,0.8749999999999999,39.58616376697319,100,0,100,0.0,39.53775722521823,0.9,40,0,0.0,
200,scale_n0200,q_01,suql_baseline,37,30,34,28,6,2,0.8235294117647058,0.9333333333333332,0.8749999999999999,39.54202300903853,100,0,100,0.0,39.49353998614242,0.9,40,0,0.0,
200,scale_n0200,q_01,suql_baseline,38,30,34,28,6,2,0.8235294117647058,0.9333333333333332,0.8749999999999999,39.72985503904056,100,0,100,0.0,39.67780366889201,0.9,40,0,0.0,
200,scale_n0200,q_01,suql_baseline,39,30,34,28,6,2,0.8235294117647058,0.9333333333333332,0.8749999999999999,39.67162362800445,100,0,100,0.0,39.62388086417923,0.9,40,0,0.0,
200,scale_n0200,q_01,suql_baseline,40,30,34,28,6,2,0.8235294117647058,0.9333333333333332,0.8749999999999999,39.85632673400687,100,0,100,0.0,39.80751528404653,0.9,40,0,0.0,
200,scale_n0200,q_01,suql_baseline,41,30,34,28,6,2,0.8235294117647058,0.9333333333333332,0.8749999999999999,39.83887319400674,100,0,100,0.0,39.78932972595794,0.9,40,0,0.0,
200,scale_n0200,q_01,suql_baseline,42,30,34,28,6,2,0.8235294117647058,0.9333333333333332,0.8749999999999999,39.867994968022685,100,0,100,0.0,39.817729386733845,0.9,40,0,0.0,
200,scale_n0200,q_01,suql_baseline,43,30,34,28,6,2,0.8235294117647058,0.9333333333333332,0.8749999999999999,39.67576741799712,100,0,100,0.0,39.625100227596704,0.9,40,0,0.0,
200,scale_n0200,q_01,suql_baseline,44,30,34,28,6,2,0.8235294117647058,0.9333333333333332,0.8749999999999999,39.764903969015,100,0,100,0.0,39.71520776266698,0.9,40,0,0.0,
200,scale_n0200,q_01,suql_baseline,45,30,34,28,6,2,0.8235294117647058,0.9333333333333332,0.8749999999999999,39.56443775101798,100,0,100,0.0,39.51776719710324,0.9,40,0,0.0,
200,scale_n0200,q_01,suql_baseline,46,30,34,28,6,2,0.8235294117647058,0.9333333333333332,0.8749999999999999,39.49074895604281,100,0,100,0.0,39.444446154579055,0.9,40,0,0.0,
200,scale_n0200,q_01,suql_baseline,47,30,34,28,6,2,0.8235294117647058,0.9333333333333332,0.8749999999999999,39.34584075101884,100,0,100,0.0,39.29587263893336,0.9,40,0,0.0,
200,scale_n0200,q_01,suql_baseline,48,30,34,28,6,2,0.8235294117647058,0.9333333333333332,0.8749999999999999,39.496026451000944,100,0,100,0.0,39.44675099622691,0.9,40,0,0.0,
200,scale_n0200,q_01,suql_baseline,49,30,34,28,6,2,0.8235294117647058,0.9333333333333332,0.8749999999999999,39.618410789000336,100,0,100,0.0,39.571905962598976,0.9,40,0,0.0,
200,scale_n0200,q_01,suql_baseline,50,30,34,28,6,2,0.8235294117647058,0.9333333333333332,0.8749999999999999,39.744034994975664,100,0,100,0.0,39.69712774717482,0.9,40,0,0.0,
200,scale_n0200,q_01,suql_baseline,51,30,34,28,6,2,0.8235294117647058,0.9333333333333332,0.8749999999999999,39.5555655839853,100,0,100,0.0,39.50568094110349,0.9,40,0,0.0,
200,scale_n0200,q_01,suql_baseline,52,30,34,28,6,2,0.8235294117647058,0.9333333333333332,0.8749999999999999,39.556534820992965,100,0,100,0.0,39.510555871995166,0.9,40,0,0.0,
200,scale_n0200,q_01,suql_baseline,53,30,34,28,6,2,0.8235294117647058,0.9333333333333332,0.8749999999999999,39.77264609199483,100,0,100,0.0,39.72483949398156,0.9,40,0,0.0,
200,scale_n0200,q_01,suql_baseline,54,30,34,28,6,2,0.8235294117647058,0.9333333333333332,0.8749999999999999,39.6997752909665,100,0,100,0.0,39.65150612813886,0.9,40,0,0.0,
200,scale_n0200,q_01,suql_baseline,55,30,34,28,6,2,0.8235294117647058,0.9333333333333332,0.8749999999999999,39.64044042502064,100,0,100,0.0,39.593600079999305,0.9,40,0,0.0,
200,scale_n0200,q_01,suql_baseline,56,30,34,28,6,2,0.8235294117647058,0.9333333333333332,0.8749999999999999,39.65973875799682,100,0,100,0.0,39.61267397989286,0.9,40,0,0.0,
200,scale_n0200,q_01,suql_baseline,57,30,34,28,6,2,0.8235294117647058,0.9333333333333332,0.8749999999999999,39.72288590599783,100,0,100,0.0,39.67603525979212,0.9,40,0,0.0,
200,scale_n0200,q_01,suql_baseline,58,30,34,28,6,2,0.8235294117647058,0.9333333333333332,0.8749999999999999,39.6772972230101,100,0,100,0.0,39.62780307419598,0.9,40,0,0.0,
200,scale_n0200,q_01,suql_baseline,59,30,34,28,6,2,0.8235294117647058,0.9333333333333332,0.8749999999999999,39.63657642097678,100,0,100,0.0,39.58976080024149,0.9,40,0,0.0,
200,scale_n0200,q_01,suql_baseline,60,30,34,28,6,2,0.8235294117647058,0.9333333333333332,0.8749999999999999,39.51297919702483,100,0,100,0.0,39.46643474668963,0.9,40,0,0.0,
200,scale_n0200,q_01,suql_baseline,61,30,34,28,6,2,0.8235294117647058,0.9333333333333332,0.8749999999999999,39.72922150598606,100,0,100,0.0,39.68109995382838,0.9,40,0,0.0,
200,scale_n0200,q_01,suql_baseline,62,30,34,28,6,2,0.8235294117647058,0.9333333333333332,0.8749999999999999,39.74557168001775,100,0,100,0.0,39.69814774865517,0.9,40,0,0.0,
200,scale_n0200,q_01,suql_baseline,63,30,34,28,6,2,0.8235294117647058,0.9333333333333332,0.8749999999999999,39.80819333897671,100,0,100,0.0,39.76040715188719,0.9,40,0,0.0,
200,scale_n0200,q_01,suql_baseline,64,30,34,28,6,2,0.8235294117647058,0.9333333333333332,0.8749999999999999,40.072574996971525,100,0,100,0.0,40.024607081199065,0.9,40,0,0.0,
200,scale_n0200,q_01,suql_baseline,65,30,34,28,6,2,0.8235294117647058,0.9333333333333332,0.8749999999999999,39.73640235798666,100,0,100,0.0,39.688898676715326,0.9,40,0,0.0,
200,scale_n0200,q_01,suql_baseline,66,30,34,28,6,2,0.8235294117647058,0.9333333333333332,0.8749999999999999,39.73517098900629,100,0,100,0.0,39.686333291232586,0.9,40,0,0.0,
200,scale_n0200,q_01,suql_baseline,67,30,34,28,6,2,0.8235294117647058,0.9333333333333332,0.8749999999999999,39.7616049759672,100,0,100,0.0,39.71437983599026,0.9,40,0,0.0,
200,scale_n0200,q_01,suql_baseline,68,30,34,28,6,2,0.8235294117647058,0.9333333333333332,0.8749999999999999,39.54332304903073,100,0,100,0.0,39.49489783844911,0.9,40,0,0.0,
200,scale_n0200,q_01,suql_baseline,69,30,34,28,6,2,0.8235294117647058,0.9333333333333332,0.8749999999999999,39.54097026202362,100,0,100,0.0,39.49198339419672,0.9,40,0,0.0,
200,scale_n0200,q_01,suql_baseline,70,30,34,28,6,2,0.8235294117647058,0.9333333333333332,0.8749999999999999,39.88102607999463,100,0,100,0.0,39.82927973207552,0.9,40,0,0.0,
200,scale_n0200,q_01,suql_baseline,71,30,34,28,6,2,0.8235294117647058,0.9333333333333332,0.8749999999999999,39.89153988700127,100,0,100,0.0,39.84199848980643,0.9,40,0,0.0,
200,scale_n0200,q_01,suql_baseline,72,30,34,28,6,2,0.8235294117647058,0.9333333333333332,0.8749999999999999,40.080639056977816,100,0,100,0.0,40.03323645121418,0.9,40,0,0.0,
200,scale_n0200,q_01,suql_baseline,73,30,34,28,6,2,0.8235294117647058,0.9333333333333332,0.8749999999999999,39.71225844603032,100,0,100,0.0,39.66458206612151,0.9,40,0,0.0,
200,scale_n0200,q_01,suql_baseline,74,30,34,28,6,2,0.8235294117647058,0.9333333333333332,0.8749999999999999,39.6123515520012,100,0,100,0.0,39.56511602597311,0.9,40,0,0.0,
200,scale_n0200,q_01,suql_baseline,75,30,34,28,6,2,0.8235294117647058,0.9333333333333332,0.8749999999999999,39.63434637099272,100,0,100,0.0,39.58686436183052,0.9,40,0,0.0,
200,scale_n0200,q_01,suql_baseline,76,30,34,28,6,2,0.8235294117647058,0.9333333333333332,0.8749999999999999,39.805696608964354,100,0,100,0.0,39.75615957996342,0.9,40,0,0.0,
200,scale_n0200,q_01,suql_baseline,77,30,34,28,6,2,0.8235294117647058,0.9333333333333332,0.8749999999999999,39.95617018599296,100,0,100,0.0,39.90730987821007,0.9,40,0,0.0,
200,scale_n0200,q_01,suql_baseline,78,30,34,28,6,2,0.8235294117647058,0.9333333333333332,0.8749999999999999,39.98280341405189,100,0,100,0.0,39.93528261000756,0.9,40,0,0.0,
200,scale_n0200,q_01,suql_baseline,79,30,34,28,6,2,0.8235294117647058,0.9333333333333332,0.8749999999999999,39.58110531902639,100,0,100,0.0,39.5308500303654,0.9,40,0,0.0,
200,scale_n0200,q_01,suql_baseline,80,30,34,28,6,2,0.8235294117647058,0.9333333333333332,0.8749999999999999,39.97182054200675,100,0,100,0.0,39.92248620215105,0.9,40,0,0.0,
200,scale_n0200,q_01,suql_baseline,81,30,34,28,6,2,0.8235294117647058,0.9333333333333332,0.8749999999999999,39.840289399027824,100,0,100,0.0,39.78921274992172,0.9,40,0,0.0,
200,scale_n0200,q_01,suql_baseline,82,30,34,28,6,2,0.8235294117647058,0.9333333333333332,0.8749999999999999,39.67448076198343,100,0,100,0.0,39.62811381701613,0.9,40,0,0.0,
200,scale_n0200,q_01,suql_baseline,83,30,34,28,6,2,0.8235294117647058,0.9333333333333332,0.8749999999999999,39.772204880951904,100,0,100,0.0,39.7247059319634,0.9,40,0,0.0,
200,scale_n0200,q_01,suql_baseline,84,30,34,28,6,2,0.8235294117647058,0.9333333333333332,0.8749999999999999,39.80407772696344,100,0,100,0.0,39.753983595001046,0.9,40,0,0.0,
200,scale_n0200,q_01,suql_baseline,85,30,34,28,6,2,0.8235294117647058,0.9333333333333332,0.8749999999999999,39.53570822998881,100,0,100,0.0,39.48918558168225,0.9,40,0,0.0,
200,scale_n0200,q_01,suql_baseline,86,30,34,28,6,2,0.8235294117647058,0.9333333333333332,0.8749999999999999,39.61803770402912,100,0,100,0.0,39.56813368300209,0.9,40,0,0.0,
200,scale_n0200,q_01,suql_baseline,87,30,34,28,6,2,0.8235294117647058,0.9333333333333332,0.8749999999999999,39.5096071229782,100,0,100,0.0,39.46198842104059,0.9,40,0,0.0,
200,scale_n0200,q_01,suql_baseline,88,30,34,28,6,2,0.8235294117647058,0.9333333333333332,0.8749999999999999,39.13094119500602,100,0,100,0.0,39.08489357185317,0.9,40,0,0.0,
200,scale_n0200,q_01,suql_baseline,89,30,34,28,6,2,0.8235294117647058,0.9333333333333332,0.8749999999999999,39.14282774500316,100,0,100,0.0,39.09300990391057,0.9,40,0,0.0,
200,scale_n0200,q_01,suql_baseline,90,30,34,28,6,2,0.8235294117647058,0.9333333333333332,0.8749999999999999,39.210092015971895,100,0,100,0.0,39.16417192807421,0.9,40,0,0.0,
200,scale_n0200,q_01,suql_baseline,91,30,34,28,6,2,0.8235294117647058,0.9333333333333332,0.8749999999999999,39.16243645304348,100,0,100,0.0,39.11466699477751,0.9,40,0,0.0,
200,scale_n0200,q_01,suql_baseline,92,30,34,28,6,2,0.8235294117647058,0.9333333333333332,0.8749999999999999,39.25529287697282,100,0,100,0.0,39.20903678733157,0.9,40,0,0.0,
200,scale_n0200,q_01,suql_baseline,93,30,34,28,6,2,0.8235294117647058,0.9333333333333332,0.8749999999999999,39.35407888202462,100,0,100,0.0,39.306528516928665,0.9,40,0,0.0,
200,scale_n0200,q_01,suql_baseline,94,30,34,28,6,2,0.8235294117647058,0.9333333333333332,0.8749999999999999,39.43129991000751,100,0,100,0.0,39.385010033787694,0.9,40,0,0.0,
200,scale_n0200,q_01,suql_baseline,95,30,34,28,6,2,0.8235294117647058,0.9333333333333332,0.8749999999999999,39.359731397998985,100,0,100,0.0,39.31341155717382,0.9,40,0,0.0,
200,scale_n0200,q_01,suql_baseline,96,30,34,28,6,2,0.8235294117647058,0.9333333333333332,0.8749999999999999,39.32283769000787,100,0,100,0.0,39.27680729090935,0.9,40,0,0.0,
200,scale_n0200,q_01,suql_baseline,97,30,34,28,6,2,0.8235294117647058,0.9333333333333332,0.8749999999999999,39.21742489997996,100,0,100,0.0,39.17097125179134,0.9,40,0,0.0,
200,scale_n0200,q_01,suql_baseline,98,30,34,28,6,2,0.8235294117647058,0.9333333333333332,0.8749999999999999,39.35022798401769,100,0,100,0.0,39.30564343527658,0.9,40,0,0.0,
200,scale_n0200,q_01,suql_baseline,99,30,34,28,6,2,0.8235294117647058,0.9333333333333332,0.8749999999999999,39.34640926204156,100,0,100,0.0,39.30201842001407,0.9,40,0,0.0,
200,scale_n0200,q_01,suql_baseline,100,30,34,28,6,2,0.8235294117647058,0.9333333333333332,0.8749999999999999,39.259033091017045,100,0,100,0.0,39.21159808547236,0.9,40,0,0.0,
200,scale_n0200,q_01,trummer_v1,1,30,26,24,2,6,0.9230769230769232,0.8,0.8571428571428571,31.028388065984476,36,19,17,14.549625777930489,16.42522074189037,0.9,40,40,0.5714285714285714,
200,scale_n0200,q_01,trummer_v1,2,30,28,24,4,6,0.8571428571428571,0.8,0.8275862068965518,28.32958115095971,35,20,15,13.136529693030752,15.140383816906253,0.9,40,40,0.75,
200,scale_n0200,q_01,trummer_v1,3,30,28,24,4,6,0.8571428571428571,0.8,0.8275862068965518,28.669115480035543,35,20,15,13.124415132973809,15.493654469959438,0.9,40,40,0.75,
200,scale_n0200,q_01,trummer_v1,4,30,28,24,4,6,0.8571428571428571,0.8,0.8275862068965518,28.62602596601937,35,20,15,13.145755066885611,15.428755366767293,0.9,40,40,0.75,
200,scale_n0200,q_01,trummer_v1,5,30,28,24,4,6,0.8571428571428571,0.8,0.8275862068965518,28.54975295299664,35,20,15,13.1173525970662,15.38084530690685,0.9,40,40,0.75,
200,scale_n0200,q_01,trummer_v1,6,30,28,24,4,6,0.8571428571428571,0.8,0.8275862068965518,28.6024445189978,35,20,15,13.124956906191072,15.424583636806346,0.9,40,40,0.75,
200,scale_n0200,q_01,trummer_v1,7,30,28,24,4,6,0.8571428571428571,0.8,0.8275862068965518,28.64841913903365,35,20,15,13.144220118119849,15.452019619871862,0.9,40,40,0.75,
200,scale_n0200,q_01,trummer_v1,8,30,28,24,4,6,0.8571428571428571,0.8,0.8275862068965518,28.57799195603002,35,20,15,13.109941519913264,15.416987631935626,0.9,40,40,0.75,
200,scale_n0200,q_01,trummer_v1,9,30,28,24,4,6,0.8571428571428571,0.8,0.8275862068965518,28.59103240503464,35,20,15,13.10042642703047,15.437579785939306,0.9,40,40,0.75,
200,scale_n0200,q_01,trummer_v1,10,30,28,24,4,6,0.8571428571428571,0.8,0.8275862068965518,28.625157216971274,35,20,15,13.135224538040347,15.441519812913612,0.9,40,40,0.75,
200,scale_n0200,q_01,trummer_v1,11,30,28,24,4,6,0.8571428571428571,0.8,0.8275862068965518,28.61838835297385,35,20,15,13.09706770593766,15.468633297015913,0.9,40,40,0.75,
200,scale_n0200,q_01,trummer_v1,12,30,28,24,4,6,0.8571428571428571,0.8,0.8275862068965518,28.668131358048413,35,20,15,13.13964857289102,15.476267243095208,0.9,40,40,0.75,
200,scale_n0200,q_01,trummer_v1,13,30,28,24,4,6,0.8571428571428571,0.8,0.8275862068965518,28.579644198995084,35,20,15,13.11124449101044,15.41748227016069,0.9,40,40,0.75,
200,scale_n0200,q_01,trummer_v1,14,30,28,24,4,6,0.8571428571428571,0.8,0.8275862068965518,28.47599376598373,35,20,15,13.062533021031411,15.361535113945138,0.9,40,40,0.75,
200,scale_n0200,q_01,trummer_v1,15,30,28,24,4,6,0.8571428571428571,0.8,0.8275862068965518,28.610892774013337,35,20,15,13.110371756076349,15.449029411072845,0.9,40,40,0.75,
200,scale_n0200,q_01,trummer_v1,16,30,28,24,4,6,0.8571428571428571,0.8,0.8275862068965518,28.59715419000713,35,20,15,13.088712152966764,15.456493325124027,0.9,40,40,0.75,
200,scale_n0200,q_01,trummer_v1,17,30,28,24,4,6,0.8571428571428571,0.8,0.8275862068965518,28.713432024000213,35,20,15,13.184237827023026,15.476611864112783,0.9,40,40,0.75,
200,scale_n0200,q_01,trummer_v1,18,30,28,24,4,6,0.8571428571428571,0.8,0.8275862068965518,28.60316730599152,35,20,15,13.133639233885331,15.41814554593293,0.9,40,40,0.75,
200,scale_n0200,q_01,trummer_v1,19,30,28,24,4,6,0.8571428571428571,0.8,0.8275862068965518,28.61355626903241,35,20,15,13.121477857930586,15.43862976814853,0.9,40,40,0.75,
200,scale_n0200,q_01,trummer_v1,20,30,28,24,4,6,0.8571428571428571,0.8,0.8275862068965518,28.599166261032224,35,20,15,13.088378799031489,15.460676628048532,0.9,40,40,0.75,
200,scale_n0200,q_01,trummer_v1,21,30,28,24,4,6,0.8571428571428571,0.8,0.8275862068965518,28.671240845986176,35,20,15,13.166037090995816,15.454463956062682,0.9,40,40,0.75,
200,scale_n0200,q_01,trummer_v1,22,30,28,24,4,6,0.8571428571428571,0.8,0.8275862068965518,28.620495492010377,35,20,15,13.190310203935953,15.379878987907432,0.9,40,40,0.75,
200,scale_n0200,q_01,trummer_v1,23,30,28,24,4,6,0.8571428571428571,0.8,0.8275862068965518,28.624688099022023,35,20,15,13.097169595013838,15.478505407110788,0.9,40,40,0.75,
200,scale_n0200,q_01,trummer_v1,24,30,28,24,4,6,0.8571428571428571,0.8,0.8275862068965518,28.647685042000376,35,20,15,13.14270352810854,15.4554345360375,0.9,40,40,0.75,
200,scale_n0200,q_01,trummer_v1,25,30,28,24,4,6,0.8571428571428571,0.8,0.8275862068965518,28.70836697204504,35,20,15,13.177300918090625,15.480823292047717,0.9,40,40,0.75,
200,scale_n0200,q_01,trummer_v1,26,30,28,24,4,6,0.8571428571428571,0.8,0.8275862068965518,28.58870331896469,35,20,15,13.096722863032484,15.442551979911514,0.9,40,40,0.75,
200,scale_n0200,q_01,trummer_v1,27,30,28,24,4,6,0.8571428571428571,0.8,0.8275862068965518,28.599132035975344,35,20,15,13.114669214002788,15.43231162399752,0.9,40,40,0.75,
200,scale_n0200,q_01,trummer_v1,28,30,28,24,4,6,0.8571428571428571,0.8,0.8275862068965518,28.659810904006008,35,20,15,13.140081281017046,15.467105768970214,0.9,40,40,0.75,
200,scale_n0200,q_01,trummer_v1,29,30,28,24,4,6,0.8571428571428571,0.8,0.8275862068965518,28.51260942796944,35,20,15,13.093016917875502,15.368748798035083,0.9,40,40,0.75,
200,scale_n0200,q_01,trummer_v1,30,30,28,24,4,6,0.8571428571428571,0.8,0.8275862068965518,28.537420679989737,35,20,15,13.073958059947472,15.411245629133193,0.9,40,40,0.75,
200,scale_n0200,q_01,trummer_v1,31,30,28,24,4,6,0.8571428571428571,0.8,0.8275862068965518,28.53850185504416,35,20,15,13.102462022157852,15.384861415775958,0.9,40,40,0.75,
200,scale_n0200,q_01,trummer_v1,32,30,28,24,4,6,0.8571428571428571,0.8,0.8275862068965518,28.571119653992355,35,20,15,13.109506021079142,15.410174804157576,0.9,40,40,0.75,
200,scale_n0200,q_01,trummer_v1,33,30,28,24,4,6,0.8571428571428571,0.8,0.8275862068965518,28.564222520974,35,20,15,13.09266965300776,15.420491332770323,0.9,40,40,0.75,
200,scale_n0200,q_01,trummer_v1,34,30,28,24,4,6,0.8571428571428571,0.8,0.8275862068965518,28.543986979988404,35,20,15,13.07688625989249,15.414996866020374,0.9,40,40,0.75,
200,scale_n0200,q_01,trummer_v1,35,30,28,24,4,6,0.8571428571428571,0.8,0.8275862068965518,28.582136967976112,35,20,15,13.124786685220895,15.405543570173904,0.9,40,40,0.75,
200,scale_n0200,q_01,trummer_v1,36,30,28,24,4,6,0.8571428571428571,0.8,0.8275862068965518,28.53542940499028,35,20,15,13.131176040042192,15.353105899004731,0.9,40,40,0.75,
200,scale_n0200,q_01,trummer_v1,37,30,28,24,4,6,0.8571428571428571,0.8,0.8275862068965518,28.57850268500624,35,20,15,13.117821666121015,15.41213463403983,0.9,40,40,0.75,
200,scale_n0200,q_01,trummer_v1,38,30,28,24,4,6,0.8571428571428571,0.8,0.8275862068965518,28.55269798700465,35,20,15,13.08670273097232,15.414698900014628,0.9,40,40,0.75,
200,scale_n0200,q_01,trummer_v1,39,30,28,24,4,6,0.8571428571428571,0.8,0.8275862068965518,28.52341519400943,35,20,15,13.054393611033449,15.41962793795392,0.9,40,40,0.75,
200,scale_n0200,q_01,trummer_v1,40,30,28,24,4,6,0.8571428571428571,0.8,0.8275862068965518,28.57997122296365,35,20,15,13.110500481096096,15.417439581011422,0.9,40,40,0.75,
200,scale_n0200,q_01,trummer_v1,41,30,28,24,4,6,0.8571428571428571,0.8,0.8275862068965518,28.51968643197324,35,20,15,13.041823463048786,15.425875917833764,0.9,40,40,0.75,
200,scale_n0200,q_01,trummer_v1,42,30,28,24,4,6,0.8571428571428571,0.8,0.8275862068965518,28.610090743983164,35,20,15,13.140704168879893,15.417019062151669,0.9,40,40,0.75,
200,scale_n0200,q_01,trummer_v1,43,30,28,24,4,6,0.8571428571428571,0.8,0.8275862068965518,28.562197157007176,35,20,15,13.101774001028389,15.410064696974588,0.9,40,40,0.75,
200,scale_n0200,q_01,trummer_v1,44,30,28,24,4,6,0.8571428571428571,0.8,0.8275862068965518,28.537699638982303,35,20,15,13.114119969017338,15.37407514784718,0.9,40,40,0.75,
200,scale_n0200,q_01,trummer_v1,45,30,28,24,4,6,0.8571428571428571,0.8,0.8275862068965518,28.59619540598942,35,20,15,13.147202696127351,15.397766302980015,0.9,40,40,0.75,
200,scale_n0200,q_01,trummer_v1,46,30,28,24,4,6,0.8571428571428571,0.8,0.8275862068965518,28.5856437140028,35,20,15,13.080936503130944,15.45311205793405,0.9,40,40,0.75,
200,scale_n0200,q_01,trummer_v1,47,30,28,24,4,6,0.8571428571428571,0.8,0.8275862068965518,28.52945298998384,35,20,15,13.067202926962636,15.412517970835324,0.9,40,40,0.75,
200,scale_n0200,q_01,trummer_v1,48,30,28,24,4,6,0.8571428571428571,0.8,0.8275862068965518,28.498710985993966,35,20,15,13.076216331101024,15.36990477796644,0.9,40,40,0.75,
200,scale_n0200,q_01,trummer_v1,49,30,28,24,4,6,0.8571428571428571,0.8,0.8275862068965518,28.516837019997183,35,20,15,13.077195074874908,15.389188755187206,0.9,40,40,0.75,
200,scale_n0200,q_01,trummer_v1,50,30,28,24,4,6,0.8571428571428571,0.8,0.8275862068965518,28.628019900992516,35,20,15,13.055813121958636,15.52122488396708,0.9,40,40,0.75,
200,scale_n0200,q_01,trummer_v1,51,30,28,24,4,6,0.8571428571428571,0.8,0.8275862068965518,28.60270620498341,35,20,15,13.114105443179142,15.43789974891115,0.9,40,40,0.75,
200,scale_n0200,q_01,trummer_v1,52,30,28,24,4,6,0.8571428571428571,0.8,0.8275862068965518,28.49678796099033,35,20,15,13.051600532897282,15.39351263095159,0.9,40,40,0.75,
200,scale_n0200,q_01,trummer_v1,53,30,28,24,4,6,0.8571428571428571,0.8,0.8275862068965518,28.555924615997355,35,20,15,13.092832139052916,15.410535701841582,0.9,40,40,0.75,
200,scale_n0200,q_01,trummer_v1,54,30,28,24,4,6,0.8571428571428571,0.8,0.8275862068965518,28.573153342993464,35,20,15,13.12474423792446,15.399363979056943,0.9,40,40,0.75,
200,scale_n0200,q_01,trummer_v1,55,30,28,24,4,6,0.8571428571428571,0.8,0.8275862068965518,28.567087866016664,35,20,15,13.066878345096484,15.4499571340275,0.9,40,40,0.75,
200,scale_n0200,q_01,trummer_v1,56,30,28,24,4,6,0.8571428571428571,0.8,0.8275862068965518,28.51782379602082,35,20,15,13.025876954139676,15.44189861783525,0.9,40,40,0.75,
200,scale_n0200,q_01,trummer_v1,57,30,28,24,4,6,0.8571428571428571,0.8,0.8275862068965518,28.550721232022624,35,20,15,13.072322223975789,15.42671277897898,0.9,40,40,0.75,
200,scale_n0200,q_01,trummer_v1,58,30,28,24,4,6,0.8571428571428571,0.8,0.8275862068965518,28.561905847978775,35,20,15,13.120687355985863,15.389077170111705,0.9,40,40,0.75,
200,scale_n0200,q_01,trummer_v1,59,30,28,24,4,6,0.8571428571428571,0.8,0.8275862068965518,28.59511504496913,35,20,15,13.133317727886606,15.409538625972344,0.9,40,40,0.75,
200,scale_n0200,q_01,trummer_v1,60,30,28,24,4,6,0.8571428571428571,0.8,0.8275862068965518,28.611114015977364,35,20,15,13.119852938049007,15.440110221970826,0.9,40,40,0.75,
200,scale_n0200,q_01,trummer_v1,61,30,28,24,4,6,0.8571428571428571,0.8,0.8275862068965518,28.585542718006764,35,20,15,13.132418386114296,15.401370862033218,0.9,40,40,0.75,
200,scale_n0200,q_01,trummer_v1,62,30,28,24,4,6,0.8571428571428571,0.8,0.8275862068965518,28.56583824998233,35,20,15,13.084248049883172,15.43211217992939,0.9,40,40,0.75,
200,scale_n0200,q_01,trummer_v1,63,30,28,24,4,6,0.8571428571428571,0.8,0.8275862068965518,28.605728177004494,35,20,15,13.132535010925494,15.420372934022453,0.9,40,40,0.75,
200,scale_n0200,q_01,trummer_v1,64,30,28,24,4,6,0.8571428571428571,0.8,0.8275862068965518,28.555282174027525,35,20,15,13.07052769616712,15.433547405933496,0.9,40,40,0.75,
200,scale_n0200,q_01,trummer_v1,65,30,28,24,4,6,0.8571428571428571,0.8,0.8275862068965518,28.56358460697811,35,20,15,13.089430277061185,15.42212902090978,0.9,40,40,0.75,
200,scale_n0200,q_01,trummer_v1,66,30,28,24,4,6,0.8571428571428571,0.8,0.8275862068965518,28.5639599810238,35,20,15,13.089755038090516,15.422647655999754,0.9,40,40,0.75,
200,scale_n0200,q_01,trummer_v1,67,30,28,24,4,6,0.8571428571428571,0.8,0.8275862068965518,28.613629528030287,35,20,15,13.120842481905129,15.44182974199066,0.9,40,40,0.75,
200,scale_n0200,q_01,trummer_v1,68,30,28,24,4,6,0.8571428571428571,0.8,0.8275862068965518,28.547726170974784,35,20,15,13.104968079074752,15.39108307810966,0.9,40,40,0.75,
200,scale_n0200,q_01,trummer_v1,69,30,28,24,4,6,0.8571428571428571,0.8,0.8275862068965518,28.58982374699553,35,20,15,13.121463819989003,15.41610169003252,0.9,40,40,0.75,
200,scale_n0200,q_01,trummer_v1,70,30,28,24,4,6,0.8571428571428571,0.8,0.8275862068965518,28.62110716302413,35,20,15,13.09827247512294,15.471432298072614,0.9,40,40,0.75,
200,scale_n0200,q_01,trummer_v1,71,30,28,24,4,6,0.8571428571428571,0.8,0.8275862068965518,28.56538729299791,35,20,15,13.0888594550197,15.425101284927225,0.9,40,40,0.75,
200,scale_n0200,q_01,trummer_v1,72,30,28,24,4,6,0.8571428571428571,0.8,0.8275862068965518,28.576784271979704,35,20,15,13.100177813961636,15.4271260050009,0.9,40,40,0.75,
200,scale_n0200,q_01,trummer_v1,73,30,28,24,4,6,0.8571428571428571,0.8,0.8275862068965518,28.624128370021936,35,20,15,13.121248433948494,15.451946460874751,0.9,40,40,0.75,
200,scale_n0200,q_01,trummer_v1,74,30,28,24,4,6,0.8571428571428571,0.8,0.8275862068965518,28.58350289799273,35,20,15,13.096042462158948,15.43677779904101,0.9,40,40,0.75,
200,scale_n0200,q_01,trummer_v1,75,30,28,24,4,6,0.8571428571428571,0.8,0.8275862068965518,28.534124327998143,35,20,15,13.107166796980891,15.37809776404174,0.9,40,40,0.75,
200,scale_n0200,q_01,trummer_v1,76,30,28,24,4,6,0.8571428571428571,0.8,0.8275862068965518,28.60461928398581,35,20,15,13.119788228010291,15.434958197001832,0.9,40,40,0.75,
200,scale_n0200,q_01,trummer_v1,77,30,28,24,4,6,0.8571428571428571,0.8,0.8275862068965518,28.537794449017383,35,20,15,13.084979041886982,15.402259672060609,0.9,40,40,0.75,
200,scale_n0200,q_01,trummer_v1,78,30,28,24,4,6,0.8571428571428571,0.8,0.8275862068965518,28.502818526991177,35,20,15,13.091321314976083,15.359365252021234,0.9,40,40,0.75,
200,scale_n0200,q_01,trummer_v1,79,30,28,24,4,6,0.8571428571428571,0.8,0.8275862068965518,28.47951741499128,35,20,15,13.043060844938736,15.383471686858684,0.9,40,40,0.75,
200,scale_n0200,q_01,trummer_v1,80,30,28,24,4,6,0.8571428571428571,0.8,0.8275862068965518,28.642204830015544,35,20,15,13.159864440036472,15.430533163889775,0.9,40,40,0.75,
200,scale_n0200,q_01,trummer_v1,81,30,28,24,4,6,0.8571428571428571,0.8,0.8275862068965518,28.50272978801513,35,20,15,13.072671205038205,15.378585600003134,0.9,40,40,0.75,
200,scale_n0200,q_01,trummer_v1,82,30,28,24,4,6,0.8571428571428571,0.8,0.8275862068965518,28.48625894205179,35,20,15,13.054827856074551,15.378001650969964,0.9,40,40,0.75,
200,scale_n0200,q_01,trummer_v1,83,30,28,24,4,6,0.8571428571428571,0.8,0.8275862068965518,28.49171326798387,35,20,15,13.068909805850126,15.369982648000589,0.9,40,40,0.75,
200,scale_n0200,q_01,trummer_v1,84,30,28,24,4,6,0.8571428571428571,0.8,0.8275862068965518,28.55119749699952,35,20,15,13.076653620926663,15.41869066504296,0.9,40,40,0.75,
200,scale_n0200,q_01,trummer_v1,85,30,28,24,4,6,0.8571428571428571,0.8,0.8275862068965518,28.531246234022547,35,20,15,13.085777065018192,15.392954591021407,0.9,40,40,0.75,
200,scale_n0200,q_01,trummer_v1,86,30,28,24,4,6,0.8571428571428571,0.8,0.8275862068965518,28.54077140602749,35,20,15,13.106171730032656,15.380968459998256,0.9,40,40,0.75,
200,scale_n0200,q_01,trummer_v1,87,30,28,24,4,6,0.8571428571428571,0.8,0.8275862068965518,28.47809164901264,35,20,15,13.060665337136015,15.36393417819636,0.9,40,40,0.75,
200,scale_n0200,q_01,trummer_v1,88,30,28,24,4,6,0.8571428571428571,0.8,0.8275862068965518,28.52752914599841,35,20,15,13.091894675977528,15.381432904978285,0.9,40,40,0.75,
200,scale_n0200,q_01,trummer_v1,89,30,28,24,4,6,0.8571428571428571,0.8,0.8275862068965518,28.489474088943098,35,20,15,13.051497653767,15.383205844089389,0.9,40,40,0.75,
200,scale_n0200,q_01,trummer_v1,90,30,28,24,4,6,0.8571428571428571,0.8,0.8275862068965518,28.53575380903203,35,20,15,13.097277835884595,15.381899579020684,0.9,40,40,0.75,
200,scale_n0200,q_01,trummer_v1,91,30,28,24,4,6,0.8571428571428571,0.8,0.8275862068965518,28.580856001994107,35,20,15,13.095282669062726,15.432983681967016,0.9,40,40,0.75,
200,scale_n0200,q_01,trummer_v1,92,30,28,24,4,6,0.8571428571428571,0.8,0.8275862068965518,28.5444352600025,35,20,15,13.094887022103649,15.394187647092622,0.9,40,40,0.75,
200,scale_n0200,q_01,trummer_v1,93,30,28,24,4,6,0.8571428571428571,0.8,0.8275862068965518,28.485286051989533,35,20,15,13.049103376979474,15.380801055813208,0.9,40,40,0.75,
200,scale_n0200,q_01,trummer_v1,94,30,28,24,4,6,0.8571428571428571,0.8,0.8275862068965518,28.47671534004621,35,20,15,13.04055378906196,15.379269436874893,0.9,40,40,0.75,
200,scale_n0200,q_01,trummer_v1,95,30,28,24,4,6,0.8571428571428571,0.8,0.8275862068965518,28.52144567499636,35,20,15,13.0475071889814,15.41855913598556,0.9,40,40,0.75,
200,scale_n0200,q_01,trummer_v1,96,30,28,24,4,6,0.8571428571428571,0.8,0.8275862068965518,28.523953443975188,35,20,15,13.067069936718326,15.399557767086662,0.9,40,40,0.75,
200,scale_n0200,q_01,trummer_v1,97,30,28,24,4,6,0.8571428571428571,0.8,0.8275862068965518,28.527131078997627,35,20,15,13.065114334982354,15.405981389107184,0.9,40,40,0.75,
200,scale_n0200,q_01,trummer_v1,98,30,28,24,4,6,0.8571428571428571,0.8,0.8275862068965518,28.464513054001145,35,20,15,13.053646313026547,15.357618161826394,0.9,40,40,0.75,
200,scale_n0200,q_01,trummer_v1,99,30,28,24,4,6,0.8571428571428571,0.8,0.8275862068965518,28.54833514901111,35,20,15,13.07497437496204,15.418411311868113,0.9,40,40,0.75,
200,scale_n0200,q_01,trummer_v1,100,30,28,24,4,6,0.8571428571428571,0.8,0.8275862068965518,28.532368164043877,35,20,15,13.071633276180364,15.405002279905602,0.9,40,40,0.75,
300,scale_n0300,q_01,suql_baseline,1,45,49,42,7,3,0.8571428571428571,0.9333333333333332,0.8936170212765957,57.61810461099958,147,0,147,0.0,57.55109073140193,0.9,60,0,0.0,
300,scale_n0300,q_01,suql_baseline,2,45,49,42,7,3,0.8571428571428571,0.9333333333333332,0.8936170212765957,57.84846875100629,147,0,147,0.0,57.77881008497207,0.9,60,0,0.0,
300,scale_n0300,q_01,suql_baseline,3,45,49,42,7,3,0.8571428571428571,0.9333333333333332,0.8936170212765957,57.790216145978775,147,0,147,0.0,57.71704099368071,0.9,60,0,0.0,
300,scale_n0300,q_01,suql_baseline,4,45,49,42,7,3,0.8571428571428571,0.9333333333333332,0.8936170212765957,57.75871261500288,147,0,147,0.0,57.69097902695648,0.9,60,0,0.0,
300,scale_n0300,q_01,suql_baseline,5,45,49,42,7,3,0.8571428571428571,0.9333333333333332,0.8936170212765957,58.112028750998434,147,0,147,0.0,58.0452784827794,0.9,60,0,0.0,
300,scale_n0300,q_01,suql_baseline,6,45,49,42,7,3,0.8571428571428571,0.9333333333333332,0.8936170212765957,58.20065304700984,147,0,147,0.0,58.13157425884856,0.9,60,0,0.0,
300,scale_n0300,q_01,suql_baseline,7,45,49,42,7,3,0.8571428571428571,0.9333333333333332,0.8936170212765957,58.02451384003507,147,0,147,0.0,57.95861403475283,0.9,60,0,0.0,
300,scale_n0300,q_01,suql_baseline,8,45,49,42,7,3,0.8571428571428571,0.9333333333333332,0.8936170212765957,57.819771269045305,147,0,147,0.0,57.74771373026306,0.9,60,0,0.0,
300,scale_n0300,q_01,suql_baseline,9,45,49,42,7,3,0.8571428571428571,0.9333333333333332,0.8936170212765957,58.04165902198292,147,0,147,0.0,57.97166682226816,0.9,60,0,0.0,
300,scale_n0300,q_01,suql_baseline,10,45,49,42,7,3,0.8571428571428571,0.9333333333333332,0.8936170212765957,57.90210480499081,147,0,147,0.0,57.83608649496455,0.9,60,0,0.0,
300,scale_n0300,q_01,suql_baseline,11,45,49,42,7,3,0.8571428571428571,0.9333333333333332,0.8936170212765957,57.87926152598811,147,0,147,0.0,57.810808184091,0.9,60,0,0.0,
300,scale_n0300,q_01,suql_baseline,12,45,49,42,7,3,0.8571428571428571,0.9333333333333332,0.8936170212765957,57.55341781297466,147,0,147,0.0,57.48604731907835,0.9,60,0,0.0,
300,scale_n0300,q_01,suql_baseline,13,45,49,42,7,3,0.8571428571428571,0.9333333333333332,0.8936170212765957,57.85883606498828,147,0,147,0.0,57.78994694718858,0.9,60,0,0.0,
300,scale_n0300,q_01,suql_baseline,14,45,49,42,7,3,0.8571428571428571,0.9333333333333332,0.8936170212765957,57.70083240704844,147,0,147,0.0,57.62828111491399,0.9,60,0,0.0,
300,scale_n0300,q_01,suql_baseline,15,45,49,42,7,3,0.8571428571428571,0.9333333333333332,0.8936170212765957,57.73012983798981,147,0,147,0.0,57.66122424590867,0.9,60,0,0.0,
300,scale_n0300,q_01,suql_baseline,16,45,49,42,7,3,0.8571428571428571,0.9333333333333332,0.8936170212765957,57.991384772001766,147,0,147,0.0,57.92363206477603,0.9,60,0,0.0,
300,scale_n0300,q_01,suql_baseline,17,45,49,42,7,3,0.8571428571428571,0.9333333333333332,0.8936170212765957,58.17711396800587,147,0,147,0.0,58.10416471021017,0.9,60,0,0.0,
300,scale_n0300,q_01,suql_baseline,18,45,49,42,7,3,0.8571428571428571,0.9333333333333332,0.8936170212765957,57.94561752397567,147,0,147,0.0,57.87353910726961,0.9,60,0,0.0,
300,scale_n0300,q_01,suql_baseline,19,45,49,42,7,3,0.8571428571428571,0.9333333333333332,0.8936170212765957,57.960517767991405,147,0,147,0.0,57.88951209763764,0.9,60,0,0.0,
300,scale_n0300,q_01,suql_baseline,20,45,49,42,7,3,0.8571428571428571,0.9333333333333332,0.8936170212765957,58.198045780998655,147,0,147,0.0,58.1320740270894,0.9,60,0,0.0,
300,scale_n0300,q_01,suql_baseline,21,45,49,42,7,3,0.8571428571428571,0.9333333333333332,0.8936170212765957,57.92190607095836,147,0,147,0.0,57.85446339612827,0.9,60,0,0.0,
300,scale_n0300,q_01,suql_baseline,22,45,49,42,7,3,0.8571428571428571,0.9333333333333332,0.8936170212765957,57.91543072497007,147,0,147,0.0,57.84548888349673,0.9,60,0,0.0,
300,scale_n0300,q_01,suql_baseline,23,45,49,42,7,3,0.8571428571428571,0.9333333333333332,0.8936170212765957,57.889934803009965,147,0,147,0.0,57.81903172150487,0.9,60,0,0.0,
300,scale_n0300,q_01,suql_baseline,24,45,49,42,7,3,0.8571428571428571,0.9333333333333332,0.8936170212765957,57.94583226303803,147,0,147,0.0,57.87643891561311,0.9,60,0,0.0,
300,scale_n0300,q_01,suql_baseline,25,45,49,42,7,3,0.8571428571428571,0.9333333333333332,0.8936170212765957,57.79200748802396,147,0,147,0.0,57.72233785700519,0.9,60,0,0.0,
300,scale_n0300,q_01,suql_baseline,26,45,49,42,7,3,0.8571428571428571,0.9333333333333332,0.8936170212765957,57.817691040050704,147,0,147,0.0,57.74606945924461,0.9,60,0,0.0,
300,scale_n0300,q_01,suql_baseline,27,45,49,42,7,3,0.8571428571428571,0.9333333333333332,0.8936170212765957,57.822296311031096,147,0,147,0.0,57.75372955790954,0.9,60,0,0.0,
300,scale_n0300,q_01,suql_baseline,28,45,49,42,7,3,0.8571428571428571,0.9333333333333332,0.8936170212765957,57.883078296959866,147,0,147,0.0,57.809748889529146,0.9,60,0,0.0,
300,scale_n0300,q_01,suql_baseline,29,45,49,42,7,3,0.8571428571428571,0.9333333333333332,0.8936170212765957,57.860928201000206,147,0,147,0.0,57.79424143739743,0.9,60,0,0.0,
300,scale_n0300,q_01,suql_baseline,30,45,49,42,7,3,0.8571428571428571,0.9333333333333332,0.8936170212765957,57.97892899502767,147,0,147,0.0,57.91037376323948,0.9,60,0,0.0,
300,scale_n0300,q_01,suql_baseline,31,45,49,42,7,3,0.8571428571428571,0.9333333333333332,0.8936170212765957,58.01189921901096,147,0,147,0.0,57.94460413220804,0.9,60,0,0.0,
300,scale_n0300,q_01,suql_baseline,32,45,49,42,7,3,0.8571428571428571,0.9333333333333332,0.8936170212765957,57.89162381598726,147,0,147,0.0,57.82016314874636,0.9,60,0,0.0,
300,scale_n0300,q_01,suql_baseline,33,45,49,42,7,3,0.8571428571428571,0.9333333333333332,0.8936170212765957,57.842894249013625,147,0,147,0.0,57.77550533879548,0.9,60,0,0.0,
300,scale_n0300,q_01,suql_baseline,34,45,49,42,7,3,0.8571428571428571,0.9333333333333332,0.8936170212765957,57.73213848401792,147,0,147,0.0,57.65964796236949,0.9,60,0,0.0,
300,scale_n0300,q_01,suql_baseline,35,45,49,42,7,3,0.8571428571428571,0.9333333333333332,0.8936170212765957,57.77424829901429,147,0,147,0.0,57.7054621243733,0.9,60,0,0.0,
300,scale_n0300,q_01,suql_baseline,36,45,49,42,7,3,0.8571428571428571,0.9333333333333332,0.8936170212765957,57.82754665997345,147,0,147,0.0,57.76053744019009,0.9,60,0,0.0,
300,scale_n0300,q_01,suql_baseline,37,45,49,42,7,3,0.8571428571428571,0.9333333333333332,0.8936170212765957,57.82417293603066,147,0,147,0.0,57.75717277941294,0.9,60,0,0.0,
300,scale_n0300,q_01,suql_baseline,38,45,49,42,7,3,0.8571428571428571,0.9333333333333332,0.8936170212765957,57.83765052398667,147,0,147,0.0,57.76978713297285,0.9,60,0,0.0,
300,scale_n0300,q_01,suql_baseline,39,45,49,42,7,3,0.8571428571428571,0.9333333333333332,0.8936170212765957,57.84514492203016,147,0,147,0.0,57.777250264131,0.9,60,0,0.0,
300,scale_n0300,q_01,suql_baseline,40,45,49,42,7,3,0.8571428571428571,0.9333333333333332,0.8936170212765957,57.72435311699519,147,0,147,0.0,57.650268524943385,0.9,60,0,0.0,
300,scale_n0300,q_01,suql_baseline,41,45,49,42,7,3,0.8571428571428571,0.9333333333333332,0.8936170212765957,57.73410230898298,147,0,147,0.0,57.666717329469975,0.9,60,0,0.0,
300,scale_n0300,q_01,suql_baseline,42,45,49,42,7,3,0.8571428571428571,0.9333333333333332,0.8936170212765957,57.837616999982856,147,0,147,0.0,57.76554100442445,0.9,60,0,0.0,
300,scale_n0300,q_01,suql_baseline,43,45,49,42,7,3,0.8571428571428571,0.9333333333333332,0.8936170212765957,57.99332146695815,147,0,147,0.0,57.92536979506258,0.9,60,0,0.0,
300,scale_n0300,q_01,suql_baseline,44,45,49,42,7,3,0.8571428571428571,0.9333333333333332,0.8936170212765957,57.54306460398948,147,0,147,0.0,57.47011040907819,0.9,60,0,0.0,
300,scale_n0300,q_01,suql_baseline,45,45,49,42,7,3,0.8571428571428571,0.9333333333333332,0.8936170212765957,57.704676264023874,147,0,147,0.0,57.63734067889163,0.9,60,0,0.0,
300,scale_n0300,q_01,suql_baseline,46,45,49,42,7,3,0.8571428571428571,0.9333333333333332,0.8936170212765957,57.7359605510137,147,0,147,0.0,57.665281419293024,0.9,60,0,0.0,
300,scale_n0300,q_01,suql_baseline,47,45,49,42,7,3,0.8571428571428571,0.9333333333333332,0.8936170212765957,57.766542143013794,147,0,147,0.0,57.69960605783854,0.9,60,0,0.0,
300,scale_n0300,q_01,suql_baseline,48,45,49,42,7,3,0.8571428571428571,0.9333333333333332,0.8936170212765957,57.70053675497184,147,0,147,0.0,57.63018809386995,0.9,60,0,0.0,
300,scale_n0300,q_01,suql_baseline,49,45,49,42,7,3,0.8571428571428571,0.9333333333333332,0.8936170212765957,57.71989259199472,147,0,147,0.0,57.65310593799222,0.9,60,0,0.0,
300,scale_n0300,q_01,suql_baseline,50,45,49,42,7,3,0.8571428571428571,0.9333333333333332,0.8936170212765957,57.78337064402877,147,0,147,0.0,57.7176778879948,0.9,60,0,0.0,
300,scale_n0300,q_01,suql_baseline,51,45,49,42,7,3,0.8571428571428571,0.9333333333333332,0.8936170212765957,57.80060764099471,147,0,147,0.0,57.730503435537685,0.9,60,0,0.0,
300,scale_n0300,q_01,suql_baseline,52,45,49,42,7,3,0.8571428571428571,0.9333333333333332,0.8936170212765957,57.6725388210034,147,0,147,0.0,57.60679015802452,0.9,60,0,0.0,
300,scale_n0300,q_01,suql_baseline,53,45,49,42,7,3,0.8571428571428571,0.9333333333333332,0.8936170212765957,57.64056094997795,147,0,147,0.0,57.56803331378615,0.9,60,0,0.0,
300,scale_n0300,q_01,suql_baseline,54,45,49,42,7,3,0.8571428571428571,0.9333333333333332,0.8936170212765957,57.65509539097548,147,0,147,0.0,57.58412695140578,0.9,60,0,0.0,
300,scale_n0300,q_01,suql_baseline,55,45,49,42,7,3,0.8571428571428571,0.9333333333333332,0.8936170212765957,57.69116728001973,147,0,147,0.0,57.622565028083045,0.9,60,0,0.0,
300,scale_n0300,q_01,suql_baseline,56,45,49,42,7,3,0.8571428571428571,0.9333333333333332,0.8936170212765957,57.65898886398645,147,0,147,0.0,57.58536288468167,0.9,60,0,0.0,
300,scale_n0300,q_01,suql_baseline,57,45,49,42,7,3,0.8571428571428571,0.9333333333333332,0.8936170212765957,57.87196594901616,147,0,147,0.0,57.803419473581016,0.9,60,0,0.0,
300,scale_n0300,q_01,suql_baseline,58,45,49,42,7,3,0.8571428571428571,0.9333333333333332,0.8936170212765957,57.93345322698588,147,0,147,0.0,57.86604707391234,0.9,60,0,0.0,
300,scale_n0300,q_01,suql_baseline,59,45,49,42,7,3,0.8571428571428571,0.9333333333333332,0.8936170212765957,57.726552096020896,147,0,147,0.0,57.65596367535181,0.9,60,0,0.0,
300,scale_n0300,q_01,suql_baseline,60,45,49,42,7,3,0.8571428571428571,0.9333333333333332,0.8936170212765957,57.86682136298623,147,0,147,0.0,57.79915497725597,0.9,60,0,0.0,
300,scale_n0300,q_01,suql_baseline,61,45,49,42,7,3,0.8571428571428571,0.9333333333333332,0.8936170212765957,57.6034895159537,147,0,147,0.0,57.5312151737744,0.9,60,0,0.0,
300,scale_n0300,q_01,suql_baseline,62,45,49,42,7,3,0.8571428571428571,0.9333333333333332,0.8936170212765957,57.627199098002166,147,0,147,0.0,57.56004720344208,0.9,60,0,0.0,
300,scale_n0300,q_01,suql_baseline,63,45,49,42,7,3,0.8571428571428571,0.9333333333333332,0.8936170212765957,57.75993625901174,147,0,147,0.0,57.68668106594123,0.9,60,0,0.0,
300,scale_n0300,q_01,suql_baseline,64,45,49,42,7,3,0.8571428571428571,0.9333333333333332,0.8936170212765957,57.76461027096957,147,0,147,0.0,57.69687298964709,0.9,60,0,0.0,
300,scale_n0300,q_01,suql_baseline,65,45,49,42,7,3,0.8571428571428571,0.9333333333333332,0.8936170212765957,58.08625659404788,147,0,147,0.0,58.02020332618849,0.9,60,0,0.0,
300,scale_n0300,q_01,suql_baseline,66,45,49,42,7,3,0.8571428571428571,0.9333333333333332,0.8936170212765957,58.13602389098378,147,0,147,0.0,58.06299460632727,0.9,60,0,0.0,
300,scale_n0300,q_01,suql_baseline,67,45,49,42,7,3,0.8571428571428571,0.9333333333333332,0.8936170212765957,57.87524384801509,147,0,147,0.0,57.80465524218744,0.9,60,0,0.0,
300,scale_n0300,q_01,suql_baseline,68,45,49,42,7,3,0.8571428571428571,0.9333333333333332,0.8936170212765957,58.088522141973954,147,0,147,0.0,58.02006149786757,0.9,60,0,0.0,
300,scale_n0300,q_01,suql_baseline,69,45,49,42,7,3,0.8571428571428571,0.9333333333333332,0.8936170212765957,57.89203919901047,147,0,147,0.0,57.82600498170359,0.9,60,0,0.0,
300,scale_n0300,q_01,suql_baseline,70,45,49,42,7,3,0.8571428571428571,0.9333333333333332,0.8936170212765957,57.81565884198062,147,0,147,0.0,57.7457291847677,0.9,60,0,0.0,
300,scale_n0300,q_01,suql_baseline,71,45,49,42,7,3,0.8571428571428571,0.9333333333333332,0.8936170212765957,57.7100613359944,147,0,147,0.0,57.642360766476486,0.9,60,0,0.0,
300,scale_n0300,q_01,suql_baseline,72,45,49,42,7,3,0.8571428571428571,0.9333333333333332,0.8936170212765957,57.73327809601324,147,0,147,0.0,57.66691029438516,0.9,60,0,0.0,
300,scale_n0300,q_01,suql_baseline,73,45,49,42,7,3,0.8571428571428571,0.9333333333333332,0.8936170212765957,57.9284159480012,147,0,147,0.0,57.86099702992942,0.9,60,0,0.0,
300,scale_n0300,q_01,suql_baseline,74,45,49,42,7,3,0.8571428571428571,0.9333333333333332,0.8936170212765957,57.93355939100729,147,0,147,0.0,57.86302261514357,0.9,60,0,0.0,
300,scale_n0300,q_01,suql_baseline,75,45,49,42,7,3,0.8571428571428571,0.9333333333333332,0.8936170212765957,57.7161257310072,147,0,147,0.0,57.64873566670576,0.9,60,0,0.0,
300,scale_n0300,q_01,suql_baseline,76,45,49,42,7,3,0.8571428571428571,0.9333333333333332,0.8936170212765957,57.691151368955616,147,0,147,0.0,57.62372400658205,0.9,60,0,0.0,
300,scale_n0300,q_01,suql_baseline,77,45,49,42,7,3,0.8571428571428571,0.9333333333333332,0.8936170212765957,57.3639192719711,147,0,147,0.0,57.29625769908307,0.9,60,0,0.0,
300,scale_n0300,q_01,suql_baseline,78,45,49,42,7,3,0.8571428571428571,0.9333333333333332,0.8936170212765957,57.51156900601927,147,0,147,0.0,57.44362873927457,0.9,60,0,0.0,
300,scale_n0300,q_01,suql_baseline,79,45,49,42,7,3,0.8571428571428571,0.9333333333333332,0.8936170212765957,57.45758848602418,147,0,147,0.0,57.389043055532966,0.9,60,0,0.0,
300,scale_n0300,q_01,suql_baseline,80,45,49,42,7,3,0.8571428571428571,0.9333333333333332,0.8936170212765957,57.4274906879873,147,0,147,0.0,57.356739618990105,0.9,60,0,0.0,
300,scale_n0300,q_01,suql_baseline,81,45,49,42,7,3,0.8571428571428571,0.9333333333333332,0.8936170212765957,57.54537610599073,147,0,147,0.0,57.47851954033831,0.9,60,0,0.0,
300,scale_n0300,q_01,suql_baseline,82,45,49,42,7,3,0.8571428571428571,0.9333333333333332,0.8936170212765957,57.39594745298382,147,0,147,0.0,57.32509152835701,0.9,60,0,0.0,
300,scale_n0300,q_01,suql_baseline,83,45,49,42,7,3,0.8571428571428571,0.9333333333333332,0.8936170212765957,57.41591156297363,147,0,147,0.0,57.34540918073617,0.9,60,0,0.0,
300,scale_n0300,q_01,suql_baseline,84,45,49,42,7,3,0.8571428571428571,0.9333333333333332,0.8936170212765957,57.53581652999856,147,0,147,0.0,57.4650760057848,0.9,60,0,0.0,
300,scale_n0300,q_01,suql_baseline,85,45,49,42,7,3,0.8571428571428571,0.9333333333333332,0.8936170212765957,57.49307549500372,147,0,147,0.0,57.4258700653445,0.9,60,0,0.0,
300,scale_n0300,q_01,suql_baseline,86,45,49,42,7,3,0.8571428571428571,0.9333333333333332,0.8936170212765957,57.564000992977526,147,0,147,0.0,57.49746913206764,0.9,60,0,0.0,
300,scale_n0300,q_01,suql_baseline,87,45,49,42,7,3,0.8571428571428571,0.9333333333333332,0.8936170212765957,57.44739093200769,147,0,147,0.0,57.37768056022469,0.9,60,0,0.0,
300,scale_n0300,q_01,suql_baseline,88,45,49,42,7,3,0.8571428571428571,0.9333333333333332,0.8936170212765957,57.44889074499952,147,0,147,0.0,57.38162792258663,0.9,60,0,0.0,
300,scale_n0300,q_01,suql_baseline,89,45,49,42,7,3,0.8571428571428571,0.9333333333333332,0.8936170212765957,57.289652756007854,147,0,147,0.0,57.22188982850639,0.9,60,0,0.0,
300,scale_n0300,q_01,suql_baseline,90,45,49,42,7,3,0.8571428571428571,0.9333333333333332,0.8936170212765957,57.38940328598255,147,0,147,0.0,57.32365688646678,0.9,60,0,0.0,
300,scale_n0300,q_01,suql_baseline,91,45,49,42,7,3,0.8571428571428571,0.9333333333333332,0.8936170212765957,57.49075702804839,147,0,147,0.0,57.42018130276119,0.9,60,0,0.0,
300,scale_n0300,q_01,suql_baseline,92,45,49,42,7,3,0.8571428571428571,0.9333333333333332,0.8936170212765957,57.59681665798416,147,0,147,0.0,57.528925380378496,0.9,60,0,0.0,
300,scale_n0300,q_01,suql_baseline,93,45,49,42,7,3,0.8571428571428571,0.9333333333333332,0.8936170212765957,57.5918236420257,147,0,147,0.0,57.52382831816794,0.9,60,0,0.0,
300,scale_n0300,q_01,suql_baseline,94,45,49,42,7,3,0.8571428571428571,0.9333333333333332,0.8936170212765957,57.46236348495586,147,0,147,0.0,57.39037437213119,0.9,60,0,0.0,
300,scale_n0300,q_01,suql_baseline,95,45,49,42,7,3,0.8571428571428571,0.9333333333333332,0.8936170212765957,57.50081148196477,147,0,147,0.0,57.43238556780853,0.9,60,0,0.0,
300,scale_n0300,q_01,suql_baseline,96,45,49,42,7,3,0.8571428571428571,0.9333333333333332,0.8936170212765957,57.65186406497378,147,0,147,0.0,57.58396870322758,0.9,60,0,0.0,
300,scale_n0300,q_01,suql_baseline,97,45,49,42,7,3,0.8571428571428571,0.9333333333333332,0.8936170212765957,57.64195140002994,147,0,147,0.0,57.57086315471679,0.9,60,0,0.0,
300,scale_n0300,q_01,suql_baseline,98,45,49,42,7,3,0.8571428571428571,0.9333333333333332,0.8936170212765957,57.47330043197144,147,0,147,0.0,57.408434166165534,0.9,60,0,0.0,
300,scale_n0300,q_01,suql_baseline,99,45,49,42,7,3,0.8571428571428571,0.9333333333333332,0.8936170212765957,57.72060812200653,147,0,147,0.0,57.65134000126272,0.9,60,0,0.0,
300,scale_n0300,q_01,suql_baseline,100,45,49,42,7,3,0.8571428571428571,0.9333333333333332,0.8936170212765957,57.65765690605622,147,0,147,0.0,57.58623763616197,0.9,60,0,0.0,
300,scale_n0300,q_01,trummer_v1,1,45,34,29,5,16,0.8529411764705882,0.6444444444444445,0.7341772151898734,47.62499222403858,51,28,23,21.94172044919105,25.608274893194903,0.9,60,60,0.4242424242424242,
300,scale_n0300,q_01,trummer_v1,2,45,34,29,5,16,0.8529411764705882,0.6444444444444445,0.7341772151898734,45.71134042402264,51,28,23,19.902090302901343,25.733308371098246,0.9,60,60,0.4242424242424242,
300,scale_n0300,q_01,trummer_v1,3,45,34,29,5,16,0.8529411764705882,0.6444444444444445,0.7341772151898734,45.69308201898821,51,28,23,19.896634477074254,25.72141670511337,0.9,60,60,0.4242424242424242,
300,scale_n0300,q_01,trummer_v1,4,45,34,29,5,16,0.8529411764705882,0.6444444444444445,0.7341772151898734,45.60308941698168,51,28,23,19.8293839370599,25.699285061156843,0.9,60,60,0.4242424242424242,
300,scale_n0300,q_01,trummer_v1,5,45,34,29,5,16,0.8529411764705882,0.6444444444444445,0.7341772151898734,45.7289178299834,51,28,23,19.922134841850493,25.73058119998313,0.9,60,60,0.4242424242424242,
300,scale_n0300,q_01,trummer_v1,6,45,34,29,5,16,0.8529411764705882,0.6444444444444445,0.7341772151898734,45.65972638898529,51,28,23,19.883731436973903,25.70148262300063,0.9,60,60,0.4242424242424242,
300,scale_n0300,q_01,trummer_v1,7,45,34,29,5,16,0.8529411764705882,0.6444444444444445,0.7341772151898734,45.61688054801198,51,28,23,19.82455137296347,25.71763569000177,0.9,60,60,0.4242424242424242,
300,scale_n0300,q_01,trummer_v1,8,45,34,29,5,16,0.8529411764705882,0.6444444444444445,0.7341772151898734,45.61193691199878,51,28,23,19.87149106391007,25.66408696694998,0.9,60,60,0.4242424242424242,
300,scale_n0300,q_01,trummer_v1,9,45,34,29,5,16,0.8529411764705882,0.6444444444444445,0.7341772151898734,45.66359862301033,51,28,23,19.821644347102847,25.766203752951697,0.9,60,60,0.4242424242424242,
300,scale_n0300,q_01,trummer_v1,10,45,34,29,5,16,0.8529411764705882,0.6444444444444445,0.7341772151898734,45.61869350395864,51,28,23,19.809499368129764,25.737694540875964,0.9,60,60,0.4242424242424242,
300,scale_n0300,q_01,trummer_v1,11,45,34,29,5,16,0.8529411764705882,0.6444444444444445,0.7341772151898734,45.66321935603628,51,28,23,19.866414413030725,25.724857610999607,0.9,60,60,0.4242424242424242,
300,scale_n0300,q_01,trummer_v1,12,45,34,29,5,16,0.8529411764705882,0.6444444444444445,0.7341772151898734,45.76871523796581,51,28,23,19.925584850891028,25.769733082153834,0.9,60,60,0.4242424242424242,
300,scale_n0300,q_01,trummer_v1,13,45,34,29,5,16,0.8529411764705882,0.6444444444444445,0.7341772151898734,45.67154687701259,51,28,23,19.880521383835003,25.715948383149225,0.9,60,60,0.4242424242424242,
300,scale_n0300,q_01,trummer_v1,14,45,34,29,5,16,0.8529411764705882,0.6444444444444445,0.7341772151898734,45.755937791022006,51,28,23,19.87635034287814,25.80510389478877,0.9,60,60,0.4242424242424242,
300,scale_n0300,q_01,trummer_v1,15,45,34,29,5,16,0.8529411764705882,0.6444444444444445,0.7341772151898734,45.72915750299581,51,28,23,19.923318960063625,25.730597238754854,0.9,60,60,0.4242424242424242,
300,scale_n0300,q_01,trummer_v1,16,45,34,29,5,16,0.8529411764705882,0.6444444444444445,0.7341772151898734,45.71140044298954,51,28,23,19.85469179303618,25.782076219911687,0.9,60,60,0.4242424242424242,
300,scale_n0300,q_01,trummer_v1,17,45,34,29,5,16,0.8529411764705882,0.6444444444444445,0.7341772151898734,45.70220605202485,51,28,23,19.833846392692067,25.79101785918465,0.9,60,60,0.4242424242424242,
300,scale_n0300,q_01,trummer_v1,18,45,34,29,5,16,0.8529411764705882,0.6444444444444445,0.7341772151898734,45.65943443001015,51,28,23,19.83387047611177,25.74868181272177,0.9,60,60,0.4242424242424242,
300,scale_n0300,q_01,trummer_v1,19,45,34,29,5,16,0.8529411764705882,0.6444444444444445,0.7341772151898734,45.61302401503781,51,28,23,19.81474282202544,25.72231259813998,0.9,60,60,0.4242424242424242,
300,scale_n0300,q_01,trummer_v1,20,45,34,29,5,16,0.8529411764705882,0.6444444444444445,0.7341772151898734,45.66525831702165,51,28,23,19.845324427995365,25.744066673796624,0.9,60,60,0.4242424242424242,
300,scale_n0300,q_01,trummer_v1,21,45,34,29,5,16,0.8529411764705882,0.6444444444444445,0.7341772151898734,45.67353566701058,51,28,23,19.827082460629757,25.769724575977307,0.9,60,60,0.4242424242424242,
300,scale_n0300,q_01,trummer_v1,22,45,34,29,5,16,0.8529411764705882,0.6444444444444445,0.7341772151898734,45.65235084499,51,28,23,19.8402945191483,25.736839552992024,0.9,60,60,0.4242424242424242,
300,scale_n0300,q_01,trummer_v1,23,45,34,29,5,16,0.8529411764705882,0.6444444444444445,0.7341772151898734,45.72298764396692,51,28,23,19.874630187929142,25.76944896904752,0.9,60,60,0.4242424242424242,
300,scale_n0300,q_01,trummer_v1,24,45,34,29,5,16,0.8529411764705882,0.6444444444444445,0.7341772151898734,45.64046076696832,51,28,23,19.821426919894293,25.741755826980807,0.9,60,60,0.4242424242424242,
300,scale_n0300,q_01,trummer_v1,25,45,34,29,5,16,0.8529411764705882,0.6444444444444445,0.7341772151898734,45.62998751900159,51,28,23,19.878335316025183,25.675508783897385,0.9,60,60,0.4242424242424242,
300,scale_n0300,q_01,trummer_v1,26,45,34,29,5,16,0.8529411764705882,0.6444444444444445,0.7341772151898734,45.65080834896071,51,28,23,19.82211006100988,25.752665151900143,0.9,60,60,0.4242424242424242,
300,scale_n0300,q_01,trummer_v1,27,45,34,29,5,16,0.8529411764705882,0.6444444444444445,0.7341772151898734,45.66423410602147,51,28,23,19.81671435397584,25.768807941814885,0.9,60,60,0.4242424242424242,
300,scale_n0300,q_01,trummer_v1,28,45,34,29,5,16,0.8529411764705882,0.6444444444444445,0.7341772151898734,45.74697671196191,51,28,23,19.87014548102161,25.79992993385531,0.9,60,60,0.4242424242424242,
300,scale_n0300,q_01,trummer_v1,29,45,34,29,5,16,0.8529411764705882,0.6444444444444445,0.7341772151898734,45.75440630101366,51,28,23,19.91541407309705,25.75850839400664,0.9,60,60,0.4242424242424242,
300,scale_n0300,q_01,trummer_v1,30,45,34,29,5,16,0.8529411764705882,0.6444444444444445,0.7341772151898734,45.66190235700924,51,28,23,19.87408207287081,25.70843829214573,0.9,60,60,0.4242424242424242,
300,scale_n0300,q_01,trummer_v1,31,45,34,29,5,16,0.8529411764705882,0.6444444444444445,0.7341772151898734,45.73017251997953,51,28,23,19.91992899304023,25.733834849845152,0.9,60,60,0.4242424242424242,
300,scale_n0300,q_01,trummer_v1,32,45,34,29,5,16,0.8529411764705882,0.6444444444444445,0.7341772151898734,45.82788071502,51,28,23,19.90720331808552,25.844640881870877,0.9,60,60,0.4242424242424242,
300,scale_n0300,q_01,trummer_v1,33,45,34,29,5,16,0.8529411764705882,0.6444444444444445,0.7341772151898734,45.77349862997653,51,28,23,19.89217394083971,25.80477902496932,0.9,60,60,0.4242424242424242,
300,scale_n0300,q_01,trummer_v1,34,45,34,29,5,16,0.8529411764705882,0.6444444444444445,0.7341772151898734,45.73585242696572,51,28,23,19.878356310888197,25.781298853107728,0.9,60,60,0.4242424242424242,
300,scale_n0300,q_01,trummer_v1,35,45,34,29,5,16,0.8529411764705882,0.6444444444444445,0.7341772151898734,45.96963422902627,51,28,23,20.126070820784665,25.770236367883623,0.9,60,60,0.4242424242424242,
300,scale_n0300,q_01,trummer_v1,36,45,34,29,5,16,0.8529411764705882,0.6444444444444445,0.7341772151898734,45.76222410501214,51,28,23,19.93313962704269,25.751945007184982,0.9,60,60,0.4242424242424242,
300,scale_n0300,q_01,trummer_v1,37,45,34,29,5,16,0.8529411764705882,0.6444444444444445,0.7341772151898734,45.64980106102303,51,28,23,19.863145869749133,25.708234372141305,0.9,60,60,0.4242424242424242,
300,scale_n0300,q_01,trummer_v1,38,45,34,29,5,16,0.8529411764705882,0.6444444444444445,0.7341772151898734,45.60486038902309,51,28,23,19.81125605100533,25.720514302898664,0.9,60,60,0.4242424242424242,
300,scale_n0300,q_01,trummer_v1,39,45,34,29,5,16,0.8529411764705882,0.6444444444444445,0.7341772151898734,45.533904172014445,51,28,23,19.79221393406624,25.66688554477878,0.9,60,60,0.4242424242424242,
300,scale_n0300,q_01,trummer_v1,40,45,34,29,5,16,0.8529411764705882,0.6444444444444445,0.7341772151898734,45.68148050300079,51,28,23,19.88615409604972,25.720317312981933,0.9,60,60,0.4242424242424242,
300,scale_n0300,q_01,trummer_v1,41,45,34,29,5,16,0.8529411764705882,0.6444444444444445,0.7341772151898734,45.72970700298902,51,28,23,19.9057677910896,25.746076699055266,0.9,60,60,0.4242424242424242,
300,scale_n0300,q_01,trummer_v1,42,45,34,29,5,16,0.8529411764705882,0.6444444444444445,0.7341772151898734,45.66053043102147,51,28,23,19.843207745812837,25.74033978010993,0.9,60,60,0.4242424242424242,
300,scale_n0300,q_01,trummer_v1,43,45,34,29,5,16,0.8529411764705882,0.6444444444444445,0.7341772151898734,45.69756016298197,51,28,23,19.86588983394904,25.75366440275684,0.9,60,60,0.4242424242424242,
300,scale_n0300,q_01,trummer_v1,44,45,34,29,5,16,0.8529411764705882,0.6444444444444445,0.7341772151898734,45.73477595299482,51,28,23,19.912730630196165,25.74417068285402,0.9,60,60,0.4242424242424242,
300,scale_n0300,q_01,trummer_v1,45,45,34,29,5,16,0.8529411764705882,0.6444444444444445,0.7341772151898734,45.6617607770022,51,28,23,19.86619122017873,25.71987231686944,0.9,60,60,0.4242424242424242,
300,scale_n0300,q_01,trummer_v1,46,45,34,29,5,16,0.8529411764705882,0.6444444444444445,0.7341772151898734,45.69502867100528,51,28,23,19.87482401606394,25.741720711928792,0.9,60,60,0.4242424242424242,
300,scale_n0300,q_01,trummer_v1,47,45,34,29,5,16,0.8529411764705882,0.6444444444444445,0.7341772151898734,45.684022656001616,51,28,23,19.89721397095127,25.711469343921635,0.9,60,60,0.4242424242424242,
300,scale_n0300,q_01,trummer_v1,48,45,34,29,5,16,0.8529411764705882,0.6444444444444445,0.7341772151898734,45.55218034796417,51,28,23,19.81536085077096,25.661503475916103,0.9,60,60,0.4242424242424242,
300,scale_n0300,q_01,trummer_v1,49,45,34,29,5,16,0.8529411764705882,0.6444444444444445,0.7341772151898734,45.65014622197487,51,28,23,19.8451506208512,25.72856415313436,0.9,60,60,0.4242424242424242,
300,scale_n0300,q_01,trummer_v1,50,45,34,29,5,16,0.8529411764705882,0.6444444444444445,0.7341772151898734,45.77478941704612,51,28,23,19.940078714862462,25.756254843843635,0.9,60,60,0.4242424242424242,
300,scale_n0300,q_01,trummer_v1,51,45,34,29,5,16,0.8529411764705882,0.6444444444444445,0.7341772151898734,45.73563089297386,51,28,23,19.87986598792486,25.777722863072995,0.9,60,60,0.4242424242424242,
300,scale_n0300,q_01,trummer_v1,52,45,34,29,5,16,0.8529411764705882,0.6444444444444445,0.7341772151898734,45.57113737304462,51,28,23,19.79048708319897,25.70630127325421,0.9,60,60,0.4242424242424242,
300,scale_n0300,q_01,trummer_v1,53,45,34,29,5,16,0.8529411764705882,0.6444444444444445,0.7341772151898734,45.64998590602772,51,28,23,19.844806098670237,25.72935008589411,0.9,60,60,0.4242424242424242,
300,scale_n0300,q_01,trummer_v1,54,45,34,29,5,16,0.8529411764705882,0.6444444444444445,0.7341772151898734,45.61061829701066,51,28,23,19.83553788624704,25.699418888019864,0.9,60,60,0.4242424242424242,
300,scale_n0300,q_01,trummer_v1,55,45,34,29,5,16,0.8529411764705882,0.6444444444444445,0.7341772151898734,45.60942543699639,51,28,23,19.83335374010494,25.701225780067038,0.9,60,60,0.4242424242424242,
300,scale_n0300,q_01,trummer_v1,56,45,34,29,5,16,0.8529411764705882,0.6444444444444445,0.7341772151898734,45.67637205700157,51,28,23,19.862008932919707,25.737354718963616,0.9,60,60,0.4242424242424242,
300,scale_n0300,q_01,trummer_v1,57,45,34,29,5,16,0.8529411764705882,0.6444444444444445,0.7341772151898734,45.64987345098052,51,28,23,19.853394426056184,25.721349830855612,0.9,60,60,0.4242424242424242,
300,scale_n0300,q_01,trummer_v1,58,45,34,29,5,16,0.8529411764705882,0.6444444444444445,0.7341772151898734,45.691477538028266,51,28,23,19.847665363922715,25.767960812954698,0.9,60,60,0.4242424242424242,
300,scale_n0300,q_01,trummer_v1,59,45,34,29,5,16,0.8529411764705882,0.6444444444444445,0.7341772151898734,45.58612972899573,51,28,23,19.772031645814423,25.73560409602942,0.9,60,60,0.4242424242424242,
300,scale_n0300,q_01,trummer_v1,60,45,34,29,5,16,0.8529411764705882,0.6444444444444445,0.7341772151898734,45.7027034649509,51,28,23,19.870022876712028,25.75692322093528,0.9,60,60,0.4242424242424242,
300,scale_n0300,q_01,trummer_v1,61,45,34,29,5,16,0.8529411764705882,0.6444444444444445,0.7341772151898734,45.68307260703296,51,28,23,19.85859613312641,25.749055788037367,0.9,60,60,0.4242424242424242,
300,scale_n0300,q_01,trummer_v1,62,45,34,29,5,16,0.8529411764705882,0.6444444444444445,0.7341772151898734,45.68493628996657,51,28,23,19.896328215894755,25.7119546008762,0.9,60,60,0.4242424242424242,
300,scale_n0300,q_01,trummer_v1,63,45,34,29,5,16,0.8529411764705882,0.6444444444444445,0.7341772151898734,45.74010080500739,51,28,23,19.89601383614354,25.7656280209776,0.9,60,60,0.4242424242424242,
300,scale_n0300,q_01,trummer_v1,64,45,34,29,5,16,0.8529411764705882,0.6444444444444445,0.7341772151898734,45.66202984796837,51,28,23,19.822736080910545,25.763259667903185,0.9,60,60,0.4242424242424242,
300,scale_n0300,q_01,trummer_v1,65,45,34,29,5,16,0.8529411764705882,0.6444444444444445,0.7341772151898734,45.68639739399077,51,28,23,19.89000120019773,25.71953734691488,0.9,60,60,0.4242424242424242,
300,scale_n0300,q_01,trummer_v1,66,45,34,29,5,16,0.8529411764705882,0.6444444444444445,0.7341772151898734,45.715467803995125,51,28,23,19.862510385049973,25.775822638068348,0.9,60,60,0.4242424242424242,
300,scale_n0300,q_01,trummer_v1,67,45,34,29,5,16,0.8529411764705882,0.6444444444444445,0.7341772151898734,45.679994758975226,51,28,23,19.883458326978143,25.719317015027627,0.9,60,60,0.4242424242424242,
300,scale_n0300,q_01,trummer_v1,68,45,34,29,5,16,0.8529411764705882,0.6444444444444445,0.7341772151898734,45.661533803038765,51,28,23,19.84045017400058,25.74458323867293,0.9,60,60,0.4242424242424242,
300,scale_n0300,q_01,trummer_v1,69,45,34,29,5,16,0.8529411764705882,0.6444444444444445,0.7341772151898734,45.67012223799247,51,28,23,19.864818451169413,25.727161925053224,0.9,60,60,0.4242424242424242,
300,scale_n0300,q_01,trummer_v1,70,45,34,29,5,16,0.8529411764705882,0.6444444444444445,0.7341772151898734,45.6503981470014,51,28,23,19.864521975861862,25.7119055238436,0.9,60,60,0.4242424242424242,
300,scale_n0300,q_01,trummer_v1,71,45,34,29,5,16,0.8529411764705882,0.6444444444444445,0.7341772151898734,45.62157440703595,51,28,23,19.842303597775757,25.704106625984423,0.9,60,60,0.4242424242424242,
300,scale_n0300,q_01,trummer_v1,72,45,34,29,5,16,0.8529411764705882,0.6444444444444445,0.7341772151898734,45.62254367797868,51,28,23,19.888826258131303,25.65930078824749,0.9,60,60,0.4242424242424242,
300,scale_n0300,q_01,trummer_v1,73,45,34,29,5,16,0.8529411764705882,0.6444444444444445,0.7341772151898734,45.73493327799952,51,28,23,19.904465694038663,25.75524061114993,0.9,60,60,0.4242424242424242,
300,scale_n0300,q_01,trummer_v1,74,45,34,29,5,16,0.8529411764705882,0.6444444444444445,0.7341772151898734,45.6631930990261,51,28,23,19.87560798501363,25.70830128219677,0.9,60,60,0.4242424242424242,
300,scale_n0300,q_01,trummer_v1,75,45,34,29,5,16,0.8529411764705882,0.6444444444444445,0.7341772151898734,45.70648901700042,51,28,23,19.83101159101352,25.796513226872776,0.9,60,60,0.4242424242424242,
300,scale_n0300,q_01,trummer_v1,76,45,34,29,5,16,0.8529411764705882,0.6444444444444445,0.7341772151898734,45.64195544202812,51,28,23,19.817165562300943,25.74833801505156,0.9,60,60,0.4242424242424242,
300,scale_n0300,q_01,trummer_v1,77,45,34,29,5,16,0.8529411764705882,0.6444444444444445,0.7341772151898734,45.64707224001177,51,28,23,19.88636744802352,25.68211831804365,0.9,60,60,0.4242424242424242,
300,scale_n0300,q_01,trummer_v1,78,45,34,29,5,16,0.8529411764705882,0.6444444444444445,0.7341772151898734,45.66287306597224,51,28,23,19.880244280968327,25.707422034000047,0.9,60,60,0.4242424242424242,
300,scale_n0300,q_01,trummer_v1,79,45,34,29,5,16,0.8529411764705882,0.6444444444444445,0.7341772151898734,45.70035833900329,51,28,23,19.863903443911116,25.762059833155945,0.9,60,60,0.4242424242424242,
300,scale_n0300,q_01,trummer_v1,80,45,34,29,5,16,0.8529411764705882,0.6444444444444445,0.7341772151898734,45.58276016800664,51,28,23,19.83674847392831,25.66900571685983,0.9,60,60,0.4242424242424242,
300,scale_n0300,q_01,trummer_v1,81,45,34,29,5,16,0.8529411764705882,0.6444444444444445,0.7341772151898734,45.59337024297565,51,28,23,19.826971639005933,25.691446021024603,0.9,60,60,0.4242424242424242,
300,scale_n0300,q_01,trummer_v1,82,45,34,29,5,16,0.8529411764705882,0.6444444444444445,0.7341772151898734,45.63114759104792,51,28,23,19.86481368873501,25.69016686192481,0.9,60,60,0.4242424242424242,
300,scale_n0300,q_01,trummer_v1,83,45,34,29,5,16,0.8529411764705882,0.6444444444444445,0.7341772151898734,45.65300131397089,51,28,23,19.84683949814644,25.725369605235755,0.9,60,60,0.4242424242424242,
300,scale_n0300,q_01,trummer_v1,84,45,34,29,5,16,0.8529411764705882,0.6444444444444445,0.7341772151898734,45.61870765394997,51,28,23,19.815535831963643,25.724342401023023,0.9,60,60,0.4242424242424242,
300,scale_n0300,q_01,trummer_v1,85,45,34,29,5,16,0.8529411764705882,0.6444444444444445,0.7341772151898734,45.6338931650389,51,28,23,19.84021807590034,25.715711406839542,0.9,60,60,0.4242424242424242,
300,scale_n0300,q_01,trummer_v1,86,45,34,29,5,16,0.8529411764705882,0.6444444444444445,0.7341772151898734,45.62977369700093,51,28,23,19.873901339014992,25.67818042403087,0.9,60,60,0.4242424242424242,
300,scale_n0300,q_01,trummer_v1,87,45,34,29,5,16,0.8529411764705882,0.6444444444444445,0.7341772151898734,45.67218592198333,51,28,23,19.901392889907584,25.69359172467375,0.9,60,60,0.4242424242424242,
300,scale_n0300,q_01,trummer_v1,88,45,34,29,5,16,0.8529411764705882,0.6444444444444445,0.7341772151898734,45.70073374197818,51,28,23,19.903793228091672,25.719197708938736,0.9,60,60,0.4242424242424242,
300,scale_n0300,q_01,trummer_v1,89,45,34,29,5,16,0.8529411764705882,0.6444444444444445,0.7341772151898734,45.53257002099417,51,28,23,19.776304515020456,25.67898744007107,0.9,60,60,0.4242424242424242,
300,scale_n0300,q_01,trummer_v1,90,45,34,29,5,16,0.8529411764705882,0.6444444444444445,0.7341772151898734,45.59215186804067,51,28,23,19.80335631215712,25.70891499397112,0.9,60,60,0.4242424242424242,
300,scale_n0300,q_01,trummer_v1,91,45,34,29,5,16,0.8529411764705882,0.6444444444444445,0.7341772151898734,45.67802119400585,51,28,23,19.907323420979083,25.695621663238853,0.9,60,60,0.4242424242424242,
300,scale_n0300,q_01,trummer_v1,92,45,34,29,5,16,0.8529411764705882,0.6444444444444445,0.7341772151898734,45.68213753600139,51,28,23,19.85314817912877,25.75351002003299,0.9,60,60,0.4242424242424242,
300,scale_n0300,q_01,trummer_v1,93,45,34,29,5,16,0.8529411764705882,0.6444444444444445,0.7341772151898734,45.61528414697386,51,28,23,19.83768542209873,25.700384383962955,0.9,60,60,0.4242424242424242,
300,scale_n0300,q_01,trummer_v1,94,45,34,29,5,16,0.8529411764705882,0.6444444444444445,0.7341772151898734,45.61778664001031,51,28,23,19.800073524122126,25.74337068485329,0.9,60,60,0.4242424242424242,
300,scale_n0300,q_01,trummer_v1,95,45,34,29,5,16,0.8529411764705882,0.6444444444444445,0.7341772151898734,45.593485292978585,51,28,23,19.816714157001115,25.700420141918585,0.9,60,60,0.4242424242424242,
300,scale_n0300,q_01,trummer_v1,96,45,34,29,5,16,0.8529411764705882,0.6444444444444445,0.7341772151898734,45.60936437197961,51,28,23,19.818693814915605,25.71634775912389,0.9,60,60,0.4242424242424242,
300,scale_n0300,q_01,trummer_v1,97,45,34,29,5,16,0.8529411764705882,0.6444444444444445,0.7341772151898734,45.73902381397784,51,28,23,19.884160429995973,25.77811537182424,0.9,60,60,0.4242424242424242,
300,scale_n0300,q_01,trummer_v1,98,45,34,29,5,16,0.8529411764705882,0.6444444444444445,0.7341772151898734,45.62532241200097,51,28,23,19.84273287997348,25.705418540921528,0.9,60,60,0.4242424242424242,
300,scale_n0300,q_01,trummer_v1,99,45,34,29,5,16,0.8529411764705882,0.6444444444444445,0.7341772151898734,45.50341286102776,51,28,23,19.822952311078552,25.603208695887588,0.9,60,60,0.4242424242424242,
300,scale_n0300,q_01,trummer_v1,100,45,34,29,5,16,0.8529411764705882,0.6444444444444445,0.7341772151898734,45.66832128202077,51,28,23,19.841302899236325,25.75109569192864,0.9,60,60,0.4242424242424242,
