n,suite,question,method,repetition,truth_count,found_count,tp,fp,fn,precision,recall,f1,wall_seconds,llm_calls,cheap_calls,expensive_calls,cheap_seconds,expensive_seconds,cascade_target,calibration_budget,calibration_candidates,calibration_agreement,learned_confidence_threshold
100,scale_n0100,q_01,suql_baseline,1,15,14,13,1,2,0.9285714285714286,0.8666666666666667,0.896551724137931,43.15124347101664,49,0,49,0.0,43.13067455514101,0.9,20,0,0.0,
100,scale_n0100,q_01,suql_baseline,2,15,14,13,1,2,0.9285714285714286,0.8666666666666667,0.896551724137931,19.016085020033643,49,0,49,0.0,18.99563773407135,0.9,20,0,0.0,
100,scale_n0100,q_01,suql_baseline,3,15,14,13,1,2,0.9285714285714286,0.8666666666666667,0.896551724137931,19.137909991957716,49,0,49,0.0,19.116961842752065,0.9,20,0,0.0,
100,scale_n0100,q_01,suql_baseline,4,15,14,13,1,2,0.9285714285714286,0.8666666666666667,0.896551724137931,19.23348320700461,49,0,49,0.0,19.21123359800549,0.9,20,0,0.0,
100,scale_n0100,q_01,suql_baseline,5,15,14,13,1,2,0.9285714285714286,0.8666666666666667,0.896551724137931,19.138347991975024,49,0,49,0.0,19.118658609921116,0.9,20,0,0.0,
100,scale_n0100,q_01,suql_baseline,6,15,14,13,1,2,0.9285714285714286,0.8666666666666667,0.896551724137931,19.198803380015303,49,0,49,0.0,19.17755416710861,0.9,20,0,0.0,
100,scale_n0100,q_01,suql_baseline,7,15,14,13,1,2,0.9285714285714286,0.8666666666666667,0.896551724137931,19.10152198502328,49,0,49,0.0,19.08128983603092,0.9,20,0,0.0,
100,scale_n0100,q_01,suql_baseline,8,15,14,13,1,2,0.9285714285714286,0.8666666666666667,0.896551724137931,18.97857350797858,49,0,49,0.0,18.95795185194584,0.9,20,0,0.0,
100,scale_n0100,q_01,suql_baseline,9,15,14,13,1,2,0.9285714285714286,0.8666666666666667,0.896551724137931,18.82069225201849,49,0,49,0.0,18.80057893996127,0.9,20,0,0.0,
100,scale_n0100,q_01,suql_baseline,10,15,14,13,1,2,0.9285714285714286,0.8666666666666667,0.896551724137931,18.7845190219814,49,0,49,0.0,18.76353241194738,0.9,20,0,0.0,
100,scale_n0100,q_01,suql_baseline,11,15,14,13,1,2,0.9285714285714286,0.8666666666666667,0.896551724137931,18.726978175982367,49,0,49,0.0,18.707618214946702,0.9,20,0,0.0,
100,scale_n0100,q_01,suql_baseline,12,15,14,13,1,2,0.9285714285714286,0.8666666666666667,0.896551724137931,18.723415357002523,49,0,49,0.0,18.70325221196981,0.9,20,0,0.0,
100,scale_n0100,q_01,suql_baseline,13,15,14,13,1,2,0.9285714285714286,0.8666666666666667,0.896551724137931,18.64699014101643,49,0,49,0.0,18.6282921739039,0.9,20,0,0.0,
100,scale_n0100,q_01,suql_baseline,14,15,14,13,1,2,0.9285714285714286,0.8666666666666667,0.896551724137931,18.54363052401459,49,0,49,0.0,18.52387093030848,0.9,20,0,0.0,
100,scale_n0100,q_01,suql_baseline,15,15,14,13,1,2,0.9285714285714286,0.8666666666666667,0.896551724137931,18.580324080016,49,0,49,0.0,18.55983286286937,0.9,20,0,0.0,
100,scale_n0100,q_01,suql_baseline,16,15,14,13,1,2,0.9285714285714286,0.8666666666666667,0.896551724137931,18.68692792102229,49,0,49,0.0,18.666322126809973,0.9,20,0,0.0,
100,scale_n0100,q_01,suql_baseline,17,15,14,13,1,2,0.9285714285714286,0.8666666666666667,0.896551724137931,18.70645293797133,49,0,49,0.0,18.686418754805345,0.9,20,0,0.0,
100,scale_n0100,q_01,suql_baseline,18,15,14,13,1,2,0.9285714285714286,0.8666666666666667,0.896551724137931,18.63264044601237,49,0,49,0.0,18.612904207373504,0.9,20,0,0.0,
100,scale_n0100,q_01,suql_baseline,19,15,14,13,1,2,0.9285714285714286,0.8666666666666667,0.896551724137931,18.566219187050592,49,0,49,0.0,18.54485347896116,0.9,20,0,0.0,
100,scale_n0100,q_01,suql_baseline,20,15,14,13,1,2,0.9285714285714286,0.8666666666666667,0.896551724137931,18.635550762992352,49,0,49,0.0,18.61365914886119,0.9,20,0,0.0,
100,scale_n0100,q_01,suql_baseline,21,15,14,13,1,2,0.9285714285714286,0.8666666666666667,0.896551724137931,18.654679483966905,49,0,49,0.0,18.6346607239102,0.9,20,0,0.0,
100,scale_n0100,q_01,suql_baseline,22,15,14,13,1,2,0.9285714285714286,0.8666666666666667,0.896551724137931,18.558132909005508,49,0,49,0.0,18.537486459012143,0.9,20,0,0.0,
100,scale_n0100,q_01,suql_baseline,23,15,14,13,1,2,0.9285714285714286,0.8666666666666667,0.896551724137931,18.69044130999828,49,0,49,0.0,18.665858857741117,0.9,20,0,0.0,
100,scale_n0100,q_01,suql_baseline,24,15,14,13,1,2,0.9285714285714286,0.8666666666666667,0.896551724137931,18.623674447007943,49,0,49,0.0,18.60214288753923,0.9,20,0,0.0,
100,scale_n0100,q_01,suql_baseline,25,15,14,13,1,2,0.9285714285714286,0.8666666666666667,0.896551724137931,18.61406618100591,49,0,49,0.0,18.59272650204366,0.9,20,0,0.0,
100,scale_n0100,q_01,suql_baseline,26,15,14,13,1,2,0.9285714285714286,0.8666666666666667,0.896551724137931,18.637149184010923,49,0,49,0.0,18.616446397732943,0.9,20,0,0.0,
100,scale_n0100,q_01,suql_baseline,27,15,14,13,1,2,0.9285714285714286,0.8666666666666667,0.896551724137931,18.604563482978847,49,0,49,0.0,18.584058013686445,0.9,20,0,0.0,
100,scale_n0100,q_01,suql_baseline,28,15,14,13,1,2,0.9285714285714286,0.8666666666666667,0.896551724137931,18.62147047399776,49,0,49,0.0,18.600931430235505,0.9,20,0,0.0,
100,scale_n0100,q_01,suql_baseline,29,15,14,13,1,2,0.9285714285714286,0.8666666666666667,0.896551724137931,18.54940545000136,49,0,49,0.0,18.530168365861755,0.9,20,0,0.0,
100,scale_n0100,q_01,suql_baseline,30,15,14,13,1,2,0.9285714285714286,0.8666666666666667,0.896551724137931,18.687351160042454,49,0,49,0.0,18.66670903726481,0.9,20,0,0.0,
100,scale_n0100,q_01,suql_baseline,31,15,14,13,1,2,0.9285714285714286,0.8666666666666667,0.896551724137931,18.80143189401133,49,0,49,0.0,18.781336784013547,0.9,20,0,0.0,
100,scale_n0100,q_01,suql_baseline,32,15,14,13,1,2,0.9285714285714286,0.8666666666666667,0.896551724137931,18.49330573604675,49,0,49,0.0,18.472777074959595,0.9,20,0,0.0,
100,scale_n0100,q_01,suql_baseline,33,15,14,13,1,2,0.9285714285714286,0.8666666666666667,0.896551724137931,18.57526017195778,49,0,49,0.0,18.55570698506199,0.9,20,0,0.0,
100,scale_n0100,q_01,suql_baseline,34,15,14,13,1,2,0.9285714285714286,0.8666666666666667,0.896551724137931,18.601942101027817,49,0,49,0.0,18.58232403412694,0.9,20,0,0.0,
100,scale_n0100,q_01,suql_baseline,35,15,14,13,1,2,0.9285714285714286,0.8666666666666667,0.896551724137931,18.593034771969545,49,0,49,0.0,18.5728183540632,0.9,20,0,0.0,
100,scale_n0100,q_01,suql_baseline,36,15,14,13,1,2,0.9285714285714286,0.8666666666666667,0.896551724137931,18.587997343973257,49,0,49,0.0,18.5638577650534,0.9,20,0,0.0,
100,scale_n0100,q_01,suql_baseline,37,15,14,13,1,2,0.9285714285714286,0.8666666666666667,0.896551724137931,18.56996544997673,49,0,49,0.0,18.548960531887133,0.9,20,0,0.0,
100,scale_n0100,q_01,suql_baseline,38,15,14,13,1,2,0.9285714285714286,0.8666666666666667,0.896551724137931,18.46521134203067,49,0,49,0.0,18.445644484949295,0.9,20,0,0.0,
100,scale_n0100,q_01,suql_baseline,39,15,14,13,1,2,0.9285714285714286,0.8666666666666667,0.896551724137931,18.546555142034777,49,0,49,0.0,18.525444462895397,0.9,20,0,0.0,
100,scale_n0100,q_01,suql_baseline,40,15,14,13,1,2,0.9285714285714286,0.8666666666666667,0.896551724137931,18.66213740000967,49,0,49,0.0,18.642487352713943,0.9,20,0,0.0,
100,scale_n0100,q_01,suql_baseline,41,15,14,13,1,2,0.9285714285714286,0.8666666666666667,0.896551724137931,18.595563408976886,49,0,49,0.0,18.57513307512272,0.9,20,0,0.0,
100,scale_n0100,q_01,suql_baseline,42,15,14,13,1,2,0.9285714285714286,0.8666666666666667,0.896551724137931,18.618883782997727,49,0,49,0.0,18.59756084618857,0.9,20,0,0.0,
100,scale_n0100,q_01,suql_baseline,43,15,14,13,1,2,0.9285714285714286,0.8666666666666667,0.896551724137931,18.59271753404755,49,0,49,0.0,18.568104534002487,0.9,20,0,0.0,
100,scale_n0100,q_01,suql_baseline,44,15,14,13,1,2,0.9285714285714286,0.8666666666666667,0.896551724137931,18.57491744199069,49,0,49,0.0,18.55329290503869,0.9,20,0,0.0,
100,scale_n0100,q_01,suql_baseline,45,15,14,13,1,2,0.9285714285714286,0.8666666666666667,0.896551724137931,18.671059680986215,49,0,49,0.0,18.646620903804436,0.9,20,0,0.0,
100,scale_n0100,q_01,suql_baseline,46,15,14,13,1,2,0.9285714285714286,0.8666666666666667,0.896551724137931,18.525218689988836,49,0,49,0.0,18.50412497407524,0.9,20,0,0.0,
100,scale_n0100,q_01,suql_baseline,47,15,14,13,1,2,0.9285714285714286,0.8666666666666667,0.896551724137931,18.566150439030025,49,0,49,0.0,18.545894443814177,0.9,20,0,0.0,
100,scale_n0100,q_01,suql_baseline,48,15,14,13,1,2,0.9285714285714286,0.8666666666666667,0.896551724137931,18.612833602004685,49,0,49,0.0,18.588451764313504,0.9,20,0,0.0,
100,scale_n0100,q_01,suql_baseline,49,15,14,13,1,2,0.9285714285714286,0.8666666666666667,0.896551724137931,18.65689643798396,49,0,49,0.0,18.63397065375466,0.9,20,0,0.0,
100,scale_n0100,q_01,suql_baseline,50,15,14,13,1,2,0.9285714285714286,0.8666666666666667,0.896551724137931,18.576590113982093,49,0,49,0.0,18.555648752953857,0.9,20,0,0.0,
100,scale_n0100,q_01,suql_baseline,51,15,14,13,1,2,0.9285714285714286,0.8666666666666667,0.896551724137931,18.560637007001787,49,0,49,0.0,18.540939569822516,0.9,20,0,0.0,
100,scale_n0100,q_01,suql_baseline,52,15,14,13,1,2,0.9285714285714286,0.8666666666666667,0.896551724137931,18.603988655959256,49,0,49,0.0,18.58323078014655,0.9,20,0,0.0,
100,scale_n0100,q_01,suql_baseline,53,15,14,13,1,2,0.9285714285714286,0.8666666666666667,0.896551724137931,18.43591601599473,49,0,49,0.0,18.41129032196477,0.9,20,0,0.0,
100,scale_n0100,q_01,suql_baseline,54,15,14,13,1,2,0.9285714285714286,0.8666666666666667,0.896551724137931,18.364396504999604,49,0,49,0.0,18.342447329836432,0.9,20,0,0.0,
100,scale_n0100,q_01,suql_baseline,55,15,14,13,1,2,0.9285714285714286,0.8666666666666667,0.896551724137931,18.42598864994943,49,0,49,0.0,18.403840865939856,0.9,20,0,0.0,
100,scale_n0100,q_01,suql_baseline,56,15,14,13,1,2,0.9285714285714286,0.8666666666666667,0.896551724137931,18.51182444201549,49,0,49,0.0,18.486316341906782,0.9,20,0,0.0,
100,scale_n0100,q_01,suql_baseline,57,15,14,13,1,2,0.9285714285714286,0.8666666666666667,0.896551724137931,18.4825930930092,49,0,49,0.0,18.461650117998943,0.9,20,0,0.0,
100,scale_n0100,q_01,suql_baseline,58,15,14,13,1,2,0.9285714285714286,0.8666666666666667,0.896551724137931,18.43465303297853,49,0,49,0.0,18.41363419994013,0.9,20,0,0.0,
100,scale_n0100,q_01,suql_baseline,59,15,14,13,1,2,0.9285714285714286,0.8666666666666667,0.896551724137931,18.515554034966044,49,0,49,0.0,18.495027785014827,0.9,20,0,0.0,
100,scale_n0100,q_01,suql_baseline,60,15,14,13,1,2,0.9285714285714286,0.8666666666666667,0.896551724137931,18.57976779504679,49,0,49,0.0,18.55977538181469,0.9,20,0,0.0,
100,scale_n0100,q_01,suql_baseline,61,15,14,13,1,2,0.9285714285714286,0.8666666666666667,0.896551724137931,18.531413578020874,49,0,49,0.0,18.509783393121324,0.9,20,0,0.0,
100,scale_n0100,q_01,suql_baseline,62,15,14,13,1,2,0.9285714285714286,0.8666666666666667,0.896551724137931,18.54033334896667,49,0,49,0.0,18.519128933083262,0.9,20,0,0.0,
100,scale_n0100,q_01,suql_baseline,63,15,14,13,1,2,0.9285714285714286,0.8666666666666667,0.896551724137931,18.59088231099304,49,0,49,0.0,18.56981694570277,0.9,20,0,0.0,
100,scale_n0100,q_01,suql_baseline,64,15,14,13,1,2,0.9285714285714286,0.8666666666666667,0.896551724137931,18.55010084598325,49,0,49,0.0,18.52856455789879,0.9,20,0,0.0,
100,scale_n0100,q_01,suql_baseline,65,15,14,13,1,2,0.9285714285714286,0.8666666666666667,0.896551724137931,18.618586077995133,49,0,49,0.0,18.5971207319526,0.9,20,0,0.0,
100,scale_n0100,q_01,suql_baseline,66,15,14,13,1,2,0.9285714285714286,0.8666666666666667,0.896551724137931,18.624234102026094,49,0,49,0.0,18.602063907892443,0.9,20,0,0.0,
100,scale_n0100,q_01,suql_baseline,67,15,14,13,1,2,0.9285714285714286,0.8666666666666667,0.896551724137931,18.587354137038343,49,0,49,0.0,18.56446799094556,0.9,20,0,0.0,
100,scale_n0100,q_01,suql_baseline,68,15,14,13,1,2,0.9285714285714286,0.8666666666666667,0.896551724137931,18.61189827200724,49,0,49,0.0,18.59059653704753,0.9,20,0,0.0,
100,scale_n0100,q_01,suql_baseline,69,15,14,13,1,2,0.9285714285714286,0.8666666666666667,0.896551724137931,18.558184703986623,49,0,49,0.0,18.535690951917783,0.9,20,0,0.0,
100,scale_n0100,q_01,suql_baseline,70,15,14,13,1,2,0.9285714285714286,0.8666666666666667,0.896551724137931,18.50198217801517,49,0,49,0.0,18.48074952501338,0.9,20,0,0.0,
100,scale_n0100,q_01,suql_baseline,71,15,14,13,1,2,0.9285714285714286,0.8666666666666667,0.896551724137931,18.548596629989333,49,0,49,0.0,18.52722308586817,0.9,20,0,0.0,
100,scale_n0100,q_01,suql_baseline,72,15,14,13,1,2,0.9285714285714286,0.8666666666666667,0.896551724137931,18.57903920399258,49,0,49,0.0,18.55766829208005,0.9,20,0,0.0,
100,scale_n0100,q_01,suql_baseline,73,15,14,13,1,2,0.9285714285714286,0.8666666666666667,0.896551724137931,18.655693125037946,49,0,49,0.0,18.63381617009873,0.9,20,0,0.0,
100,scale_n0100,q_01,suql_baseline,74,15,14,13,1,2,0.9285714285714286,0.8666666666666667,0.896551724137931,18.537095308012795,49,0,49,0.0,18.515607223962437,0.9,20,0,0.0,
100,scale_n0100,q_01,suql_baseline,75,15,14,13,1,2,0.9285714285714286,0.8666666666666667,0.896551724137931,18.647779054008424,49,0,49,0.0,18.62752134911716,0.9,20,0,0.0,
100,scale_n0100,q_01,suql_baseline,76,15,14,13,1,2,0.9285714285714286,0.8666666666666667,0.896551724137931,18.59085343498737,49,0,49,0.0,18.56965868890984,0.9,20,0,0.0,
100,scale_n0100,q_01,suql_baseline,77,15,14,13,1,2,0.9285714285714286,0.8666666666666667,0.896551724137931,18.549814369005617,49,0,49,0.0,18.529284575895872,0.9,20,0,0.0,
100,scale_n0100,q_01,suql_baseline,78,15,14,13,1,2,0.9285714285714286,0.8666666666666667,0.896551724137931,18.60566723300144,49,0,49,0.0,18.585389473068066,0.9,20,0,0.0,
100,scale_n0100,q_01,suql_baseline,79,15,14,13,1,2,0.9285714285714286,0.8666666666666667,0.896551724137931,18.576726971019525,49,0,49,0.0,18.55538941506529,0.9,20,0,0.0,
100,scale_n0100,q_01,suql_baseline,80,15,14,13,1,2,0.9285714285714286,0.8666666666666667,0.896551724137931,18.5226337829954,49,0,49,0.0,18.501206829270814,0.9,20,0,0.0,
100,scale_n0100,q_01,suql_baseline,81,15,14,13,1,2,0.9285714285714286,0.8666666666666667,0.896551724137931,18.551478046982083,49,0,49,0.0,18.528406082186848,0.9,20,0,0.0,
100,scale_n0100,q_01,suql_baseline,82,15,14,13,1,2,0.9285714285714286,0.8666666666666667,0.896551724137931,18.539878411975224,49,0,49,0.0,18.518902601848826,0.9,20,0,0.0,
100,scale_n0100,q_01,suql_baseline,83,15,14,13,1,2,0.9285714285714286,0.8666666666666667,0.896551724137931,18.58445673499955,49,0,49,0.0,18.562983415962663,0.9,20,0,0.0,
100,scale_n0100,q_01,suql_baseline,84,15,14,13,1,2,0.9285714285714286,0.8666666666666667,0.896551724137931,18.476052541984245,49,0,49,0.0,18.455883438000452,0.9,20,0,0.0,
100,scale_n0100,q_01,suql_baseline,85,15,14,13,1,2,0.9285714285714286,0.8666666666666667,0.896551724137931,18.50170640402939,49,0,49,0.0,18.48134090116946,0.9,20,0,0.0,
100,scale_n0100,q_01,suql_baseline,86,15,14,13,1,2,0.9285714285714286,0.8666666666666667,0.896551724137931,18.554787533998024,49,0,49,0.0,18.534847136004828,0.9,20,0,0.0,
100,scale_n0100,q_01,suql_baseline,87,15,14,13,1,2,0.9285714285714286,0.8666666666666667,0.896551724137931,18.458518105035186,49,0,49,0.0,18.43769112270093,0.9,20,0,0.0,
100,scale_n0100,q_01,suql_baseline,88,15,14,13,1,2,0.9285714285714286,0.8666666666666667,0.896551724137931,18.60026882099919,49,0,49,0.0,18.580054623016625,0.9,20,0,0.0,
100,scale_n0100,q_01,suql_baseline,89,15,14,13,1,2,0.9285714285714286,0.8666666666666667,0.896551724137931,18.609319556038827,49,0,49,0.0,18.58846276818076,0.9,20,0,0.0,
100,scale_n0100,q_01,suql_baseline,90,15,14,13,1,2,0.9285714285714286,0.8666666666666667,0.896551724137931,18.555726607970428,49,0,49,0.0,18.53568388189888,0.9,20,0,0.0,
100,scale_n0100,q_01,suql_baseline,91,15,14,13,1,2,0.9285714285714286,0.8666666666666667,0.896551724137931,18.52045123296557,49,0,49,0.0,18.4996163759497,0.9,20,0,0.0,
100,scale_n0100,q_01,suql_baseline,92,15,14,13,1,2,0.9285714285714286,0.8666666666666667,0.896551724137931,18.51099305495154,49,0,49,0.0,18.489494080189612,0.9,20,0,0.0,
100,scale_n0100,q_01,suql_baseline,93,15,14,13,1,2,0.9285714285714286,0.8666666666666667,0.896551724137931,18.53634992998559,49,0,49,0.0,18.514709665090777,0.9,20,0,0.0,
100,scale_n0100,q_01,suql_baseline,94,15,14,13,1,2,0.9285714285714286,0.8666666666666667,0.896551724137931,18.512885851960164,49,0,49,0.0,18.48916391923558,0.9,20,0,0.0,
100,scale_n0100,q_01,suql_baseline,95,15,14,13,1,2,0.9285714285714286,0.8666666666666667,0.896551724137931,18.4489893130376,49,0,49,0.0,18.428977087896783,0.9,20,0,0.0,
100,scale_n0100,q_01,suql_baseline,96,15,14,13,1,2,0.9285714285714286,0.8666666666666667,0.896551724137931,18.539950868987944,49,0,49,0.0,18.52125225617783,0.9,20,0,0.0,
100,scale_n0100,q_01,suql_baseline,97,15,14,13,1,2,0.9285714285714286,0.8666666666666667,0.896551724137931,18.488837359007448,49,0,49,0.0,18.46856977290008,0.9,20,0,0.0,
100,scale_n0100,q_01,suql_baseline,98,15,14,13,1,2,0.9285714285714286,0.8666666666666667,0.896551724137931,18.452391239989083,49,0,49,0.0,18.432034897094127,0.9,20,0,0.0,
100,scale_n0100,q_01,suql_baseline,99,15,14,13,1,2,0.9285714285714286,0.8666666666666667,0.896551724137931,18.5287974899984,49,0,49,0.0,18.50775773008354,0.9,20,0,0.0,
100,scale_n0100,q_01,suql_baseline,100,15,14,13,1,2,0.9285714285714286,0.8666666666666667,0.896551724137931,18.478261283016764,49,0,49,0.0,18.456226135313045,0.9,20,0,0.0,
100,scale_n0100,q_01,suql_baseline,101,15,14,13,1,2,0.9285714285714286,0.8666666666666667,0.896551724137931,18.31548898399342,49,0,49,0.0,18.294954140204936,0.9,20,0,0.0,
100,scale_n0100,q_01,suql_baseline,102,15,14,13,1,2,0.9285714285714286,0.8666666666666667,0.896551724137931,18.42808247503126,49,0,49,0.0,18.403710633981973,0.9,20,0,0.0,
100,scale_n0100,q_01,suql_baseline,103,15,14,13,1,2,0.9285714285714286,0.8666666666666667,0.896551724137931,18.4428416719893,49,0,49,0.0,18.421233641915023,0.9,20,0,0.0,
100,scale_n0100,q_01,suql_baseline,104,15,14,13,1,2,0.9285714285714286,0.8666666666666667,0.896551724137931,18.45391310402192,49,0,49,0.0,18.432711519126315,0.9,20,0,0.0,
100,scale_n0100,q_01,suql_baseline,105,15,14,13,1,2,0.9285714285714286,0.8666666666666667,0.896551724137931,18.40698137599975,49,0,49,0.0,18.38639450236224,0.9,20,0,0.0,
100,scale_n0100,q_01,suql_baseline,106,15,14,13,1,2,0.9285714285714286,0.8666666666666667,0.896551724137931,18.430507400014903,49,0,49,0.0,18.40942910593003,0.9,20,0,0.0,
100,scale_n0100,q_01,suql_baseline,107,15,14,13,1,2,0.9285714285714286,0.8666666666666667,0.896551724137931,18.57817283301847,49,0,49,0.0,18.556788507965397,0.9,20,0,0.0,
100,scale_n0100,q_01,suql_baseline,108,15,14,13,1,2,0.9285714285714286,0.8666666666666667,0.896551724137931,18.522812758979853,49,0,49,0.0,18.49951288668672,0.9,20,0,0.0,
100,scale_n0100,q_01,suql_baseline,109,15,14,13,1,2,0.9285714285714286,0.8666666666666667,0.896551724137931,18.538169325038325,49,0,49,0.0,18.514923314913176,0.9,20,0,0.0,
100,scale_n0100,q_01,suql_baseline,110,15,14,13,1,2,0.9285714285714286,0.8666666666666667,0.896551724137931,18.50923950097058,49,0,49,0.0,18.488402633171063,0.9,20,0,0.0,
100,scale_n0100,q_01,suql_baseline,111,15,14,13,1,2,0.9285714285714286,0.8666666666666667,0.896551724137931,18.564532781019807,49,0,49,0.0,18.544619573047385,0.9,20,0,0.0,
100,scale_n0100,q_01,suql_baseline,112,15,14,13,1,2,0.9285714285714286,0.8666666666666667,0.896551724137931,18.50354782101931,49,0,49,0.0,18.482465767185204,0.9,20,0,0.0,
100,scale_n0100,q_01,suql_baseline,113,15,14,13,1,2,0.9285714285714286,0.8666666666666667,0.896551724137931,18.47206777200336,49,0,49,0.0,18.45105810579844,0.9,20,0,0.0,
100,scale_n0100,q_01,suql_baseline,114,15,14,13,1,2,0.9285714285714286,0.8666666666666667,0.896551724137931,18.38182147894986,49,0,49,0.0,18.360764044104144,0.9,20,0,0.0,
100,scale_n0100,q_01,suql_baseline,115,15,14,13,1,2,0.9285714285714286,0.8666666666666667,0.896551724137931,18.494702102034356,49,0,49,0.0,18.473685723089147,0.9,20,0,0.0,
100,scale_n0100,q_01,suql_baseline,116,15,14,13,1,2,0.9285714285714286,0.8666666666666667,0.896551724137931,18.524726715986617,49,0,49,0.0,18.503442922083195,0.9,20,0,0.0,
100,scale_n0100,q_01,suql_baseline,117,15,14,13,1,2,0.9285714285714286,0.8666666666666667,0.896551724137931,18.55243432399584,49,0,49,0.0,18.532100271899253,0.9,20,0,0.0,
100,scale_n0100,q_01,suql_baseline,118,15,14,13,1,2,0.9285714285714286,0.8666666666666667,0.896551724137931,18.48301350697875,49,0,49,0.0,18.46194904204458,0.9,20,0,0.0,
100,scale_n0100,q_01,suql_baseline,119,15,14,13,1,2,0.9285714285714286,0.8666666666666667,0.896551724137931,18.73459760099649,49,0,49,0.0,18.7126324569108,0.9,20,0,0.0,
100,scale_n0100,q_01,suql_baseline,120,15,14,13,1,2,0.9285714285714286,0.8666666666666667,0.896551724137931,18.474020744964943,49,0,49,0.0,18.452645584649872,0.9,20,0,0.0,
100,scale_n0100,q_01,suql_baseline,121,15,14,13,1,2,0.9285714285714286,0.8666666666666667,0.896551724137931,18.474932064011227,49,0,49,0.0,18.450980212830476,0.9,20,0,0.0,
100,scale_n0100,q_01,suql_baseline,122,15,14,13,1,2,0.9285714285714286,0.8666666666666667,0.896551724137931,18.419653341989036,49,0,49,0.0,18.39839135512011,0.9,20,0,0.0,
100,scale_n0100,q_01,suql_baseline,123,15,14,13,1,2,0.9285714285714286,0.8666666666666667,0.896551724137931,18.402166715008207,49,0,49,0.0,18.381464733975008,0.9,20,0,0.0,
100,scale_n0100,q_01,suql_baseline,124,15,14,13,1,2,0.9285714285714286,0.8666666666666667,0.896551724137931,18.542277195025235,49,0,49,0.0,18.52155702619348,0.9,20,0,0.0,
100,scale_n0100,q_01,suql_baseline,125,15,14,13,1,2,0.9285714285714286,0.8666666666666667,0.896551724137931,18.49040469003376,49,0,49,0.0,18.46859389694873,0.9,20,0,0.0,
100,scale_n0100,q_01,suql_baseline,126,15,14,13,1,2,0.9285714285714286,0.8666666666666667,0.896551724137931,18.490596326999366,49,0,49,0.0,18.47069363389164,0.9,20,0,0.0,
100,scale_n0100,q_01,suql_baseline,127,15,14,13,1,2,0.9285714285714286,0.8666666666666667,0.896551724137931,18.425417880993336,49,0,49,0.0,18.404730304027908,0.9,20,0,0.0,
100,scale_n0100,q_01,suql_baseline,128,15,14,13,1,2,0.9285714285714286,0.8666666666666667,0.896551724137931,18.56696531100897,49,0,49,0.0,18.54573473590426,0.9,20,0,0.0,
100,scale_n0100,q_01,suql_baseline,129,15,14,13,1,2,0.9285714285714286,0.8666666666666667,0.896551724137931,18.40772941603791,49,0,49,0.0,18.386683012533467,0.9,20,0,0.0,
100,scale_n0100,q_01,suql_baseline,130,15,14,13,1,2,0.9285714285714286,0.8666666666666667,0.896551724137931,18.42243713600328,49,0,49,0.0,18.401481042907108,0.9,20,0,0.0,
100,scale_n0100,q_01,suql_baseline,131,15,14,13,1,2,0.9285714285714286,0.8666666666666667,0.896551724137931,18.347819934017025,49,0,49,0.0,18.32633785979124,0.9,20,0,0.0,
100,scale_n0100,q_01,suql_baseline,132,15,14,13,1,2,0.9285714285714286,0.8666666666666667,0.896551724137931,18.44057649699971,49,0,49,0.0,18.420919069030788,0.9,20,0,0.0,
100,scale_n0100,q_01,suql_baseline,133,15,14,13,1,2,0.9285714285714286,0.8666666666666667,0.896551724137931,18.481975450995375,49,0,49,0.0,18.46101382980123,0.9,20,0,0.0,
100,scale_n0100,q_01,suql_baseline,134,15,14,13,1,2,0.9285714285714286,0.8666666666666667,0.896551724137931,18.46544591599377,49,0,49,0.0,18.44500514306128,0.9,20,0,0.0,
100,scale_n0100,q_01,suql_baseline,135,15,14,13,1,2,0.9285714285714286,0.8666666666666667,0.896551724137931,18.534119572956115,49,0,49,0.0,18.51391394197708,0.9,20,0,0.0,
100,scale_n0100,q_01,suql_baseline,136,15,14,13,1,2,0.9285714285714286,0.8666666666666667,0.896551724137931,18.56602276302874,49,0,49,0.0,18.544625721871853,0.9,20,0,0.0,
100,scale_n0100,q_01,suql_baseline,137,15,14,13,1,2,0.9285714285714286,0.8666666666666667,0.896551724137931,18.51832985499641,49,0,49,0.0,18.49608749756589,0.9,20,0,0.0,
100,scale_n0100,q_01,suql_baseline,138,15,14,13,1,2,0.9285714285714286,0.8666666666666667,0.896551724137931,18.52312286297092,49,0,49,0.0,18.50173703982728,0.9,20,0,0.0,
100,scale_n0100,q_01,suql_baseline,139,15,14,13,1,2,0.9285714285714286,0.8666666666666667,0.896551724137931,18.495956311991904,49,0,49,0.0,18.47551587293856,0.9,20,0,0.0,
100,scale_n0100,q_01,suql_baseline,140,15,14,13,1,2,0.9285714285714286,0.8666666666666667,0.896551724137931,18.595942534971982,49,0,49,0.0,18.57500453095417,0.9,20,0,0.0,
100,scale_n0100,q_01,suql_baseline,141,15,14,13,1,2,0.9285714285714286,0.8666666666666667,0.896551724137931,18.52127772697713,49,0,49,0.0,18.500979834934697,0.9,20,0,0.0,
100,scale_n0100,q_01,suql_baseline,142,15,14,13,1,2,0.9285714285714286,0.8666666666666667,0.896551724137931,18.60621271602577,49,0,49,0.0,18.58495918486733,0.9,20,0,0.0,
100,scale_n0100,q_01,suql_baseline,143,15,14,13,1,2,0.9285714285714286,0.8666666666666667,0.896551724137931,18.50537029397674,49,0,49,0.0,18.484640280134045,0.9,20,0,0.0,
100,scale_n0100,q_01,suql_baseline,144,15,14,13,1,2,0.9285714285714286,0.8666666666666667,0.896551724137931,18.536532394995447,49,0,49,0.0,18.51488670619437,0.9,20,0,0.0,
100,scale_n0100,q_01,suql_baseline,145,15,14,13,1,2,0.9285714285714286,0.8666666666666667,0.896551724137931,18.45530387398321,49,0,49,0.0,18.43453982193023,0.9,20,0,0.0,
100,scale_n0100,q_01,suql_baseline,146,15,14,13,1,2,0.9285714285714286,0.8666666666666667,0.896551724137931,18.55584494298091,49,0,49,0.0,18.53655520256143,0.9,20,0,0.0,
100,scale_n0100,q_01,suql_baseline,147,15,14,13,1,2,0.9285714285714286,0.8666666666666667,0.896551724137931,18.581065626989584,49,0,49,0.0,18.5603161600302,0.9,20,0,0.0,
100,scale_n0100,q_01,suql_baseline,148,15,14,13,1,2,0.9285714285714286,0.8666666666666667,0.896551724137931,18.51468860602472,49,0,49,0.0,18.492806251102596,0.9,20,0,0.0,
100,scale_n0100,q_01,suql_baseline,149,15,14,13,1,2,0.9285714285714286,0.8666666666666667,0.896551724137931,18.47781306295656,49,0,49,0.0,18.45704333408503,0.9,20,0,0.0,
100,scale_n0100,q_01,suql_baseline,150,15,14,13,1,2,0.9285714285714286,0.8666666666666667,0.896551724137931,18.53578154800925,49,0,49,0.0,18.514222371042703,0.9,20,0,0.0,
100,scale_n0100,q_01,trummer_v1,1,15,15,14,1,1,0.9333333333333332,0.9333333333333332,0.9333333333333332,23.67332415701821,13,8,5,15.84329691104358,5.911757295019925,0.9,20,20,0.6,
100,scale_n0100,q_01,trummer_v1,2,15,15,14,1,1,0.9333333333333332,0.9333333333333332,0.9333333333333332,11.557865064998625,13,8,5,5.7578165020095184,5.779768632957712,0.9,20,20,0.6,
100,scale_n0100,q_01,trummer_v1,3,15,15,14,1,1,0.9333333333333332,0.9333333333333332,0.9333333333333332,11.591197511996144,13,8,5,5.794004541938193,5.776081927120686,0.9,20,20,0.6,
100,scale_n0100,q_01,trummer_v1,4,15,15,14,1,1,0.9333333333333332,0.9333333333333332,0.9333333333333332,11.522562893980648,13,8,5,5.762541620933916,5.73927801696118,0.9,20,20,0.6,
100,scale_n0100,q_01,trummer_v1,5,15,15,14,1,1,0.9333333333333332,0.9333333333333332,0.9333333333333332,11.517504672985524,13,8,5,5.755191316013224,5.742359625932295,0.9,20,20,0.6,
100,scale_n0100,q_01,trummer_v1,6,15,15,14,1,1,0.9333333333333332,0.9333333333333332,0.9333333333333332,11.55610012303805,13,8,5,5.776341875141952,5.759063880948816,0.9,20,20,0.6,
100,scale_n0100,q_01,trummer_v1,7,15,15,14,1,1,0.9333333333333332,0.9333333333333332,0.9333333333333332,11.576789140002802,13,8,5,5.802670323930215,5.753948453930207,0.9,20,20,0.6,
100,scale_n0100,q_01,trummer_v1,8,15,15,14,1,1,0.9333333333333332,0.9333333333333332,0.9333333333333332,11.567893841012848,13,8,5,5.790742774086539,5.756606440118048,0.9,20,20,0.6,
100,scale_n0100,q_01,trummer_v1,9,15,15,14,1,1,0.9333333333333332,0.9333333333333332,0.9333333333333332,11.525048569019418,13,8,5,5.7628063729498535,5.74036708305357,0.9,20,20,0.6,
100,scale_n0100,q_01,trummer_v1,10,15,15,14,1,1,0.9333333333333332,0.9333333333333332,0.9333333333333332,11.56608227896504,13,8,5,5.788472752843518,5.756615865975618,0.9,20,20,0.6,
100,scale_n0100,q_01,trummer_v1,11,15,15,14,1,1,0.9333333333333332,0.9333333333333332,0.9333333333333332,11.532500419009011,13,8,5,5.777590453042649,5.736613806977402,0.9,20,20,0.6,
100,scale_n0100,q_01,trummer_v1,12,15,15,14,1,1,0.9333333333333332,0.9333333333333332,0.9333333333333332,11.563212784007192,13,8,5,5.785614785854705,5.757181269058492,0.9,20,20,0.6,
100,scale_n0100,q_01,trummer_v1,13,15,15,14,1,1,0.9333333333333332,0.9333333333333332,0.9333333333333332,11.557690688990988,13,8,5,5.791778431856073,5.745855595974717,0.9,20,20,0.6,
100,scale_n0100,q_01,trummer_v1,14,15,15,14,1,1,0.9333333333333332,0.9333333333333332,0.9333333333333332,11.55671853903914,13,8,5,5.786667908017989,5.75132633902831,0.9,20,20,0.6,
100,scale_n0100,q_01,trummer_v1,15,15,15,14,1,1,0.9333333333333332,0.9333333333333332,0.9333333333333332,11.59395886398852,13,8,5,5.803665995888878,5.770597322960384,0.9,20,20,0.6,
100,scale_n0100,q_01,trummer_v1,16,15,15,14,1,1,0.9333333333333332,0.9333333333333332,0.9333333333333332,11.53860159695614,13,8,5,5.783990596886724,5.733969883003738,0.9,20,20,0.6,
100,scale_n0100,q_01,trummer_v1,17,15,15,14,1,1,0.9333333333333332,0.9333333333333332,0.9333333333333332,11.539191684976686,13,8,5,5.770794544136152,5.749136161990464,0.9,20,20,0.6,
100,scale_n0100,q_01,trummer_v1,18,15,15,14,1,1,0.9333333333333332,0.9333333333333332,0.9333333333333332,11.541858195967508,13,8,5,5.763731252925936,5.757733803999145,0.9,20,20,0.6,
100,scale_n0100,q_01,trummer_v1,19,15,15,14,1,1,0.9333333333333332,0.9333333333333332,0.9333333333333332,11.531705703993794,13,8,5,5.788598365965299,5.723886887950357,0.9,20,20,0.6,
100,scale_n0100,q_01,trummer_v1,20,15,15,14,1,1,0.9333333333333332,0.9333333333333332,0.9333333333333332,11.52573744294932,13,8,5,5.765196546970401,5.740516092861071,0.9,20,20,0.6,
100,scale_n0100,q_01,trummer_v1,21,15,15,14,1,1,0.9333333333333332,0.9333333333333332,0.9333333333333332,11.515123537974432,13,8,5,5.735373440897092,5.7586354140075855,0.9,20,20,0.6,
100,scale_n0100,q_01,trummer_v1,22,15,15,14,1,1,0.9333333333333332,0.9333333333333332,0.9333333333333332,11.566427337995265,13,8,5,5.779027498909272,5.766184378997423,0.9,20,20,0.6,
100,scale_n0100,q_01,trummer_v1,23,15,15,14,1,1,0.9333333333333332,0.9333333333333332,0.9333333333333332,11.572272122954018,13,8,5,5.781679064035416,5.770573387038894,0.9,20,20,0.6,
100,scale_n0100,q_01,trummer_v1,24,15,15,14,1,1,0.9333333333333332,0.9333333333333332,0.9333333333333332,11.611049179977272,13,8,5,5.820962007041089,5.769306881004013,0.9,20,20,0.6,
100,scale_n0100,q_01,trummer_v1,25,15,15,14,1,1,0.9333333333333332,0.9333333333333332,0.9333333333333332,11.603621007001491,13,8,5,5.8156525020021945,5.766450078925118,0.9,20,20,0.6,
100,scale_n0100,q_01,trummer_v1,26,15,15,14,1,1,0.9333333333333332,0.9333333333333332,0.9333333333333332,11.58824214496417,13,8,5,5.806555160030257,5.763264534063637,0.9,20,20,0.6,
100,scale_n0100,q_01,trummer_v1,27,15,15,14,1,1,0.9333333333333332,0.9333333333333332,0.9333333333333332,11.557049439987168,13,8,5,5.782146688026842,5.757483415130992,0.9,20,20,0.6,
100,scale_n0100,q_01,trummer_v1,28,15,15,14,1,1,0.9333333333333332,0.9333333333333332,0.9333333333333332,11.57022977602901,13,8,5,5.789637346868403,5.760085152927786,0.9,20,20,0.6,
100,scale_n0100,q_01,trummer_v1,29,15,15,14,1,1,0.9333333333333332,0.9333333333333332,0.9333333333333332,11.566620919969864,13,8,5,5.792116286989767,5.7537908719386905,0.9,20,20,0.6,
100,scale_n0100,q_01,trummer_v1,30,15,15,14,1,1,0.9333333333333332,0.9333333333333332,0.9333333333333332,11.552643656963482,13,8,5,5.764091589080636,5.768293760018423,0.9,20,20,0.6,
100,scale_n0100,q_01,trummer_v1,31,15,15,14,1,1,0.9333333333333332,0.9333333333333332,0.9333333333333332,11.559666435990948,13,8,5,5.789542119950056,5.749906229029875,0.9,20,20,0.6,
100,scale_n0100,q_01,trummer_v1,32,15,15,14,1,1,0.9333333333333332,0.9333333333333332,0.9333333333333332,11.592731867043767,13,8,5,5.80809882003814,5.764753806986846,0.9,20,20,0.6,
100,scale_n0100,q_01,trummer_v1,33,15,15,14,1,1,0.9333333333333332,0.9333333333333332,0.9333333333333332,11.574915625038557,13,8,5,5.782175814034417,5.767809159995522,0.9,20,20,0.6,
100,scale_n0100,q_01,trummer_v1,34,15,15,14,1,1,0.9333333333333332,0.9333333333333332,0.9333333333333332,11.628279505006503,13,8,5,5.83095954201417,5.7776998589979485,0.9,20,20,0.6,
100,scale_n0100,q_01,trummer_v1,35,15,15,14,1,1,0.9333333333333332,0.9333333333333332,0.9333333333333332,11.567024566989858,13,8,5,5.785907968936954,5.759782302018721,0.9,20,20,0.6,
100,scale_n0100,q_01,trummer_v1,36,15,15,14,1,1,0.9333333333333332,0.9333333333333332,0.9333333333333332,11.588744752982166,13,8,5,5.788630825933069,5.775210114137735,0.9,20,20,0.6,
100,scale_n0100,q_01,trummer_v1,37,15,15,14,1,1,0.9333333333333332,0.9333333333333332,0.9333333333333332,11.589189043967052,13,8,5,5.807131117966492,5.75856796791777,0.9,20,20,0.6,
100,scale_n0100,q_01,trummer_v1,38,15,15,14,1,1,0.9333333333333332,0.9333333333333332,0.9333333333333332,11.603414735989643,13,8,5,5.799760778958444,5.783413989003748,0.9,20,20,0.6,
100,scale_n0100,q_01,trummer_v1,39,15,15,14,1,1,0.9333333333333332,0.9333333333333332,0.9333333333333332,11.59084558597533,13,8,5,5.801265272020828,5.768253825022839,0.9,20,20,0.6,
100,scale_n0100,q_01,trummer_v1,40,15,15,14,1,1,0.9333333333333332,0.9333333333333332,0.9333333333333332,11.549549363960978,13,8,5,5.783770526992157,5.742901387042366,0.9,20,20,0.6,
100,scale_n0100,q_01,trummer_v1,41,15,15,14,1,1,0.9333333333333332,0.9333333333333332,0.9333333333333332,11.567659259948414,13,8,5,5.794396415993106,5.753161695029121,0.9,20,20,0.6,
100,scale_n0100,q_01,trummer_v1,42,15,15,14,1,1,0.9333333333333332,0.9333333333333332,0.9333333333333332,11.553082892962266,13,8,5,5.786104697966948,5.746825655980501,0.9,20,20,0.6,
100,scale_n0100,q_01,trummer_v1,43,15,15,14,1,1,0.9333333333333332,0.9333333333333332,0.9333333333333332,11.556576656003015,13,8,5,5.789123086957261,5.7480268040671945,0.9,20,20,0.6,
100,scale_n0100,q_01,trummer_v1,44,15,15,14,1,1,0.9333333333333332,0.9333333333333332,0.9333333333333332,11.5416604920174,13,8,5,5.7732818650547415,5.743673135060817,0.9,20,20,0.6,
100,scale_n0100,q_01,trummer_v1,45,15,15,14,1,1,0.9333333333333332,0.9333333333333332,0.9333333333333332,11.532610291964374,13,8,5,5.75832552096108,5.754813873907551,0.9,20,20,0.6,
100,scale_n0100,q_01,trummer_v1,46,15,15,14,1,1,0.9333333333333332,0.9333333333333332,0.9333333333333332,11.551888520014472,13,8,5,5.779281473951414,5.751320659008343,0.9,20,20,0.6,
100,scale_n0100,q_01,trummer_v1,47,15,15,14,1,1,0.9333333333333332,0.9333333333333332,0.9333333333333332,11.5547378299525,13,8,5,5.774468040966895,5.762872582941782,0.9,20,20,0.6,
100,scale_n0100,q_01,trummer_v1,48,15,15,14,1,1,0.9333333333333332,0.9333333333333332,0.9333333333333332,11.545279996003956,13,8,5,5.7938676490448415,5.730835723050404,0.9,20,20,0.6,
100,scale_n0100,q_01,trummer_v1,49,15,15,14,1,1,0.9333333333333332,0.9333333333333332,0.9333333333333332,11.538162947981618,13,8,5,5.767248452058993,5.747139270999469,0.9,20,20,0.6,
100,scale_n0100,q_01,trummer_v1,50,15,15,14,1,1,0.9333333333333332,0.9333333333333332,0.9333333333333332,11.544745063001756,13,8,5,5.780896149051841,5.7435761879896745,0.9,20,20,0.6,
100,scale_n0100,q_01,trummer_v1,51,15,15,14,1,1,0.9333333333333332,0.9333333333333332,0.9333333333333332,11.568599667982198,13,8,5,5.782405284990091,5.765575638972223,0.9,20,20,0.6,
100,scale_n0100,q_01,trummer_v1,52,15,15,14,1,1,0.9333333333333332,0.9333333333333332,0.9333333333333332,11.544196314003784,13,8,5,5.772506383946165,5.751966685929801,0.9,20,20,0.6,
100,scale_n0100,q_01,trummer_v1,53,15,15,14,1,1,0.9333333333333332,0.9333333333333332,0.9333333333333332,11.50119125796482,13,8,5,5.7551989469793625,5.726417903031688,0.9,20,20,0.6,
100,scale_n0100,q_01,trummer_v1,54,15,15,14,1,1,0.9333333333333332,0.9333333333333332,0.9333333333333332,11.546018082008231,13,8,5,5.7668701349175535,5.756469415966421,0.9,20,20,0.6,
100,scale_n0100,q_01,trummer_v1,55,15,15,14,1,1,0.9333333333333332,0.9333333333333332,0.9333333333333332,11.56861839996418,13,8,5,5.7859341340954416,5.76161447702907,0.9,20,20,0.6,
100,scale_n0100,q_01,trummer_v1,56,15,15,14,1,1,0.9333333333333332,0.9333333333333332,0.9333333333333332,11.565900971996598,13,8,5,5.782400792930275,5.763432140054647,0.9,20,20,0.6,
100,scale_n0100,q_01,trummer_v1,57,15,15,14,1,1,0.9333333333333332,0.9333333333333332,0.9333333333333332,11.519036174984649,13,8,5,5.765492781996727,5.729673418973107,0.9,20,20,0.6,
100,scale_n0100,q_01,trummer_v1,58,15,15,14,1,1,0.9333333333333332,0.9333333333333332,0.9333333333333332,11.502517117012758,13,8,5,5.745765444182325,5.737318906001747,0.9,20,20,0.6,
100,scale_n0100,q_01,trummer_v1,59,15,15,14,1,1,0.9333333333333332,0.9333333333333332,0.9333333333333332,11.538155483955052,13,8,5,5.7762122140266,5.742245979025029,0.9,20,20,0.6,
100,scale_n0100,q_01,trummer_v1,60,15,15,14,1,1,0.9333333333333332,0.9333333333333332,0.9333333333333332,11.569901312992442,13,8,5,5.780609921959695,5.771545657946263,0.9,20,20,0.6,
100,scale_n0100,q_01,trummer_v1,61,15,15,14,1,1,0.9333333333333332,0.9333333333333332,0.9333333333333332,11.562640452000778,13,8,5,5.791841401951388,5.7493935849634,0.9,20,20,0.6,
100,scale_n0100,q_01,trummer_v1,62,15,15,14,1,1,0.9333333333333332,0.9333333333333332,0.9333333333333332,11.552692396973724,13,8,5,5.782326442014892,5.751974450948183,0.9,20,20,0.6,
100,scale_n0100,q_01,trummer_v1,63,15,15,14,1,1,0.9333333333333332,0.9333333333333332,0.9333333333333332,11.586395966005512,13,8,5,5.793106525903568,5.77214274398284,0.9,20,20,0.6,
100,scale_n0100,q_01,trummer_v1,64,15,15,14,1,1,0.9333333333333332,0.9333333333333332,0.9333333333333332,11.570036497956607,13,8,5,5.790854391059838,5.755673432897311,0.9,20,20,0.6,
100,scale_n0100,q_01,trummer_v1,65,15,15,14,1,1,0.9333333333333332,0.9333333333333332,0.9333333333333332,11.578130954992956,13,8,5,5.804672616941389,5.75321321003139,0.9,20,20,0.6,
100,scale_n0100,q_01,trummer_v1,66,15,15,14,1,1,0.9333333333333332,0.9333333333333332,0.9333333333333332,11.555086562992074,13,8,5,5.778362453973386,5.755508070986252,0.9,20,20,0.6,
100,scale_n0100,q_01,trummer_v1,67,15,15,14,1,1,0.9333333333333332,0.9333333333333332,0.9333333333333332,11.545135781983843,13,8,5,5.775861165020615,5.749093089951202,0.9,20,20,0.6,
100,scale_n0100,q_01,trummer_v1,68,15,15,14,1,1,0.9333333333333332,0.9333333333333332,0.9333333333333332,11.558266138017643,13,8,5,5.780307894048747,5.756779587012716,0.9,20,20,0.6,
100,scale_n0100,q_01,trummer_v1,69,15,15,14,1,1,0.9333333333333332,0.9333333333333332,0.9333333333333332,11.580087337992154,13,8,5,5.7891281199408695,5.7714371048496105,0.9,20,20,0.6,
100,scale_n0100,q_01,trummer_v1,70,15,15,14,1,1,0.9333333333333332,0.9333333333333332,0.9333333333333332,11.55658645404037,13,8,5,5.768552881898359,5.765069903049152,0.9,20,20,0.6,
100,scale_n0100,q_01,trummer_v1,71,15,15,14,1,1,0.9333333333333332,0.9333333333333332,0.9333333333333332,11.592362764000429,13,8,5,5.806698994943872,5.7669836090062745,0.9,20,20,0.6,
100,scale_n0100,q_01,trummer_v1,72,15,15,14,1,1,0.9333333333333332,0.9333333333333332,0.9333333333333332,11.540355674980674,13,8,5,5.774962635885458,5.745570347935427,0.9,20,20,0.6,
100,scale_n0100,q_01,trummer_v1,73,15,15,14,1,1,0.9333333333333332,0.9333333333333332,0.9333333333333332,11.530712462030351,13,8,5,5.76383580401307,5.74329538695747,0.9,20,20,0.6,
100,scale_n0100,q_01,trummer_v1,74,15,15,14,1,1,0.9333333333333332,0.9333333333333332,0.9333333333333332,11.572540004039183,13,8,5,5.788490549079143,5.760670916934032,0.9,20,20,0.6,
100,scale_n0100,q_01,trummer_v1,75,15,15,14,1,1,0.9333333333333332,0.9333333333333332,0.9333333333333332,11.59740339400014,13,8,5,5.8195393740898,5.757232077012304,0.9,20,20,0.6,
100,scale_n0100,q_01,trummer_v1,76,15,15,14,1,1,0.9333333333333332,0.9333333333333332,0.9333333333333332,11.56314189801924,13,8,5,5.789009435044136,5.755079603928607,0.9,20,20,0.6,
100,scale_n0100,q_01,trummer_v1,77,15,15,14,1,1,0.9333333333333332,0.9333333333333332,0.9333333333333332,11.552047911973204,13,8,5,5.776300547993742,5.757045681937598,0.9,20,20,0.6,
100,scale_n0100,q_01,trummer_v1,78,15,15,14,1,1,0.9333333333333332,0.9333333333333332,0.9333333333333332,11.587629246001596,13,8,5,5.794080253050197,5.7703910319833085,0.9,20,20,0.6,
100,scale_n0100,q_01,trummer_v1,79,15,15,14,1,1,0.9333333333333332,0.9333333333333332,0.9333333333333332,11.582168382010424,13,8,5,5.799914282921236,5.762153451971244,0.9,20,20,0.6,
100,scale_n0100,q_01,trummer_v1,80,15,15,14,1,1,0.9333333333333332,0.9333333333333332,0.9333333333333332,11.54749925096985,13,8,5,5.774141856934875,5.748448745114729,0.9,20,20,0.6,
100,scale_n0100,q_01,trummer_v1,81,15,15,14,1,1,0.9333333333333332,0.9333333333333332,0.9333333333333332,11.54262652201578,13,8,5,5.783967725990806,5.735554610029794,0.9,20,20,0.6,
100,scale_n0100,q_01,trummer_v1,82,15,15,14,1,1,0.9333333333333332,0.9333333333333332,0.9333333333333332,11.561623234010767,13,8,5,5.7830387990688905,5.7544903759262525,0.9,20,20,0.6,
100,scale_n0100,q_01,trummer_v1,83,15,15,14,1,1,0.9333333333333332,0.9333333333333332,0.9333333333333332,11.576879883010406,13,8,5,5.808215903001837,5.749128874973394,0.9,20,20,0.6,
100,scale_n0100,q_01,trummer_v1,84,15,15,14,1,1,0.9333333333333332,0.9333333333333332,0.9333333333333332,11.556080754031427,13,8,5,5.785328540019691,5.749342160008382,0.9,20,20,0.6,
100,scale_n0100,q_01,trummer_v1,85,15,15,14,1,1,0.9333333333333332,0.9333333333333332,0.9333333333333332,11.563409103022424,13,8,5,5.783668223069981,5.754403244995046,0.9,20,20,0.6,
100,scale_n0100,q_01,trummer_v1,86,15,15,14,1,1,0.9333333333333332,0.9333333333333332,0.9333333333333332,11.536024991015438,13,8,5,5.770497535006143,5.745344414084684,0.9,20,20,0.6,
100,scale_n0100,q_01,trummer_v1,87,15,15,14,1,1,0.9333333333333332,0.9333333333333332,0.9333333333333332,11.53756331000477,13,8,5,5.767320868209936,5.7505062079872005,0.9,20,20,0.6,
100,scale_n0100,q_01,trummer_v1,88,15,15,14,1,1,0.9333333333333332,0.9333333333333332,0.9333333333333332,11.541501901985612,13,8,5,5.773684192914516,5.744913438044023,0.9,20,20,0.6,
100,scale_n0100,q_01,trummer_v1,89,15,15,14,1,1,0.9333333333333332,0.9333333333333332,0.9333333333333332,11.56038503703894,13,8,5,5.781458599958569,5.7588854870409705,0.9,20,20,0.6,
100,scale_n0100,q_01,trummer_v1,90,15,15,14,1,1,0.9333333333333332,0.9333333333333332,0.9333333333333332,11.588265559985302,13,8,5,5.788456937065348,5.778552926029079,0.9,20,20,0.6,
100,scale_n0100,q_01,trummer_v1,91,15,15,14,1,1,0.9333333333333332,0.9333333333333332,0.9333333333333332,11.596470601973124,13,8,5,5.808123315917328,5.765800871013198,0.9,20,20,0.6,
100,scale_n0100,q_01,trummer_v1,92,15,15,14,1,1,0.9333333333333332,0.9333333333333332,0.9333333333333332,11.567775022995193,13,8,5,5.784052134898957,5.762936265964527,0.9,20,20,0.6,
100,scale_n0100,q_01,trummer_v1,93,15,15,14,1,1,0.9333333333333332,0.9333333333333332,0.9333333333333332,11.572683089005295,13,8,5,5.783841925032903,5.768040571012534,0.9,20,20,0.6,
100,scale_n0100,q_01,trummer_v1,94,15,15,14,1,1,0.9333333333333332,0.9333333333333332,0.9333333333333332,11.540202789008616,13,8,5,5.753172520955559,5.7663010150427,0.9,20,20,0.6,
100,scale_n0100,q_01,trummer_v1,95,15,15,14,1,1,0.9333333333333332,0.9333333333333332,0.9333333333333332,11.564695117005613,13,8,5,5.789159716106951,5.755335263966117,0.9,20,20,0.6,
100,scale_n0100,q_01,trummer_v1,96,15,15,14,1,1,0.9333333333333332,0.9333333333333332,0.9333333333333332,11.570841210021172,13,8,5,5.796042053087149,5.751892316911835,0.9,20,20,0.6,
100,scale_n0100,q_01,trummer_v1,97,15,15,14,1,1,0.9333333333333332,0.9333333333333332,0.9333333333333332,11.562807215959763,13,8,5,5.781712393974885,5.761242858949117,0.9,20,20,0.6,
100,scale_n0100,q_01,trummer_v1,98,15,15,14,1,1,0.9333333333333332,0.9333333333333332,0.9333333333333332,11.563837379973847,13,8,5,5.784220567031298,5.758583084039856,0.9,20,20,0.6,
100,scale_n0100,q_01,trummer_v1,99,15,15,14,1,1,0.9333333333333332,0.9333333333333332,0.9333333333333332,11.585343789018223,13,8,5,5.788299622072373,5.775363841908984,0.9,20,20,0.6,
100,scale_n0100,q_01,trummer_v1,100,15,15,14,1,1,0.9333333333333332,0.9333333333333332,0.9333333333333332,11.583254726952871,13,8,5,5.790761287033092,5.772330290987156,0.9,20,20,0.6,
100,scale_n0100,q_01,trummer_v1,101,15,15,14,1,1,0.9333333333333332,0.9333333333333332,0.9333333333333332,11.58185295498697,13,8,5,5.791461037879344,5.766037261928432,0.9,20,20,0.6,
100,scale_n0100,q_01,trummer_v1,102,15,15,14,1,1,0.9333333333333332,0.9333333333333332,0.9333333333333332,11.58198319899384,13,8,5,5.811585162067786,5.750640274898615,0.9,20,20,0.6,
100,scale_n0100,q_01,trummer_v1,103,15,15,14,1,1,0.9333333333333332,0.9333333333333332,0.9333333333333332,11.670653073000722,13,8,5,5.800840951153077,5.84912746102782,0.9,20,20,0.6,
100,scale_n0100,q_01,trummer_v1,104,15,15,14,1,1,0.9333333333333332,0.9333333333333332,0.9333333333333332,11.580460914992727,13,8,5,5.794076514081098,5.763719549053349,0.9,20,20,0.6,
100,scale_n0100,q_01,trummer_v1,105,15,15,14,1,1,0.9333333333333332,0.9333333333333332,0.9333333333333332,11.565063516027294,13,8,5,5.791782995918766,5.754189044993836,0.9,20,20,0.6,
100,scale_n0100,q_01,trummer_v1,106,15,15,14,1,1,0.9333333333333332,0.9333333333333332,0.9333333333333332,11.586026622040665,13,8,5,5.789772093936335,5.776704642979894,0.9,20,20,0.6,
100,scale_n0100,q_01,trummer_v1,107,15,15,14,1,1,0.9333333333333332,0.9333333333333332,0.9333333333333332,11.578701880993322,13,8,5,5.805329266819172,5.753796981007326,0.9,20,20,0.6,
100,scale_n0100,q_01,trummer_v1,108,15,15,14,1,1,0.9333333333333332,0.9333333333333332,0.9333333333333332,11.613766987982672,13,8,5,5.835598459001631,5.757662733900361,0.9,20,20,0.6,
100,scale_n0100,q_01,trummer_v1,109,15,15,14,1,1,0.9333333333333332,0.9333333333333332,0.9333333333333332,11.600642778968904,13,8,5,5.814168311015237,5.765652752947062,0.9,20,20,0.6,
100,scale_n0100,q_01,trummer_v1,110,15,15,14,1,1,0.9333333333333332,0.9333333333333332,0.9333333333333332,11.560951724008191,13,8,5,5.785889493126888,5.753815367061179,0.9,20,20,0.6,
100,scale_n0100,q_01,trummer_v1,111,15,15,14,1,1,0.9333333333333332,0.9333333333333332,0.9333333333333332,11.57309742999496,13,8,5,5.791219398088288,5.761160864843987,0.9,20,20,0.6,
100,scale_n0100,q_01,trummer_v1,112,15,15,14,1,1,0.9333333333333332,0.9333333333333332,0.9333333333333332,11.573161686013918,13,8,5,5.794888322066981,5.757987245044205,0.9,20,20,0.6,
100,scale_n0100,q_01,trummer_v1,113,15,15,14,1,1,0.9333333333333332,0.9333333333333332,0.9333333333333332,11.55620595801156,13,8,5,5.772717297950294,5.760228567989543,0.9,20,20,0.6,
100,scale_n0100,q_01,trummer_v1,114,15,15,14,1,1,0.9333333333333332,0.9333333333333332,0.9333333333333332,11.587111514993012,13,8,5,5.794591728947125,5.771377965982538,0.9,20,20,0.6,
100,scale_n0100,q_01,trummer_v1,115,15,15,14,1,1,0.9333333333333332,0.9333333333333332,0.9333333333333332,11.572245767980348,13,8,5,5.791447163908742,5.756121136073489,0.9,20,20,0.6,
100,scale_n0100,q_01,trummer_v1,116,15,15,14,1,1,0.9333333333333332,0.9333333333333332,0.9333333333333332,11.579011029971298,13,8,5,5.801724784018006,5.751700325927232,0.9,20,20,0.6,
100,scale_n0100,q_01,trummer_v1,117,15,15,14,1,1,0.9333333333333332,0.9333333333333332,0.9333333333333332,11.568723028991371,13,8,5,5.790201982948929,5.761934272013605,0.9,20,20,0.6,
100,scale_n0100,q_01,trummer_v1,118,15,15,14,1,1,0.9333333333333332,0.9333333333333332,0.9333333333333332,11.566712075960822,13,8,5,5.791213936987333,5.752999072079547,0.9,20,20,0.6,
100,scale_n0100,q_01,trummer_v1,119,15,15,14,1,1,0.9333333333333332,0.9333333333333332,0.9333333333333332,11.611114069004543,13,8,5,5.824572316138074,5.7667781169875525,0.9,20,20,0.6,
100,scale_n0100,q_01,trummer_v1,120,15,15,14,1,1,0.9333333333333332,0.9333333333333332,0.9333333333333332,11.557035906007512,13,8,5,5.780844638007693,5.750687108025886,0.9,20,20,0.6,
100,scale_n0100,q_01,trummer_v1,121,15,15,14,1,1,0.9333333333333332,0.9333333333333332,0.9333333333333332,11.567688465001993,13,8,5,5.784493674058467,5.7632727910531685,0.9,20,20,0.6,
100,scale_n0100,q_01,trummer_v1,122,15,15,14,1,1,0.9333333333333332,0.9333333333333332,0.9333333333333332,11.547514731006231,13,8,5,5.793252663046587,5.733056888915598,0.9,20,20,0.6,
100,scale_n0100,q_01,trummer_v1,123,15,15,14,1,1,0.9333333333333332,0.9333333333333332,0.9333333333333332,11.545369150990156,13,8,5,5.779115900106262,5.744433807907626,0.9,20,20,0.6,
100,scale_n0100,q_01,trummer_v1,124,15,15,14,1,1,0.9333333333333332,0.9333333333333332,0.9333333333333332,11.544388313952368,13,8,5,5.774612259003334,5.74591097200755,0.9,20,20,0.6,
100,scale_n0100,q_01,trummer_v1,125,15,15,14,1,1,0.9333333333333332,0.9333333333333332,0.9333333333333332,11.569560601958074,13,8,5,5.8041049159364775,5.746092698944267,0.9,20,20,0.6,
100,scale_n0100,q_01,trummer_v1,126,15,15,14,1,1,0.9333333333333332,0.9333333333333332,0.9333333333333332,11.55371023400221,13,8,5,5.781385692884214,5.752514570020139,0.9,20,20,0.6,
100,scale_n0100,q_01,trummer_v1,127,15,15,14,1,1,0.9333333333333332,0.9333333333333332,0.9333333333333332,11.548332968028262,13,8,5,5.773927357106004,5.753650121041574,0.9,20,20,0.6,
100,scale_n0100,q_01,trummer_v1,128,15,15,14,1,1,0.9333333333333332,0.9333333333333332,0.9333333333333332,11.543837130011523,13,8,5,5.773675352043938,5.749063189025037,0.9,20,20,0.6,
100,scale_n0100,q_01,trummer_v1,129,15,15,14,1,1,0.9333333333333332,0.9333333333333332,0.9333333333333332,11.564909741049632,13,8,5,5.785231858084444,5.760081331885885,0.9,20,20,0.6,
100,scale_n0100,q_01,trummer_v1,130,15,15,14,1,1,0.9333333333333332,0.9333333333333332,0.9333333333333332,11.55660876398906,13,8,5,5.790099644917063,5.746196442982182,0.9,20,20,0.6,
100,scale_n0100,q_01,trummer_v1,131,15,15,14,1,1,0.9333333333333332,0.9333333333333332,0.9333333333333332,11.557635502016636,13,8,5,5.786766767909285,5.749930684978608,0.9,20,20,0.6,
100,scale_n0100,q_01,trummer_v1,132,15,15,14,1,1,0.9333333333333332,0.9333333333333332,0.9333333333333332,11.526294265000615,13,8,5,5.753942062030546,5.751894026994705,0.9,20,20,0.6,
100,scale_n0100,q_01,trummer_v1,133,15,15,14,1,1,0.9333333333333332,0.9333333333333332,0.9333333333333332,11.567780792014672,13,8,5,5.785137766972184,5.7620082829962485,0.9,20,20,0.6,
100,scale_n0100,q_01,trummer_v1,134,15,15,14,1,1,0.9333333333333332,0.9333333333333332,0.9333333333333332,11.56347332999576,13,8,5,5.799077504896559,5.743557876092382,0.9,20,20,0.6,
100,scale_n0100,q_01,trummer_v1,135,15,15,14,1,1,0.9333333333333332,0.9333333333333332,0.9333333333333332,11.575874840957113,13,8,5,5.787686490046326,5.768088704964612,0.9,20,20,0.6,
100,scale_n0100,q_01,trummer_v1,136,15,15,14,1,1,0.9333333333333332,0.9333333333333332,0.9333333333333332,11.564524543995503,13,8,5,5.793483958928846,5.745707468129695,0.9,20,20,0.6,
100,scale_n0100,q_01,trummer_v1,137,15,15,14,1,1,0.9333333333333332,0.9333333333333332,0.9333333333333332,11.589145363017453,13,8,5,5.803762538998853,5.765171178907622,0.9,20,20,0.6,
100,scale_n0100,q_01,trummer_v1,138,15,15,14,1,1,0.9333333333333332,0.9333333333333332,0.9333333333333332,11.579641724005342,13,8,5,5.795750986027997,5.763168499106541,0.9,20,20,0.6,
100,scale_n0100,q_01,trummer_v1,139,15,15,14,1,1,0.9333333333333332,0.9333333333333332,0.9333333333333332,11.575132648984436,13,8,5,5.80140861007385,5.752432044013403,0.9,20,20,0.6,
100,scale_n0100,q_01,trummer_v1,140,15,15,14,1,1,0.9333333333333332,0.9333333333333332,0.9333333333333332,11.567190068017226,13,8,5,5.780306634027511,5.766926773998421,0.9,20,20,0.6,
100,scale_n0100,q_01,trummer_v1,141,15,15,14,1,1,0.9333333333333332,0.9333333333333332,0.9333333333333332,11.531861348019447,13,8,5,5.755147003103048,5.7553796310094185,0.9,20,20,0.6,
100,scale_n0100,q_01,trummer_v1,142,15,15,14,1,1,0.9333333333333332,0.9333333333333332,0.9333333333333332,11.528687129030004,13,8,5,5.757989139121492,5.7504131050664,0.9,20,20,0.6,
100,scale_n0100,q_01,trummer_v1,143,15,15,14,1,1,0.9333333333333332,0.9333333333333332,0.9333333333333332,11.58873559802305,13,8,5,5.802430394978728,5.766763082065154,0.9,20,20,0.6,
100,scale_n0100,q_01,trummer_v1,144,15,15,14,1,1,0.9333333333333332,0.9333333333333332,0.9333333333333332,11.585600401973352,13,8,5,5.795743348950055,5.7645712500670925,0.9,20,20,0.6,
100,scale_n0100,q_01,trummer_v1,145,15,15,14,1,1,0.9333333333333332,0.9333333333333332,0.9333333333333332,11.551293711992912,13,8,5,5.778709439851809,5.7517067839507945,0.9,20,20,0.6,
100,scale_n0100,q_01,trummer_v1,146,15,15,14,1,1,0.9333333333333332,0.9333333333333332,0.9333333333333332,11.536271145974752,13,8,5,5.771071412134916,5.744653811969329,0.9,20,20,0.6,
100,scale_n0100,q_01,trummer_v1,147,15,15,14,1,1,0.9333333333333332,0.9333333333333332,0.9333333333333332,11.580307569005528,13,8,5,5.780006185988896,5.778901749989018,0.9,20,20,0.6,
100,scale_n0100,q_01,trummer_v1,148,15,15,14,1,1,0.9333333333333332,0.9333333333333332,0.9333333333333332,11.56653206498595,13,8,5,5.790505767043214,5.75585798692191,0.9,20,20,0.6,
100,scale_n0100,q_01,trummer_v1,149,15,15,14,1,1,0.9333333333333332,0.9333333333333332,0.9333333333333332,11.54578288202174,13,8,5,5.778645435057115,5.7429425260052085,0.9,20,20,0.6,
100,scale_n0100,q_01,trummer_v1,150,15,15,14,1,1,0.9333333333333332,0.9333333333333332,0.9333333333333332,11.538494029955473,13,8,5,5.76676611189032,5.750726543948986,0.9,20,20,0.6,
125,scale_n0125,q_01,suql_baseline,1,19,21,19,2,0,0.9047619047619048,1.0,0.95,23.39085749798687,61,0,61,0.0,23.364203344099224,0.9,20,0,0.0,
125,scale_n0125,q_01,suql_baseline,2,19,21,19,2,0,0.9047619047619048,1.0,0.95,23.446612028987147,61,0,61,0.0,23.41967256029602,0.9,20,0,0.0,
125,scale_n0125,q_01,suql_baseline,3,19,21,19,2,0,0.9047619047619048,1.0,0.95,23.33083865599474,61,0,61,0.0,23.299563947308343,0.9,20,0,0.0,
125,scale_n0125,q_01,suql_baseline,4,19,21,19,2,0,0.9047619047619048,1.0,0.95,23.27340278896736,61,0,61,0.0,23.24730306287529,0.9,20,0,0.0,
125,scale_n0125,q_01,suql_baseline,5,19,21,19,2,0,0.9047619047619048,1.0,0.95,23.32658515003277,61,0,61,0.0,23.30015166098019,0.9,20,0,0.0,
125,scale_n0125,q_01,suql_baseline,6,19,21,19,2,0,0.9047619047619048,1.0,0.95,23.41640556295169,61,0,61,0.0,23.387413487420417,0.9,20,0,0.0,
125,scale_n0125,q_01,suql_baseline,7,19,21,19,2,0,0.9047619047619048,1.0,0.95,23.36561620101565,61,0,61,0.0,23.340133448829874,0.9,20,0,0.0,
125,scale_n0125,q_01,suql_baseline,8,19,21,19,2,0,0.9047619047619048,1.0,0.95,23.32100207102485,61,0,61,0.0,23.292297835985664,0.9,20,0,0.0,
125,scale_n0125,q_01,suql_baseline,9,19,21,19,2,0,0.9047619047619048,1.0,0.95,23.252839169988874,61,0,61,0.0,23.226919789041855,0.9,20,0,0.0,
125,scale_n0125,q_01,suql_baseline,10,19,21,19,2,0,0.9047619047619048,1.0,0.95,23.43325353803812,61,0,61,0.0,23.405502395995427,0.9,20,0,0.0,
125,scale_n0125,q_01,suql_baseline,11,19,21,19,2,0,0.9047619047619048,1.0,0.95,23.446669492986985,61,0,61,0.0,23.421111706120428,0.9,20,0,0.0,
125,scale_n0125,q_01,suql_baseline,12,19,21,19,2,0,0.9047619047619048,1.0,0.95,23.44355457799975,61,0,61,0.0,23.416321026161317,0.9,20,0,0.0,
125,scale_n0125,q_01,suql_baseline,13,19,21,19,2,0,0.9047619047619048,1.0,0.95,23.745609013014477,61,0,61,0.0,23.719261765829287,0.9,20,0,0.0,
125,scale_n0125,q_01,suql_baseline,14,19,21,19,2,0,0.9047619047619048,1.0,0.95,23.685573260998357,61,0,61,0.0,23.65976925805444,0.9,20,0,0.0,
125,scale_n0125,q_01,suql_baseline,15,19,21,19,2,0,0.9047619047619048,1.0,0.95,23.848114853026345,61,0,61,0.0,23.821452551987026,0.9,20,0,0.0,
125,scale_n0125,q_01,suql_baseline,16,19,21,19,2,0,0.9047619047619048,1.0,0.95,23.898347843962256,61,0,61,0.0,23.87235838791821,0.9,20,0,0.0,
125,scale_n0125,q_01,suql_baseline,17,19,21,19,2,0,0.9047619047619048,1.0,0.95,23.84378499799641,61,0,61,0.0,23.816924280952662,0.9,20,0,0.0,
125,scale_n0125,q_01,suql_baseline,18,19,21,19,2,0,0.9047619047619048,1.0,0.95,23.64866043801885,61,0,61,0.0,23.61850298591889,0.9,20,0,0.0,
125,scale_n0125,q_01,suql_baseline,19,19,21,19,2,0,0.9047619047619048,1.0,0.95,23.69278585998109,61,0,61,0.0,23.666376949695405,0.9,20,0,0.0,
125,scale_n0125,q_01,suql_baseline,20,19,21,19,2,0,0.9047619047619048,1.0,0.95,23.80950201995438,61,0,61,0.0,23.774504105909728,0.9,20,0,0.0,
125,scale_n0125,q_01,suql_baseline,21,19,21,19,2,0,0.9047619047619048,1.0,0.95,23.742533430980984,61,0,61,0.0,23.717461829888634,0.9,20,0,0.0,
125,scale_n0125,q_01,suql_baseline,22,19,21,19,2,0,0.9047619047619048,1.0,0.95,23.7018306570244,61,0,61,0.0,23.67659137112787,0.9,20,0,0.0,
125,scale_n0125,q_01,suql_baseline,23,19,21,19,2,0,0.9047619047619048,1.0,0.95,23.69099374301732,61,0,61,0.0,23.663019197934773,0.9,20,0,0.0,
125,scale_n0125,q_01,suql_baseline,24,19,21,19,2,0,0.9047619047619048,1.0,0.95,23.62321517901728,61,0,61,0.0,23.595192121050783,0.9,20,0,0.0,
125,scale_n0125,q_01,suql_baseline,25,19,21,19,2,0,0.9047619047619048,1.0,0.95,23.706389812985435,61,0,61,0.0,23.678792446909934,0.9,20,0,0.0,
125,scale_n0125,q_01,suql_baseline,26,19,21,19,2,0,0.9047619047619048,1.0,0.95,23.73454665497411,61,0,61,0.0,23.70853564812569,0.9,20,0,0.0,
125,scale_n0125,q_01,suql_baseline,27,19,21,19,2,0,0.9047619047619048,1.0,0.95,23.72326279297704,61,0,61,0.0,23.69273106608307,0.9,20,0,0.0,
125,scale_n0125,q_01,suql_baseline,28,19,21,19,2,0,0.9047619047619048,1.0,0.95,23.703758285962977,61,0,61,0.0,23.67766585719073,0.9,20,0,0.0,
125,scale_n0125,q_01,suql_baseline,29,19,21,19,2,0,0.9047619047619048,1.0,0.95,23.735549903009087,61,0,61,0.0,23.70934330590535,0.9,20,0,0.0,
125,scale_n0125,q_01,suql_baseline,30,19,21,19,2,0,0.9047619047619048,1.0,0.95,23.636194013990465,61,0,61,0.0,23.60753811377799,0.9,20,0,0.0,
125,scale_n0125,q_01,suql_baseline,31,19,21,19,2,0,0.9047619047619048,1.0,0.95,23.61135963100241,61,0,61,0.0,23.58390417014016,0.9,20,0,0.0,
125,scale_n0125,q_01,suql_baseline,32,19,21,19,2,0,0.9047619047619048,1.0,0.95,23.69564501696732,61,0,61,0.0,23.66779001185205,0.9,20,0,0.0,
125,scale_n0125,q_01,suql_baseline,33,19,21,19,2,0,0.9047619047619048,1.0,0.95,23.62190030497732,61,0,61,0.0,23.5963104411494,0.9,20,0,0.0,
125,scale_n0125,q_01,suql_baseline,34,19,21,19,2,0,0.9047619047619048,1.0,0.95,23.712780650006607,61,0,61,0.0,23.68637120880885,0.9,20,0,0.0,
125,scale_n0125,q_01,suql_baseline,35,19,21,19,2,0,0.9047619047619048,1.0,0.95,23.80354732804699,61,0,61,0.0,23.77757374505745,0.9,20,0,0.0,
125,scale_n0125,q_01,suql_baseline,36,19,21,19,2,0,0.9047619047619048,1.0,0.95,23.663263104041107,61,0,61,0.0,23.63799861614825,0.9,20,0,0.0,
125,scale_n0125,q_01,suql_baseline,37,19,21,19,2,0,0.9047619047619048,1.0,0.95,23.75468191300752,61,0,61,0.0,23.728606300021056,0.9,20,0,0.0,
125,scale_n0125,q_01,suql_baseline,38,19,21,19,2,0,0.9047619047619048,1.0,0.95,23.668965111020952,61,0,61,0.0,23.642281208827622,0.9,20,0,0.0,
125,scale_n0125,q_01,suql_baseline,39,19,21,19,2,0,0.9047619047619048,1.0,0.95,23.707736845011823,61,0,61,0.0,23.68083777889842,0.9,20,0,0.0,
125,scale_n0125,q_01,suql_baseline,40,19,21,19,2,0,0.9047619047619048,1.0,0.95,23.620596471999303,61,0,61,0.0,23.589391346089545,0.9,20,0,0.0,
125,scale_n0125,q_01,suql_baseline,41,19,21,19,2,0,0.9047619047619048,1.0,0.95,23.57271417201264,61,0,61,0.0,23.54671880591195,0.9,20,0,0.0,
125,scale_n0125,q_01,suql_baseline,42,19,21,19,2,0,0.9047619047619048,1.0,0.95,23.585013336036354,61,0,61,0.0,23.557854370912537,0.9,20,0,0.0,
125,scale_n0125,q_01,suql_baseline,43,19,21,19,2,0,0.9047619047619048,1.0,0.95,23.568949032982346,61,0,61,0.0,23.54161687823944,0.9,20,0,0.0,
125,scale_n0125,q_01,suql_baseline,44,19,21,19,2,0,0.9047619047619048,1.0,0.95,23.495830338972155,61,0,61,0.0,23.47007381095318,0.9,20,0,0.0,
125,scale_n0125,q_01,suql_baseline,45,19,21,19,2,0,0.9047619047619048,1.0,0.95,23.626349040016063,61,0,61,0.0,23.600395198038317,0.9,20,0,0.0,
125,scale_n0125,q_01,suql_baseline,46,19,21,19,2,0,0.9047619047619048,1.0,0.95,23.56868030602345,61,0,61,0.0,23.54279649985256,0.9,20,0,0.0,
125,scale_n0125,q_01,suql_baseline,47,19,21,19,2,0,0.9047619047619048,1.0,0.95,23.603317104978487,61,0,61,0.0,23.57354210002813,0.9,20,0,0.0,
125,scale_n0125,q_01,suql_baseline,48,19,21,19,2,0,0.9047619047619048,1.0,0.95,23.643570497981276,61,0,61,0.0,23.616716603690293,0.9,20,0,0.0,
125,scale_n0125,q_01,suql_baseline,49,19,21,19,2,0,0.9047619047619048,1.0,0.95,23.684491075982805,61,0,61,0.0,23.65417136839824,0.9,20,0,0.0,
125,scale_n0125,q_01,suql_baseline,50,19,21,19,2,0,0.9047619047619048,1.0,0.95,23.721213787968736,61,0,61,0.0,23.691169444995467,0.9,20,0,0.0,
125,scale_n0125,q_01,suql_baseline,51,19,21,19,2,0,0.9047619047619048,1.0,0.95,23.67463289998705,61,0,61,0.0,23.647149953176267,0.9,20,0,0.0,
125,scale_n0125,q_01,suql_baseline,52,19,21,19,2,0,0.9047619047619048,1.0,0.95,23.61160313599976,61,0,61,0.0,23.586070723016743,0.9,20,0,0.0,
125,scale_n0125,q_01,suql_baseline,53,19,21,19,2,0,0.9047619047619048,1.0,0.95,23.69650871201884,61,0,61,0.0,23.66167757305084,0.9,20,0,0.0,
125,scale_n0125,q_01,suql_baseline,54,19,21,19,2,0,0.9047619047619048,1.0,0.95,23.71776857000077,61,0,61,0.0,23.69219304289436,0.9,20,0,0.0,
125,scale_n0125,q_01,suql_baseline,55,19,21,19,2,0,0.9047619047619048,1.0,0.95,23.556227910041343,61,0,61,0.0,23.53002780606039,0.9,20,0,0.0,
125,scale_n0125,q_01,suql_baseline,56,19,21,19,2,0,0.9047619047619048,1.0,0.95,23.65852591500152,61,0,61,0.0,23.63294544594828,0.9,20,0,0.0,
125,scale_n0125,q_01,suql_baseline,57,19,21,19,2,0,0.9047619047619048,1.0,0.95,23.581166226998903,61,0,61,0.0,23.55509961012285,0.9,20,0,0.0,
125,scale_n0125,q_01,suql_baseline,58,19,21,19,2,0,0.9047619047619048,1.0,0.95,23.607570482010487,61,0,61,0.0,23.58221809967654,0.9,20,0,0.0,
125,scale_n0125,q_01,suql_baseline,59,19,21,19,2,0,0.9047619047619048,1.0,0.95,23.70807541097747,61,0,61,0.0,23.680470226099715,0.9,20,0,0.0,
125,scale_n0125,q_01,suql_baseline,60,19,21,19,2,0,0.9047619047619048,1.0,0.95,23.61589167203056,61,0,61,0.0,23.589858975145034,0.9,20,0,0.0,
125,scale_n0125,q_01,suql_baseline,61,19,21,19,2,0,0.9047619047619048,1.0,0.95,23.759080931020435,61,0,61,0.0,23.73313679202693,0.9,20,0,0.0,
125,scale_n0125,q_01,suql_baseline,62,19,21,19,2,0,0.9047619047619048,1.0,0.95,23.65314504102571,61,0,61,0.0,23.626541534846183,0.9,20,0,0.0,
125,scale_n0125,q_01,suql_baseline,63,19,21,19,2,0,0.9047619047619048,1.0,0.95,23.60610128100961,61,0,61,0.0,23.578502112301067,0.9,20,0,0.0,
125,scale_n0125,q_01,suql_baseline,64,19,21,19,2,0,0.9047619047619048,1.0,0.95,23.70200289099012,61,0,61,0.0,23.675717894686382,0.9,20,0,0.0,
125,scale_n0125,q_01,suql_baseline,65,19,21,19,2,0,0.9047619047619048,1.0,0.95,23.72408283699769,61,0,61,0.0,23.69769140717108,0.9,20,0,0.0,
125,scale_n0125,q_01,suql_baseline,66,19,21,19,2,0,0.9047619047619048,1.0,0.95,23.76983553799801,61,0,61,0.0,23.74368310678983,0.9,20,0,0.0,
125,scale_n0125,q_01,suql_baseline,67,19,21,19,2,0,0.9047619047619048,1.0,0.95,23.79233106801985,61,0,61,0.0,23.76600342895836,0.9,20,0,0.0,
125,scale_n0125,q_01,suql_baseline,68,19,21,19,2,0,0.9047619047619048,1.0,0.95,23.73106031405041,61,0,61,0.0,23.705134171177637,0.9,20,0,0.0,
125,scale_n0125,q_01,suql_baseline,69,19,21,19,2,0,0.9047619047619048,1.0,0.95,23.75699030200485,61,0,61,0.0,23.730780110054184,0.9,20,0,0.0,
125,scale_n0125,q_01,suql_baseline,70,19,21,19,2,0,0.9047619047619048,1.0,0.95,23.7400183310383,61,0,61,0.0,23.7090924307704,0.9,20,0,0.0,
125,scale_n0125,q_01,suql_baseline,71,19,21,19,2,0,0.9047619047619048,1.0,0.95,23.76099936000537,61,0,61,0.0,23.73450332932407,0.9,20,0,0.0,
125,scale_n0125,q_01,suql_baseline,72,19,21,19,2,0,0.9047619047619048,1.0,0.95,23.734981129004154,61,0,61,0.0,23.709281124174595,0.9,20,0,0.0,
125,scale_n0125,q_01,suql_baseline,73,19,21,19,2,0,0.9047619047619048,1.0,0.95,23.839722119038925,61,0,61,0.0,23.81282290938543,0.9,20,0,0.0,
125,scale_n0125,q_01,suql_baseline,74,19,21,19,2,0,0.9047619047619048,1.0,0.95,23.83334776299307,61,0,61,0.0,23.79957559303148,0.9,20,0,0.0,
125,scale_n0125,q_01,suql_baseline,75,19,21,19,2,0,0.9047619047619048,1.0,0.95,23.84485652000876,61,0,61,0.0,23.81832153018331,0.9,20,0,0.0,
125,scale_n0125,q_01,suql_baseline,76,19,21,19,2,0,0.9047619047619048,1.0,0.95,23.837696000002325,61,0,61,0.0,23.812122851901226,0.9,20,0,0.0,
125,scale_n0125,q_01,suql_baseline,77,19,21,19,2,0,0.9047619047619048,1.0,0.95,23.800765988999046,61,0,61,0.0,23.77448909217492,0.9,20,0,0.0,
125,scale_n0125,q_01,suql_baseline,78,19,21,19,2,0,0.9047619047619048,1.0,0.95,23.746277528989594,61,0,61,0.0,23.71967038983712,0.9,20,0,0.0,
125,scale_n0125,q_01,suql_baseline,79,19,21,19,2,0,0.9047619047619048,1.0,0.95,23.784278749022636,61,0,61,0.0,23.75839647819521,0.9,20,0,0.0,
125,scale_n0125,q_01,suql_baseline,80,19,21,19,2,0,0.9047619047619048,1.0,0.95,23.83478121098597,61,0,61,0.0,23.804796565615103,0.9,20,0,0.0,
125,scale_n0125,q_01,suql_baseline,81,19,21,19,2,0,0.9047619047619048,1.0,0.95,23.975439563044347,61,0,61,0.0,23.949884285626467,0.9,20,0,0.0,
125,scale_n0125,q_01,suql_baseline,82,19,21,19,2,0,0.9047619047619048,1.0,0.95,23.7433967369725,61,0,61,0.0,23.71199733216781,0.9,20,0,0.0,
125,scale_n0125,q_01,suql_baseline,83,19,21,19,2,0,0.9047619047619048,1.0,0.95,23.82794341200497,61,0,61,0.0,23.80180283606751,0.9,20,0,0.0,
125,scale_n0125,q_01,suql_baseline,84,19,21,19,2,0,0.9047619047619048,1.0,0.95,23.828942694992293,61,0,61,0.0,23.800490336085204,0.9,20,0,0.0,
125,scale_n0125,q_01,suql_baseline,85,19,21,19,2,0,0.9047619047619048,1.0,0.95,23.787053205945995,61,0,61,0.0,23.76214044413064,0.9,20,0,0.0,
125,scale_n0125,q_01,suql_baseline,86,19,21,19,2,0,0.9047619047619048,1.0,0.95,23.757452441030185,61,0,61,0.0,23.73045117018046,0.9,20,0,0.0,
125,scale_n0125,q_01,suql_baseline,87,19,21,19,2,0,0.9047619047619048,1.0,0.95,23.67027031001635,61,0,61,0.0,23.64303883217508,0.9,20,0,0.0,
125,scale_n0125,q_01,suql_baseline,88,19,21,19,2,0,0.9047619047619048,1.0,0.95,23.74439500295557,61,0,61,0.0,23.718244459247217,0.9,20,0,0.0,
125,scale_n0125,q_01,suql_baseline,89,19,21,19,2,0,0.9047619047619048,1.0,0.95,23.701186696009245,61,0,61,0.0,23.675095081038307,0.9,20,0,0.0,
125,scale_n0125,q_01,suql_baseline,90,19,21,19,2,0,0.9047619047619048,1.0,0.95,23.69399387901649,61,0,61,0.0,23.668298255186528,0.9,20,0,0.0,
125,scale_n0125,q_01,suql_baseline,91,19,21,19,2,0,0.9047619047619048,1.0,0.95,23.659861413005277,61,0,61,0.0,23.632674521766603,0.9,20,0,0.0,
125,scale_n0125,q_01,suql_baseline,92,19,21,19,2,0,0.9047619047619048,1.0,0.95,23.726292294973973,61,0,61,0.0,23.699698378215544,0.9,20,0,0.0,
125,scale_n0125,q_01,suql_baseline,93,19,21,19,2,0,0.9047619047619048,1.0,0.95,23.73675331397681,61,0,61,0.0,23.705675939098,0.9,20,0,0.0,
125,scale_n0125,q_01,suql_baseline,94,19,21,19,2,0,0.9047619047619048,1.0,0.95,23.693979342991952,61,0,61,0.0,23.66814064298524,0.9,20,0,0.0,
125,scale_n0125,q_01,suql_baseline,95,19,21,19,2,0,0.9047619047619048,1.0,0.95,23.67776072304696,61,0,61,0.0,23.649871643574443,0.9,20,0,0.0,
125,scale_n0125,q_01,suql_baseline,96,19,21,19,2,0,0.9047619047619048,1.0,0.95,23.643433225050103,61,0,61,0.0,23.617714866937604,0.9,20,0,0.0,
125,scale_n0125,q_01,suql_baseline,97,19,21,19,2,0,0.9047619047619048,1.0,0.95,23.64381095499266,61,0,61,0.0,23.61780932085821,0.9,20,0,0.0,
125,scale_n0125,q_01,suql_baseline,98,19,21,19,2,0,0.9047619047619048,1.0,0.95,23.648672095965598,61,0,61,0.0,23.623540696746204,0.9,20,0,0.0,
125,scale_n0125,q_01,suql_baseline,99,19,21,19,2,0,0.9047619047619048,1.0,0.95,23.55495375400642,61,0,61,0.0,23.52820985316066,0.9,20,0,0.0,
125,scale_n0125,q_01,suql_baseline,100,19,21,19,2,0,0.9047619047619048,1.0,0.95,23.69556346599711,61,0,61,0.0,23.66725230886368,0.9,20,0,0.0,
125,scale_n0125,q_01,suql_baseline,101,19,21,19,2,0,0.9047619047619048,1.0,0.95,23.764461030019447,61,0,61,0.0,23.73672179807909,0.9,20,0,0.0,
125,scale_n0125,q_01,suql_baseline,102,19,21,19,2,0,0.9047619047619048,1.0,0.95,23.714335361961275,61,0,61,0.0,23.687210291973315,0.9,20,0,0.0,
125,scale_n0125,q_01,suql_baseline,103,19,21,19,2,0,0.9047619047619048,1.0,0.95,23.77147880598204,61,0,61,0.0,23.74488623515936,0.9,20,0,0.0,
125,scale_n0125,q_01,suql_baseline,104,19,21,19,2,0,0.9047619047619048,1.0,0.95,23.72430250403704,61,0,61,0.0,23.69667961983941,0.9,20,0,0.0,
125,scale_n0125,q_01,suql_baseline,105,19,21,19,2,0,0.9047619047619048,1.0,0.95,23.66336429200601,61,0,61,0.0,23.634747196920216,0.9,20,0,0.0,
125,scale_n0125,q_01,suql_baseline,106,19,21,19,2,0,0.9047619047619048,1.0,0.95,23.55903314001625,61,0,61,0.0,23.53274767228868,0.9,20,0,0.0,
125,scale_n0125,q_01,suql_baseline,107,19,21,19,2,0,0.9047619047619048,1.0,0.95,23.686292806989517,61,0,61,0.0,23.66012828575913,0.9,20,0,0.0,
125,scale_n0125,q_01,suql_baseline,108,19,21,19,2,0,0.9047619047619048,1.0,0.95,23.78713340696413,61,0,61,0.0,23.757218448095955,0.9,20,0,0.0,
125,scale_n0125,q_01,suql_baseline,109,19,21,19,2,0,0.9047619047619048,1.0,0.95,23.76623265299713,61,0,61,0.0,23.74020948127145,0.9,20,0,0.0,
125,scale_n0125,q_01,suql_baseline,110,19,21,19,2,0,0.9047619047619048,1.0,0.95,23.76441801199689,61,0,61,0.0,23.737733875168487,0.9,20,0,0.0,
125,scale_n0125,q_01,suql_baseline,111,19,21,19,2,0,0.9047619047619048,1.0,0.95,23.650893080979586,61,0,61,0.0,23.620740038983055,0.9,20,0,0.0,
125,scale_n0125,q_01,suql_baseline,112,19,21,19,2,0,0.9047619047619048,1.0,0.95,23.586371534969658,61,0,61,0.0,23.56013739510672,0.9,20,0,0.0,
125,scale_n0125,q_01,suql_baseline,113,19,21,19,2,0,0.9047619047619048,1.0,0.95,23.559200698975477,61,0,61,0.0,23.532745363307185,0.9,20,0,0.0,
125,scale_n0125,q_01,suql_baseline,114,19,21,19,2,0,0.9047619047619048,1.0,0.95,23.64610735600581,61,0,61,0.0,23.61713571392465,0.9,20,0,0.0,
125,scale_n0125,q_01,suql_baseline,115,19,21,19,2,0,0.9047619047619048,1.0,0.95,23.71974431403214,61,0,61,0.0,23.694271343643777,0.9,20,0,0.0,
125,scale_n0125,q_01,suql_baseline,116,19,21,19,2,0,0.9047619047619048,1.0,0.95,23.746859534003303,61,0,61,0.0,23.720173078938387,0.9,20,0,0.0,
125,scale_n0125,q_01,suql_baseline,117,19,21,19,2,0,0.9047619047619048,1.0,0.95,23.65974042698508,61,0,61,0.0,23.62946545839077,0.9,20,0,0.0,
125,scale_n0125,q_01,suql_baseline,118,19,21,19,2,0,0.9047619047619048,1.0,0.95,23.691991898987908,61,0,61,0.0,23.665823151066437,0.9,20,0,0.0,
125,scale_n0125,q_01,suql_baseline,119,19,21,19,2,0,0.9047619047619048,1.0,0.95,23.70993060298497,61,0,61,0.0,23.682569618104026,0.9,20,0,0.0,
125,scale_n0125,q_01,suql_baseline,120,19,21,19,2,0,0.9047619047619048,1.0,0.95,23.757519503007643,61,0,61,0.0,23.730401587614324,0.9,20,0,0.0,
125,scale_n0125,q_01,suql_baseline,121,19,21,19,2,0,0.9047619047619048,1.0,0.95,23.73082331102341,61,0,61,0.0,23.70316046685912,0.9,20,0,0.0,
125,scale_n0125,q_01,suql_baseline,122,19,21,19,2,0,0.9047619047619048,1.0,0.95,23.64440732297953,61,0,61,0.0,23.6187542170519,0.9,20,0,0.0,
125,scale_n0125,q_01,suql_baseline,123,19,21,19,2,0,0.9047619047619048,1.0,0.95,23.73890172096435,61,0,61,0.0,23.71152933005942,0.9,20,0,0.0,
125,scale_n0125,q_01,suql_baseline,124,19,21,19,2,0,0.9047619047619048,1.0,0.95,23.659899641002998,61,0,61,0.0,23.63474556209985,0.9,20,0,0.0,
125,scale_n0125,q_01,suql_baseline,125,19,21,19,2,0,0.9047619047619048,1.0,0.95,23.647132553975094,61,0,61,0.0,23.620956879865844,0.9,20,0,0.0,
125,scale_n0125,q_01,suql_baseline,126,19,21,19,2,0,0.9047619047619048,1.0,0.95,23.697865347960036,61,0,61,0.0,23.668747488001827,0.9,20,0,0.0,
125,scale_n0125,q_01,suql_baseline,127,19,21,19,2,0,0.9047619047619048,1.0,0.95,23.684347069996875,61,0,61,0.0,23.652066188049503,0.9,20,0,0.0,
125,scale_n0125,q_01,suql_baseline,128,19,21,19,2,0,0.9047619047619048,1.0,0.95,23.686690976959653,61,0,61,0.0,23.660400777938776,0.9,20,0,0.0,
125,scale_n0125,q_01,suql_baseline,129,19,21,19,2,0,0.9047619047619048,1.0,0.95,23.685314299014863,61,0,61,0.0,23.65826981718419,0.9,20,0,0.0,
125,scale_n0125,q_01,suql_baseline,130,19,21,19,2,0,0.9047619047619048,1.0,0.95,23.623323852953035,61,0,61,0.0,23.59647270629648,0.9,20,0,0.0,
125,scale_n0125,q_01,suql_baseline,131,19,21,19,2,0,0.9047619047619048,1.0,0.95,23.68747564702062,61,0,61,0.0,23.66142477275571,0.9,20,0,0.0,
125,scale_n0125,q_01,suql_baseline,132,19,21,19,2,0,0.9047619047619048,1.0,0.95,23.73663677996956,61,0,61,0.0,23.710874982818492,0.9,20,0,0.0,
125,scale_n0125,q_01,suql_baseline,133,19,21,19,2,0,0.9047619047619048,1.0,0.95,23.753340844006743,61,0,61,0.0,23.726944101974368,0.9,20,0,0.0,
125,scale_n0125,q_01,suql_baseline,134,19,21,19,2,0,0.9047619047619048,1.0,0.95,23.800284529977944,61,0,61,0.0,23.775029241107404,0.9,20,0,0.0,
125,scale_n0125,q_01,suql_baseline,135,19,21,19,2,0,0.9047619047619048,1.0,0.95,23.73837088700384,61,0,61,0.0,23.710835183912423,0.9,20,0,0.0,
125,scale_n0125,q_01,suql_baseline,136,19,21,19,2,0,0.9047619047619048,1.0,0.95,23.772528909961693,61,0,61,0.0,23.7469906040933,0.9,20,0,0.0,
125,scale_n0125,q_01,suql_baseline,137,19,21,19,2,0,0.9047619047619048,1.0,0.95,23.718275849008933,61,0,61,0.0,23.6927911938983,0.9,20,0,0.0,
125,scale_n0125,q_01,suql_baseline,138,19,21,19,2,0,0.9047619047619048,1.0,0.95,23.73638009896968,61,0,61,0.0,23.71082263009157,0.9,20,0,0.0,
125,scale_n0125,q_01,suql_baseline,139,19,21,19,2,0,0.9047619047619048,1.0,0.95,23.725534465978853,61,0,61,0.0,23.699797650857363,0.9,20,0,0.0,
125,scale_n0125,q_01,suql_baseline,140,19,21,19,2,0,0.9047619047619048,1.0,0.95,23.786504357995,61,0,61,0.0,23.76016747794347,0.9,20,0,0.0,
125,scale_n0125,q_01,suql_baseline,141,19,21,19,2,0,0.9047619047619048,1.0,0.95,23.684074595978014,61,0,61,0.0,23.657947999890894,0.9,20,0,0.0,
125,scale_n0125,q_01,suql_baseline,142,19,21,19,2,0,0.9047619047619048,1.0,0.95,23.743210991029628,61,0,61,0.0,23.716400914010592,0.9,20,0,0.0,
125,scale_n0125,q_01,suql_baseline,143,19,21,19,2,0,0.9047619047619048,1.0,0.95,23.769697600975636,61,0,61,0.0,23.74357371288352,0.9,20,0,0.0,
125,scale_n0125,q_01,suql_baseline,144,19,21,19,2,0,0.9047619047619048,1.0,0.95,23.680213563959114,61,0,61,0.0,23.65370881097624,0.9,20,0,0.0,
125,scale_n0125,q_01,suql_baseline,145,19,21,19,2,0,0.9047619047619048,1.0,0.95,23.592467217997186,61,0,61,0.0,23.566510783915877,0.9,20,0,0.0,
125,scale_n0125,q_01,suql_baseline,146,19,21,19,2,0,0.9047619047619048,1.0,0.95,23.7299381379853,61,0,61,0.0,23.704413189028852,0.9,20,0,0.0,
125,scale_n0125,q_01,suql_baseline,147,19,21,19,2,0,0.9047619047619048,1.0,0.95,23.73522607999621,61,0,61,0.0,23.707887170894537,0.9,20,0,0.0,
125,scale_n0125,q_01,suql_baseline,148,19,21,19,2,0,0.9047619047619048,1.0,0.95,23.75898030400276,61,0,61,0.0,23.73204568197252,0.9,20,0,0.0,
125,scale_n0125,q_01,suql_baseline,149,19,21,19,2,0,0.9047619047619048,1.0,0.95,23.76962956500938,61,0,61,0.0,23.743994151009247,0.9,20,0,0.0,
125,scale_n0125,q_01,suql_baseline,150,19,21,19,2,0,0.9047619047619048,1.0,0.95,23.82302641798742,61,0,61,0.0,23.79710240411805,0.9,20,0,0.0,
125,scale_n0125,q_01,trummer_v1,1,19,16,14,2,5,0.875,0.7368421052631579,0.7999999999999999,18.053569817973766,18,10,8,9.169377093960064,8.85511946096085,0.9,20,20,0.2727272727272727,
125,scale_n0125,q_01,trummer_v1,2,19,16,14,2,5,0.875,0.7368421052631579,0.7999999999999999,16.044728230976034,18,10,8,7.129368125926703,8.881564008013811,0.9,20,20,0.2727272727272727,
125,scale_n0125,q_01,trummer_v1,3,19,16,14,2,5,0.875,0.7368421052631579,0.7999999999999999,16.016205533989705,18,10,8,7.119420063972939,8.866732233960647,0.9,20,20,0.2727272727272727,
125,scale_n0125,q_01,trummer_v1,4,19,16,14,2,5,0.875,0.7368421052631579,0.7999999999999999,16.02794283197727,18,10,8,7.109898970986251,8.884768478979822,0.9,20,20,0.2727272727272727,
125,scale_n0125,q_01,trummer_v1,5,19,16,14,2,5,0.875,0.7368421052631579,0.7999999999999999,16.026893606001977,18,10,8,7.145636535133235,8.851398177095689,0.9,20,20,0.2727272727272727,
125,scale_n0125,q_01,trummer_v1,6,19,16,14,2,5,0.875,0.7368421052631579,0.7999999999999999,16.036503147042822,18,10,8,7.119580026017502,8.884552309988067,0.9,20,20,0.2727272727272727,
125,scale_n0125,q_01,trummer_v1,7,19,16,14,2,5,0.875,0.7368421052631579,0.7999999999999999,16.047768154006917,18,10,8,7.148694994975813,8.869677920942195,0.9,20,20,0.2727272727272727,
125,scale_n0125,q_01,trummer_v1,8,19,16,14,2,5,0.875,0.7368421052631579,0.7999999999999999,16.06273049302399,18,10,8,7.156840768060647,8.875896219920833,0.9,20,20,0.2727272727272727,
125,scale_n0125,q_01,trummer_v1,9,19,16,14,2,5,0.875,0.7368421052631579,0.7999999999999999,16.069649895012844,18,10,8,7.161916156066582,8.877915352990385,0.9,20,20,0.2727272727272727,
125,scale_n0125,q_01,trummer_v1,10,19,16,14,2,5,0.875,0.7368421052631579,0.7999999999999999,16.05204852798488,18,10,8,7.15255339408759,8.869204292015638,0.9,20,20,0.2727272727272727,
125,scale_n0125,q_01,trummer_v1,11,19,16,14,2,5,0.875,0.7368421052631579,0.7999999999999999,16.043724601040594,18,10,8,7.139652008074336,8.870542762975674,0.9,20,20,0.2727272727272727,
125,scale_n0125,q_01,trummer_v1,12,19,16,14,2,5,0.875,0.7368421052631579,0.7999999999999999,16.03126413701102,18,10,8,7.144071493064985,8.856555606005713,0.9,20,20,0.2727272727272727,
125,scale_n0125,q_01,trummer_v1,13,19,16,14,2,5,0.875,0.7368421052631579,0.7999999999999999,16.03240837797057,18,10,8,7.141796143027023,8.857183928019367,0.9,20,20,0.2727272727272727,
125,scale_n0125,q_01,trummer_v1,14,19,16,14,2,5,0.875,0.7368421052631579,0.7999999999999999,16.05275024200091,18,10,8,7.1373816528357565,8.885029884928372,0.9,20,20,0.2727272727272727,
125,scale_n0125,q_01,trummer_v1,15,19,16,14,2,5,0.875,0.7368421052631579,0.7999999999999999,16.020107458985876,18,10,8,7.139484703133348,8.84695185808232,0.9,20,20,0.2727272727272727,
125,scale_n0125,q_01,trummer_v1,16,19,16,14,2,5,0.875,0.7368421052631579,0.7999999999999999,15.999944723967928,18,10,8,7.11079817294376,8.857999895059038,0.9,20,20,0.2727272727272727,
125,scale_n0125,q_01,trummer_v1,17,19,16,14,2,5,0.875,0.7368421052631579,0.7999999999999999,15.996040658967104,18,10,8,7.110455596935935,8.8557246439741,0.9,20,20,0.2727272727272727,
125,scale_n0125,q_01,trummer_v1,18,19,16,14,2,5,0.875,0.7368421052631579,0.7999999999999999,16.020499345031567,18,10,8,7.130830638168845,8.856392087822314,0.9,20,20,0.2727272727272727,
125,scale_n0125,q_01,trummer_v1,19,19,16,14,2,5,0.875,0.7368421052631579,0.7999999999999999,16.046555056993384,18,10,8,7.137012436112855,8.878974751976784,0.9,20,20,0.2727272727272727,
125,scale_n0125,q_01,trummer_v1,20,19,16,14,2,5,0.875,0.7368421052631579,0.7999999999999999,16.054984900983982,18,10,8,7.151739449123852,8.867871579015628,0.9,20,20,0.2727272727272727,
125,scale_n0125,q_01,trummer_v1,21,19,16,14,2,5,0.875,0.7368421052631579,0.7999999999999999,15.998618929006623,18,10,8,7.109111163008492,8.858290803036653,0.9,20,20,0.2727272727272727,
125,scale_n0125,q_01,trummer_v1,22,19,16,14,2,5,0.875,0.7368421052631579,0.7999999999999999,16.040399597026408,18,10,8,7.144922499137465,8.863955586974043,0.9,20,20,0.2727272727272727,
125,scale_n0125,q_01,trummer_v1,23,19,16,14,2,5,0.875,0.7368421052631579,0.7999999999999999,16.013687680999283,18,10,8,7.121481803013012,8.861136851948686,0.9,20,20,0.2727272727272727,
125,scale_n0125,q_01,trummer_v1,24,19,16,14,2,5,0.875,0.7368421052631579,0.7999999999999999,16.039771904994268,18,10,8,7.140241778921336,8.868807348015253,0.9,20,20,0.2727272727272727,
125,scale_n0125,q_01,trummer_v1,25,19,16,14,2,5,0.875,0.7368421052631579,0.7999999999999999,16.02822149201529,18,10,8,7.128678247972857,8.869079526921269,0.9,20,20,0.2727272727272727,
125,scale_n0125,q_01,trummer_v1,26,19,16,14,2,5,0.875,0.7368421052631579,0.7999999999999999,16.039076669025235,18,10,8,7.15334693697514,8.856298123020679,0.9,20,20,0.2727272727272727,
125,scale_n0125,q_01,trummer_v1,27,19,16,14,2,5,0.875,0.7368421052631579,0.7999999999999999,16.01602089003427,18,10,8,7.120805078011472,8.86414266488282,0.9,20,20,0.2727272727272727,
125,scale_n0125,q_01,trummer_v1,28,19,16,14,2,5,0.875,0.7368421052631579,0.7999999999999999,15.984267267980613,18,10,8,7.107980848930311,8.845920549007133,0.9,20,20,0.2727272727272727,
125,scale_n0125,q_01,trummer_v1,29,19,16,14,2,5,0.875,0.7368421052631579,0.7999999999999999,16.06260183005361,18,10,8,7.155008000030648,8.873694545996841,0.9,20,20,0.2727272727272727,
125,scale_n0125,q_01,trummer_v1,30,19,16,14,2,5,0.875,0.7368421052631579,0.7999999999999999,16.01373169699218,18,10,8,7.127076497068629,8.858240552071948,0.9,20,20,0.2727272727272727,
125,scale_n0125,q_01,trummer_v1,31,19,16,14,2,5,0.875,0.7368421052631579,0.7999999999999999,16.038508748984896,18,10,8,7.133288630051538,8.871165348158684,0.9,20,20,0.2727272727272727,
125,scale_n0125,q_01,trummer_v1,32,19,16,14,2,5,0.875,0.7368421052631579,0.7999999999999999,16.02117002598243,18,10,8,7.1312289730412886,8.859802550985478,0.9,20,20,0.2727272727272727,
125,scale_n0125,q_01,trummer_v1,33,19,16,14,2,5,0.875,0.7368421052631579,0.7999999999999999,16.0024209379917,18,10,8,7.123951870016754,8.844765432004351,0.9,20,20,0.2727272727272727,
125,scale_n0125,q_01,trummer_v1,34,19,16,14,2,5,0.875,0.7368421052631579,0.7999999999999999,15.990051787986886,18,10,8,7.117992012994364,8.842196899990086,0.9,20,20,0.2727272727272727,
125,scale_n0125,q_01,trummer_v1,35,19,16,14,2,5,0.875,0.7368421052631579,0.7999999999999999,15.98025218298426,18,10,8,7.104990857071243,8.8454598528333,0.9,20,20,0.2727272727272727,
125,scale_n0125,q_01,trummer_v1,36,19,16,14,2,5,0.875,0.7368421052631579,0.7999999999999999,16.00368124898523,18,10,8,7.101181700010784,8.871948213956784,0.9,20,20,0.2727272727272727,
125,scale_n0125,q_01,trummer_v1,37,19,16,14,2,5,0.875,0.7368421052631579,0.7999999999999999,16.033252885972615,18,10,8,7.134349184809253,8.861370532074943,0.9,20,20,0.2727272727272727,
125,scale_n0125,q_01,trummer_v1,38,19,16,14,2,5,0.875,0.7368421052631579,0.7999999999999999,16.016023815027438,18,10,8,7.134602418926079,8.852538803010248,0.9,20,20,0.2727272727272727,
125,scale_n0125,q_01,trummer_v1,39,19,16,14,2,5,0.875,0.7368421052631579,0.7999999999999999,16.018580409989227,18,10,8,7.133622333116364,8.854583976964932,0.9,20,20,0.2727272727272727,
125,scale_n0125,q_01,trummer_v1,40,19,16,14,2,5,0.875,0.7368421052631579,0.7999999999999999,16.019233292958234,18,10,8,7.132092623098288,8.857042225950863,0.9,20,20,0.2727272727272727,
125,scale_n0125,q_01,trummer_v1,41,19,16,14,2,5,0.875,0.7368421052631579,0.7999999999999999,16.033396593004,18,10,8,7.125849670788739,8.878064063028432,0.9,20,20,0.2727272727272727,
125,scale_n0125,q_01,trummer_v1,42,19,16,14,2,5,0.875,0.7368421052631579,0.7999999999999999,15.993277949979529,18,10,8,7.108143182005733,8.856521701032761,0.9,20,20,0.2727272727272727,
125,scale_n0125,q_01,trummer_v1,43,19,16,14,2,5,0.875,0.7368421052631579,0.7999999999999999,15.985703804995865,18,10,8,7.131965121952817,8.823999175976496,0.9,20,20,0.2727272727272727,
125,scale_n0125,q_01,trummer_v1,44,19,16,14,2,5,0.875,0.7368421052631579,0.7999999999999999,16.01199184701545,18,10,8,7.124923927069176,8.857709007977974,0.9,20,20,0.2727272727272727,
125,scale_n0125,q_01,trummer_v1,45,19,16,14,2,5,0.875,0.7368421052631579,0.7999999999999999,16.02414922695607,18,10,8,7.137530550069641,8.852596034936141,0.9,20,20,0.2727272727272727,
125,scale_n0125,q_01,trummer_v1,46,19,16,14,2,5,0.875,0.7368421052631579,0.7999999999999999,16.028296998993028,18,10,8,7.149850122979842,8.84812668588711,0.9,20,20,0.2727272727272727,
125,scale_n0125,q_01,trummer_v1,47,19,16,14,2,5,0.875,0.7368421052631579,0.7999999999999999,16.022687595977914,18,10,8,7.11566213099286,8.87299599306425,0.9,20,20,0.2727272727272727,
125,scale_n0125,q_01,trummer_v1,48,19,16,14,2,5,0.875,0.7368421052631579,0.7999999999999999,16.02606696402654,18,10,8,7.121748963021673,8.874600364943035,0.9,20,20,0.2727272727272727,
125,scale_n0125,q_01,trummer_v1,49,19,16,14,2,5,0.875,0.7368421052631579,0.7999999999999999,16.004861097957473,18,10,8,7.110563832044136,8.865323761012405,0.9,20,20,0.2727272727272727,
125,scale_n0125,q_01,trummer_v1,50,19,16,14,2,5,0.875,0.7368421052631579,0.7999999999999999,16.04015196103137,18,10,8,7.135456172109116,8.87770885595819,0.9,20,20,0.2727272727272727,
125,scale_n0125,q_01,trummer_v1,51,19,16,14,2,5,0.875,0.7368421052631579,0.7999999999999999,16.03546230995562,18,10,8,7.166426920972299,8.838499139004853,0.9,20,20,0.2727272727272727,
125,scale_n0125,q_01,trummer_v1,52,19,16,14,2,5,0.875,0.7368421052631579,0.7999999999999999,16.037224556028377,18,10,8,7.133932812022977,8.872909646015614,0.9,20,20,0.2727272727272727,
125,scale_n0125,q_01,trummer_v1,53,19,16,14,2,5,0.875,0.7368421052631579,0.7999999999999999,16.001519192999694,18,10,8,7.1108660559984855,8.862212026957422,0.9,20,20,0.2727272727272727,
125,scale_n0125,q_01,trummer_v1,54,19,16,14,2,5,0.875,0.7368421052631579,0.7999999999999999,16.020419460022822,18,10,8,7.126829804095905,8.86375975899864,0.9,20,20,0.2727272727272727,
125,scale_n0125,q_01,trummer_v1,55,19,16,14,2,5,0.875,0.7368421052631579,0.7999999999999999,16.016013237996958,18,10,8,7.130939594004303,8.854737913934514,0.9,20,20,0.2727272727272727,
125,scale_n0125,q_01,trummer_v1,56,19,16,14,2,5,0.875,0.7368421052631579,0.7999999999999999,16.00105103000533,18,10,8,7.117325254832394,8.850663382036146,0.9,20,20,0.2727272727272727,
125,scale_n0125,q_01,trummer_v1,57,19,16,14,2,5,0.875,0.7368421052631579,0.7999999999999999,16.010955017001834,18,10,8,7.129182013915852,8.852318152145017,0.9,20,20,0.2727272727272727,
125,scale_n0125,q_01,trummer_v1,58,19,16,14,2,5,0.875,0.7368421052631579,0.7999999999999999,16.00764987297589,18,10,8,7.122343989089131,8.851904823968653,0.9,20,20,0.2727272727272727,
125,scale_n0125,q_01,trummer_v1,59,19,16,14,2,5,0.875,0.7368421052631579,0.7999999999999999,16.02692241698969,18,10,8,7.134847234003246,8.862634174991399,0.9,20,20,0.2727272727272727,
125,scale_n0125,q_01,trummer_v1,60,19,16,14,2,5,0.875,0.7368421052631579,0.7999999999999999,16.047863785992377,18,10,8,7.151756705075968,8.867102287942544,0.9,20,20,0.2727272727272727,
125,scale_n0125,q_01,trummer_v1,61,19,16,14,2,5,0.875,0.7368421052631579,0.7999999999999999,16.00607077399036,18,10,8,7.113161733956076,8.860263113980182,0.9,20,20,0.2727272727272727,
125,scale_n0125,q_01,trummer_v1,62,19,16,14,2,5,0.875,0.7368421052631579,0.7999999999999999,15.99914011801593,18,10,8,7.125738827919122,8.844255718053319,0.9,20,20,0.2727272727272727,
125,scale_n0125,q_01,trummer_v1,63,19,16,14,2,5,0.875,0.7368421052631579,0.7999999999999999,15.977864473010412,18,10,8,7.093754892877769,8.854547573195305,0.9,20,20,0.2727272727272727,
125,scale_n0125,q_01,trummer_v1,64,19,16,14,2,5,0.875,0.7368421052631579,0.7999999999999999,16.01530152896885,18,10,8,7.136964773002546,8.844775688077789,0.9,20,20,0.2727272727272727,
125,scale_n0125,q_01,trummer_v1,65,19,16,14,2,5,0.875,0.7368421052631579,0.7999999999999999,16.015461254050024,18,10,8,7.121213117032312,8.864468531974126,0.9,20,20,0.2727272727272727,
125,scale_n0125,q_01,trummer_v1,66,19,16,14,2,5,0.875,0.7368421052631579,0.7999999999999999,16.02453933999641,18,10,8,7.118800017051399,8.876685765979346,0.9,20,20,0.2727272727272727,
125,scale_n0125,q_01,trummer_v1,67,19,16,14,2,5,0.875,0.7368421052631579,0.7999999999999999,16.047530909010675,18,10,8,7.129985436913557,8.888893106020987,0.9,20,20,0.2727272727272727,
125,scale_n0125,q_01,trummer_v1,68,19,16,14,2,5,0.875,0.7368421052631579,0.7999999999999999,16.024554421019275,18,10,8,7.125864754023496,8.868507135019172,0.9,20,20,0.2727272727272727,
125,scale_n0125,q_01,trummer_v1,69,19,16,14,2,5,0.875,0.7368421052631579,0.7999999999999999,16.010113322001416,18,10,8,7.124292211025022,8.855528162966948,0.9,20,20,0.2727272727272727,
125,scale_n0125,q_01,trummer_v1,70,19,16,14,2,5,0.875,0.7368421052631579,0.7999999999999999,16.001862379023805,18,10,8,7.121430325030815,8.849533668137155,0.9,20,20,0.2727272727272727,
125,scale_n0125,q_01,trummer_v1,71,19,16,14,2,5,0.875,0.7368421052631579,0.7999999999999999,15.979080280987546,18,10,8,7.095246432058048,8.851243968179915,0.9,20,20,0.2727272727272727,
125,scale_n0125,q_01,trummer_v1,72,19,16,14,2,5,0.875,0.7368421052631579,0.7999999999999999,16.006333847006317,18,10,8,7.110546199022792,8.865739055036101,0.9,20,20,0.2727272727272727,
125,scale_n0125,q_01,trummer_v1,73,19,16,14,2,5,0.875,0.7368421052631579,0.7999999999999999,15.99764159100596,18,10,8,7.12075982807437,8.847620191867463,0.9,20,20,0.2727272727272727,
125,scale_n0125,q_01,trummer_v1,74,19,16,14,2,5,0.875,0.7368421052631579,0.7999999999999999,15.997039463953117,18,10,8,7.116517129936256,8.850351180997677,0.9,20,20,0.2727272727272727,
125,scale_n0125,q_01,trummer_v1,75,19,16,14,2,5,0.875,0.7368421052631579,0.7999999999999999,16.00011005095439,18,10,8,7.101429097994696,8.86558596411487,0.9,20,20,0.2727272727272727,
125,scale_n0125,q_01,trummer_v1,76,19,16,14,2,5,0.875,0.7368421052631579,0.7999999999999999,16.02820146997692,18,10,8,7.136613268172368,8.861885306017939,0.9,20,20,0.2727272727272727,
125,scale_n0125,q_01,trummer_v1,77,19,16,14,2,5,0.875,0.7368421052631579,0.7999999999999999,15.995560089999344,18,10,8,7.095973129966296,8.871210241981316,0.9,20,20,0.2727272727272727,
125,scale_n0125,q_01,trummer_v1,78,19,16,14,2,5,0.875,0.7368421052631579,0.7999999999999999,15.989357388985807,18,10,8,7.0977992310072295,8.857924212992657,0.9,20,20,0.2727272727272727,
125,scale_n0125,q_01,trummer_v1,79,19,16,14,2,5,0.875,0.7368421052631579,0.7999999999999999,16.00105685100425,18,10,8,7.115573104005307,8.856791441037785,0.9,20,20,0.2727272727272727,
125,scale_n0125,q_01,trummer_v1,80,19,16,14,2,5,0.875,0.7368421052631579,0.7999999999999999,16.046680137049407,18,10,8,7.138940158125479,8.877337227924727,0.9,20,20,0.2727272727272727,
125,scale_n0125,q_01,trummer_v1,81,19,16,14,2,5,0.875,0.7368421052631579,0.7999999999999999,16.03870844299672,18,10,8,7.1271933350362815,8.882744603033643,0.9,20,20,0.2727272727272727,
125,scale_n0125,q_01,trummer_v1,82,19,16,14,2,5,0.875,0.7368421052631579,0.7999999999999999,16.00166188797448,18,10,8,7.118344749964308,8.850239050982054,0.9,20,20,0.2727272727272727,
125,scale_n0125,q_01,trummer_v1,83,19,16,14,2,5,0.875,0.7368421052631579,0.7999999999999999,15.9849373610341,18,10,8,7.127002384106163,8.828537245921325,0.9,20,20,0.2727272727272727,
125,scale_n0125,q_01,trummer_v1,84,19,16,14,2,5,0.875,0.7368421052631579,0.7999999999999999,15.99632252700394,18,10,8,7.1207917158608325,8.846392999927048,0.9,20,20,0.2727272727272727,
125,scale_n0125,q_01,trummer_v1,85,19,16,14,2,5,0.875,0.7368421052631579,0.7999999999999999,15.981093085953034,18,10,8,7.103813263063785,8.847759443917312,0.9,20,20,0.2727272727272727,
125,scale_n0125,q_01,trummer_v1,86,19,16,14,2,5,0.875,0.7368421052631579,0.7999999999999999,16.000156644033268,18,10,8,7.124926550837699,8.84564273309661,0.9,20,20,0.2727272727272727,
125,scale_n0125,q_01,trummer_v1,87,19,16,14,2,5,0.875,0.7368421052631579,0.7999999999999999,15.998167422018014,18,10,8,7.097440843004733,8.871381617034785,0.9,20,20,0.2727272727272727,
125,scale_n0125,q_01,trummer_v1,88,19,16,14,2,5,0.875,0.7368421052631579,0.7999999999999999,16.074467364000157,18,10,8,7.146562115929555,8.899181221029721,0.9,20,20,0.2727272727272727,
125,scale_n0125,q_01,trummer_v1,89,19,16,14,2,5,0.875,0.7368421052631579,0.7999999999999999,16.055812627018895,18,10,8,7.123724133067299,8.89931813016301,0.9,20,20,0.2727272727272727,
125,scale_n0125,q_01,trummer_v1,90,19,16,14,2,5,0.875,0.7368421052631579,0.7999999999999999,16.04563710698858,18,10,8,7.13797630200861,8.879607951967046,0.9,20,20,0.2727272727272727,
125,scale_n0125,q_01,trummer_v1,91,19,16,14,2,5,0.875,0.7368421052631579,0.7999999999999999,16.08728561201133,18,10,8,7.170208138937596,8.884122979012318,0.9,20,20,0.2727272727272727,
125,scale_n0125,q_01,trummer_v1,92,19,16,14,2,5,0.875,0.7368421052631579,0.7999999999999999,16.05673939397093,18,10,8,7.149068920058198,8.878289265034255,0.9,20,20,0.2727272727272727,
125,scale_n0125,q_01,trummer_v1,93,19,16,14,2,5,0.875,0.7368421052631579,0.7999999999999999,16.04936705500586,18,10,8,7.133831488958094,8.88614654703997,0.9,20,20,0.2727272727272727,
125,scale_n0125,q_01,trummer_v1,94,19,16,14,2,5,0.875,0.7368421052631579,0.7999999999999999,16.0790833060164,18,10,8,7.161210388119798,8.884265126951504,0.9,20,20,0.2727272727272727,
125,scale_n0125,q_01,trummer_v1,95,19,16,14,2,5,0.875,0.7368421052631579,0.7999999999999999,16.06926228298107,18,10,8,7.1658301939605735,8.87445294111967,0.9,20,20,0.2727272727272727,
125,scale_n0125,q_01,trummer_v1,96,19,16,14,2,5,0.875,0.7368421052631579,0.7999999999999999,16.02652625500923,18,10,8,7.141690276097506,8.851304951007478,0.9,20,20,0.2727272727272727,
125,scale_n0125,q_01,trummer_v1,97,19,16,14,2,5,0.875,0.7368421052631579,0.7999999999999999,16.031487050000578,18,10,8,7.132880526885856,8.868873006023932,0.9,20,20,0.2727272727272727,
125,scale_n0125,q_01,trummer_v1,98,19,16,14,2,5,0.875,0.7368421052631579,0.7999999999999999,16.072813167993445,18,10,8,7.144707631901838,8.894057729979977,0.9,20,20,0.2727272727272727,
125,scale_n0125,q_01,trummer_v1,99,19,16,14,2,5,0.875,0.7368421052631579,0.7999999999999999,16.049321784987114,18,10,8,7.143088354961947,8.873251033946872,0.9,20,20,0.2727272727272727,
125,scale_n0125,q_01,trummer_v1,100,19,16,14,2,5,0.875,0.7368421052631579,0.7999999999999999,16.05080424703192,18,10,8,7.140781731985044,8.880876720009837,0.9,20,20,0.2727272727272727,
125,scale_n0125,q_01,trummer_v1,101,19,16,14,2,5,0.875,0.7368421052631579,0.7999999999999999,16.082752101006918,18,10,8,7.180773404950742,8.873823722999077,0.9,20,20,0.2727272727272727,
125,scale_n0125,q_01,trummer_v1,102,19,16,14,2,5,0.875,0.7368421052631579,0.7999999999999999,16.033581274969038,18,10,8,7.134772803110536,8.869907286891248,0.9,20,20,0.2727272727272727,
125,scale_n0125,q_01,trummer_v1,103,19,16,14,2,5,0.875,0.7368421052631579,0.7999999999999999,16.01368197100237,18,10,8,7.140439282986336,8.842539991019294,0.9,20,20,0.2727272727272727,
125,scale_n0125,q_01,trummer_v1,104,19,16,14,2,5,0.875,0.7368421052631579,0.7999999999999999,16.036257690982893,18,10,8,7.148647189897019,8.854389628046192,0.9,20,20,0.2727272727272727,
125,scale_n0125,q_01,trummer_v1,105,19,16,14,2,5,0.875,0.7368421052631579,0.7999999999999999,15.994489103963131,18,10,8,7.128100260917563,8.836884504999034,0.9,20,20,0.2727272727272727,
125,scale_n0125,q_01,trummer_v1,106,19,16,14,2,5,0.875,0.7368421052631579,0.7999999999999999,16.051242778019514,18,10,8,7.142243285139557,8.877990704088006,0.9,20,20,0.2727272727272727,
125,scale_n0125,q_01,trummer_v1,107,19,16,14,2,5,0.875,0.7368421052631579,0.7999999999999999,16.011771943012718,18,10,8,7.138888979970943,8.843496331013739,0.9,20,20,0.2727272727272727,
125,scale_n0125,q_01,trummer_v1,108,19,16,14,2,5,0.875,0.7368421052631579,0.7999999999999999,16.015961635974236,18,10,8,7.122766527056228,8.863427672011312,0.9,20,20,0.2727272727272727,
125,scale_n0125,q_01,trummer_v1,109,19,16,14,2,5,0.875,0.7368421052631579,0.7999999999999999,16.04372647899436,18,10,8,7.145743022032548,8.869723376003094,0.9,20,20,0.2727272727272727,
125,scale_n0125,q_01,trummer_v1,110,19,16,14,2,5,0.875,0.7368421052631579,0.7999999999999999,16.052186802960932,18,10,8,7.123819664819166,8.898238253081217,0.9,20,20,0.2727272727272727,
125,scale_n0125,q_01,trummer_v1,111,19,16,14,2,5,0.875,0.7368421052631579,0.7999999999999999,16.004775267036166,18,10,8,7.122741327970289,8.849172934948001,0.9,20,20,0.2727272727272727,
125,scale_n0125,q_01,trummer_v1,112,19,16,14,2,5,0.875,0.7368421052631579,0.7999999999999999,15.97271678195102,18,10,8,7.091601334977895,8.852167752978858,0.9,20,20,0.2727272727272727,
125,scale_n0125,q_01,trummer_v1,113,19,16,14,2,5,0.875,0.7368421052631579,0.7999999999999999,16.029162255988922,18,10,8,7.130038766015787,8.869893896917347,0.9,20,20,0.2727272727272727,
125,scale_n0125,q_01,trummer_v1,114,19,16,14,2,5,0.875,0.7368421052631579,0.7999999999999999,16.034250995027833,18,10,8,7.133489493106026,8.870851415966172,0.9,20,20,0.2727272727272727,
125,scale_n0125,q_01,trummer_v1,115,19,16,14,2,5,0.875,0.7368421052631579,0.7999999999999999,16.01223960297648,18,10,8,7.120197424956132,8.858584895031527,0.9,20,20,0.2727272727272727,
125,scale_n0125,q_01,trummer_v1,116,19,16,14,2,5,0.875,0.7368421052631579,0.7999999999999999,16.02200770896161,18,10,8,7.115619503078051,8.876762334082741,0.9,20,20,0.2727272727272727,
125,scale_n0125,q_01,trummer_v1,117,19,16,14,2,5,0.875,0.7368421052631579,0.7999999999999999,16.018228417960927,18,10,8,7.120983903063461,8.8694387190626,0.9,20,20,0.2727272727272727,
125,scale_n0125,q_01,trummer_v1,118,19,16,14,2,5,0.875,0.7368421052631579,0.7999999999999999,16.030169803008903,18,10,8,7.138707080972381,8.861458929022774,0.9,20,20,0.2727272727272727,
125,scale_n0125,q_01,trummer_v1,119,19,16,14,2,5,0.875,0.7368421052631579,0.7999999999999999,16.00951622996945,18,10,8,7.118701412109658,8.860573878046125,0.9,20,20,0.2727272727272727,
125,scale_n0125,q_01,trummer_v1,120,19,16,14,2,5,0.875,0.7368421052631579,0.7999999999999999,15.999146946007386,18,10,8,7.1177995900507085,8.851606388983782,0.9,20,20,0.2727272727272727,
125,scale_n0125,q_01,trummer_v1,121,19,16,14,2,5,0.875,0.7368421052631579,0.7999999999999999,16.030682438984513,18,10,8,7.1400917050777934,8.85813516692724,0.9,20,20,0.2727272727272727,
125,scale_n0125,q_01,trummer_v1,122,19,16,14,2,5,0.875,0.7368421052631579,0.7999999999999999,16.00307756703114,18,10,8,7.129979409161024,8.841868237883318,0.9,20,20,0.2727272727272727,
125,scale_n0125,q_01,trummer_v1,123,19,16,14,2,5,0.875,0.7368421052631579,0.7999999999999999,16.052033159008715,18,10,8,7.143688665004447,8.879243180039339,0.9,20,20,0.2727272727272727,
125,scale_n0125,q_01,trummer_v1,124,19,16,14,2,5,0.875,0.7368421052631579,0.7999999999999999,16.03763318696292,18,10,8,7.135465597908478,8.870652816898655,0.9,20,20,0.2727272727272727,
125,scale_n0125,q_01,trummer_v1,125,19,16,14,2,5,0.875,0.7368421052631579,0.7999999999999999,16.018575582013,18,10,8,7.116835427063052,8.867182915098965,0.9,20,20,0.2727272727272727,
125,scale_n0125,q_01,trummer_v1,126,19,16,14,2,5,0.875,0.7368421052631579,0.7999999999999999,16.022586890030652,18,10,8,7.126573054934852,8.866373167897109,0.9,20,20,0.2727272727272727,
125,scale_n0125,q_01,trummer_v1,127,19,16,14,2,5,0.875,0.7368421052631579,0.7999999999999999,16.01112214004388,18,10,8,7.119509081006981,8.861521045968402,0.9,20,20,0.2727272727272727,
125,scale_n0125,q_01,trummer_v1,128,19,16,14,2,5,0.875,0.7368421052631579,0.7999999999999999,16.039843565027695,18,10,8,7.152357501036022,8.856529699987732,0.9,20,20,0.2727272727272727,
125,scale_n0125,q_01,trummer_v1,129,19,16,14,2,5,0.875,0.7368421052631579,0.7999999999999999,15.999787968001328,18,10,8,7.122116803075187,8.847472633060534,0.9,20,20,0.2727272727272727,
125,scale_n0125,q_01,trummer_v1,130,19,16,14,2,5,0.875,0.7368421052631579,0.7999999999999999,16.047567365982104,18,10,8,7.147602497949265,8.870913656952325,0.9,20,20,0.2727272727272727,
125,scale_n0125,q_01,trummer_v1,131,19,16,14,2,5,0.875,0.7368421052631579,0.7999999999999999,16.01269795896951,18,10,8,7.135038963984698,8.848543760017492,0.9,20,20,0.2727272727272727,
125,scale_n0125,q_01,trummer_v1,132,19,16,14,2,5,0.875,0.7368421052631579,0.7999999999999999,16.023986135958694,18,10,8,7.131344640976749,8.863517645921092,0.9,20,20,0.2727272727272727,
125,scale_n0125,q_01,trummer_v1,133,19,16,14,2,5,0.875,0.7368421052631579,0.7999999999999999,15.981796164007392,18,10,8,7.1222653760924,8.825948411831632,0.9,20,20,0.2727272727272727,
125,scale_n0125,q_01,trummer_v1,134,19,16,14,2,5,0.875,0.7368421052631579,0.7999999999999999,15.970804331998806,18,10,8,7.108351695991587,8.832922614994459,0.9,20,20,0.2727272727272727,
125,scale_n0125,q_01,trummer_v1,135,19,16,14,2,5,0.875,0.7368421052631579,0.7999999999999999,15.977669715008233,18,10,8,7.105125634116121,8.840879645140376,0.9,20,20,0.2727272727272727,
125,scale_n0125,q_01,trummer_v1,136,19,16,14,2,5,0.875,0.7368421052631579,0.7999999999999999,16.018814740004018,18,10,8,7.140296162979212,8.849159026925918,0.9,20,20,0.2727272727272727,
125,scale_n0125,q_01,trummer_v1,137,19,16,14,2,5,0.875,0.7368421052631579,0.7999999999999999,16.041987681994215,18,10,8,7.149091412022244,8.863045174919534,0.9,20,20,0.2727272727272727,
125,scale_n0125,q_01,trummer_v1,138,19,16,14,2,5,0.875,0.7368421052631579,0.7999999999999999,15.987811819009949,18,10,8,7.130035673908424,8.82825989491539,0.9,20,20,0.2727272727272727,
125,scale_n0125,q_01,trummer_v1,139,19,16,14,2,5,0.875,0.7368421052631579,0.7999999999999999,15.976105706009548,18,10,8,7.100865630956832,8.84733177011367,0.9,20,20,0.2727272727272727,
125,scale_n0125,q_01,trummer_v1,140,19,16,14,2,5,0.875,0.7368421052631579,0.7999999999999999,16.00830277102068,18,10,8,7.123163567099255,8.85437069699401,0.9,20,20,0.2727272727272727,
125,scale_n0125,q_01,trummer_v1,141,19,16,14,2,5,0.875,0.7368421052631579,0.7999999999999999,16.002363462001085,18,10,8,7.137772958143614,8.8359274440445,0.9,20,20,0.2727272727272727,
125,scale_n0125,q_01,trummer_v1,142,19,16,14,2,5,0.875,0.7368421052631579,0.7999999999999999,15.998932578018866,18,10,8,7.126037492009345,8.843030930089299,0.9,20,20,0.2727272727272727,
125,scale_n0125,q_01,trummer_v1,143,19,16,14,2,5,0.875,0.7368421052631579,0.7999999999999999,15.983386484032962,18,10,8,7.098886636958923,8.855279147916008,0.9,20,20,0.2727272727272727,
125,scale_n0125,q_01,trummer_v1,144,19,16,14,2,5,0.875,0.7368421052631579,0.7999999999999999,16.008766416984145,18,10,8,7.126467771013267,8.853205142077059,0.9,20,20,0.2727272727272727,
125,scale_n0125,q_01,trummer_v1,145,19,16,14,2,5,0.875,0.7368421052631579,0.7999999999999999,15.980637089000084,18,10,8,7.120386487978976,8.829798119026236,0.9,20,20,0.2727272727272727,
125,scale_n0125,q_01,trummer_v1,146,19,16,14,2,5,0.875,0.7368421052631579,0.7999999999999999,16.00902546197176,18,10,8,7.108832118916325,8.871506642957684,0.9,20,20,0.2727272727272727,
125,scale_n0125,q_01,trummer_v1,147,19,16,14,2,5,0.875,0.7368421052631579,0.7999999999999999,16.002734737005085,18,10,8,7.127020909043495,8.843405418039765,0.9,20,20,0.2727272727272727,
125,scale_n0125,q_01,trummer_v1,148,19,16,14,2,5,0.875,0.7368421052631579,0.7999999999999999,15.988522911968175,18,10,8,7.112774366047233,8.845302226953208,0.9,20,20,0.2727272727272727,
125,scale_n0125,q_01,trummer_v1,149,19,16,14,2,5,0.875,0.7368421052631579,0.7999999999999999,15.999864464974962,18,10,8,7.122904513904359,8.848933368048165,0.9,20,20,0.2727272727272727,
125,scale_n0125,q_01,trummer_v1,150,19,16,14,2,5,0.875,0.7368421052631579,0.7999999999999999,16.041478867002297,18,10,8,7.129856263985857,8.877577632141765,0.9,20,20,0.2727272727272727,
150,scale_n0150,q_01,suql_baseline,1,22,21,20,1,2,0.9523809523809524,0.9090909090909092,0.9302325581395348,27.89987701800419,74,0,74,0.0,27.86415542516625,0.9,20,0,0.0,
150,scale_n0150,q_01,suql_baseline,2,22,21,20,1,2,0.9523809523809524,0.9090909090909092,0.9302325581395348,27.751384942035656,74,0,74,0.0,27.720627416914795,0.9,20,0,0.0,
150,scale_n0150,q_01,suql_baseline,3,22,21,20,1,2,0.9523809523809524,0.9090909090909092,0.9302325581395348,27.81763865298126,74,0,74,0.0,27.779414871067274,0.9,20,0,0.0,
150,scale_n0150,q_01,suql_baseline,4,22,21,20,1,2,0.9523809523809524,0.9090909090909092,0.9302325581395348,27.867814473982435,74,0,74,0.0,27.835202583984938,0.9,20,0,0.0,
150,scale_n0150,q_01,suql_baseline,5,22,21,20,1,2,0.9523809523809524,0.9090909090909092,0.9302325581395348,27.80716865201248,74,0,74,0.0,27.77489729190711,0.9,20,0,0.0,
150,scale_n0150,q_01,suql_baseline,6,22,21,20,1,2,0.9523809523809524,0.9090909090909092,0.9302325581395348,27.85339688300155,74,0,74,0.0,27.82112875621533,0.9,20,0,0.0,
150,scale_n0150,q_01,suql_baseline,7,22,21,20,1,2,0.9523809523809524,0.9090909090909092,0.9302325581395348,27.814095370995343,74,0,74,0.0,27.78065314196283,0.9,20,0,0.0,
150,scale_n0150,q_01,suql_baseline,8,22,21,20,1,2,0.9523809523809524,0.9090909090909092,0.9302325581395348,27.768803259008564,74,0,74,0.0,27.734700589964632,0.9,20,0,0.0,
150,scale_n0150,q_01,suql_baseline,9,22,21,20,1,2,0.9523809523809524,0.9090909090909092,0.9302325581395348,27.879490385006648,74,0,74,0.0,27.84751911601052,0.9,20,0,0.0,
150,scale_n0150,q_01,suql_baseline,10,22,21,20,1,2,0.9523809523809524,0.9090909090909092,0.9302325581395348,27.859248406020924,74,0,74,0.0,27.826249245437797,0.9,20,0,0.0,
150,scale_n0150,q_01,suql_baseline,11,22,21,20,1,2,0.9523809523809524,0.9090909090909092,0.9302325581395348,28.198813667986546,74,0,74,0.0,28.164228602079675,0.9,20,0,0.0,
150,scale_n0150,q_01,suql_baseline,12,22,21,20,1,2,0.9523809523809524,0.9090909090909092,0.9302325581395348,28.169529579987284,74,0,74,0.0,28.135177944088355,0.9,20,0,0.0,
150,scale_n0150,q_01,suql_baseline,13,22,21,20,1,2,0.9523809523809524,0.9090909090909092,0.9302325581395348,28.25198005599668,74,0,74,0.0,28.219542392122094,0.9,20,0,0.0,
150,scale_n0150,q_01,suql_baseline,14,22,21,20,1,2,0.9523809523809524,0.9090909090909092,0.9302325581395348,28.10226587997749,74,0,74,0.0,28.07046506286133,0.9,20,0,0.0,
150,scale_n0150,q_01,suql_baseline,15,22,21,20,1,2,0.9523809523809524,0.9090909090909092,0.9302325581395348,28.09744331100956,74,0,74,0.0,28.06559692503652,0.9,20,0,0.0,
150,scale_n0150,q_01,suql_baseline,16,22,21,20,1,2,0.9523809523809524,0.9090909090909092,0.9302325581395348,28.17781898099929,74,0,74,0.0,28.1470638923347,0.9,20,0,0.0,
150,scale_n0150,q_01,suql_baseline,17,22,21,20,1,2,0.9523809523809524,0.9090909090909092,0.9302325581395348,28.225374514004216,74,0,74,0.0,28.194360821391456,0.9,20,0,0.0,
150,scale_n0150,q_01,suql_baseline,18,22,21,20,1,2,0.9523809523809524,0.9090909090909092,0.9302325581395348,28.18065185897285,74,0,74,0.0,28.149285399529617,0.9,20,0,0.0,
150,scale_n0150,q_01,suql_baseline,19,22,21,20,1,2,0.9523809523809524,0.9090909090909092,0.9302325581395348,28.269936671014875,74,0,74,0.0,28.236376677348744,0.9,20,0,0.0,
150,scale_n0150,q_01,suql_baseline,20,22,21,20,1,2,0.9523809523809524,0.9090909090909092,0.9302325581395348,28.136348098050803,74,0,74,0.0,28.10464076529024,0.9,20,0,0.0,
150,scale_n0150,q_01,suql_baseline,21,22,21,20,1,2,0.9523809523809524,0.9090909090909092,0.9302325581395348,28.238729210046586,74,0,74,0.0,28.202852833201177,0.9,20,0,0.0,
150,scale_n0150,q_01,suql_baseline,22,22,21,20,1,2,0.9523809523809524,0.9090909090909092,0.9302325581395348,28.21744886599481,74,0,74,0.0,28.184822021168657,0.9,20,0,0.0,
150,scale_n0150,q_01,suql_baseline,23,22,21,20,1,2,0.9523809523809524,0.9090909090909092,0.9302325581395348,28.149856589967385,74,0,74,0.0,28.11805562407244,0.9,20,0,0.0,
150,scale_n0150,q_01,suql_baseline,24,22,21,20,1,2,0.9523809523809524,0.9090909090909092,0.9302325581395348,28.241604359005574,74,0,74,0.0,28.21007695305161,0.9,20,0,0.0,
150,scale_n0150,q_01,suql_baseline,25,22,21,20,1,2,0.9523809523809524,0.9090909090909092,0.9302325581395348,28.208710489969235,74,0,74,0.0,28.178435137146156,0.9,20,0,0.0,
150,scale_n0150,q_01,suql_baseline,26,22,21,20,1,2,0.9523809523809524,0.9090909090909092,0.9302325581395348,28.18755182699533,74,0,74,0.0,28.15609222895,0.9,20,0,0.0,
150,scale_n0150,q_01,suql_baseline,27,22,21,20,1,2,0.9523809523809524,0.9090909090909092,0.9302325581395348,28.152482050005347,74,0,74,0.0,28.119353865040463,0.9,20,0,0.0,
150,scale_n0150,q_01,suql_baseline,28,22,21,20,1,2,0.9523809523809524,0.9090909090909092,0.9302325581395348,28.119407024001703,74,0,74,0.0,28.0823900300893,0.9,20,0,0.0,
150,scale_n0150,q_01,suql_baseline,29,22,21,20,1,2,0.9523809523809524,0.9090909090909092,0.9302325581395348,28.198810735018924,74,0,74,0.0,28.1660834561917,0.9,20,0,0.0,
150,scale_n0150,q_01,suql_baseline,30,22,21,20,1,2,0.9523809523809524,0.9090909090909092,0.9302325581395348,28.058120944013357,74,0,74,0.0,28.02540453511756,0.9,20,0,0.0,
150,scale_n0150,q_01,suql_baseline,31,22,21,20,1,2,0.9523809523809524,0.9090909090909092,0.9302325581395348,28.07039712095866,74,0,74,0.0,28.03957360406639,0.9,20,0,0.0,
150,scale_n0150,q_01,suql_baseline,32,22,21,20,1,2,0.9523809523809524,0.9090909090909092,0.9302325581395348,28.150606903946027,74,0,74,0.0,28.119351350236684,0.9,20,0,0.0,
150,scale_n0150,q_01,suql_baseline,33,22,21,20,1,2,0.9523809523809524,0.9090909090909092,0.9302325581395348,28.182931911956985,74,0,74,0.0,28.151230289018716,0.9,20,0,0.0,
150,scale_n0150,q_01,suql_baseline,34,22,21,20,1,2,0.9523809523809524,0.9090909090909092,0.9302325581395348,28.1738362829783,74,0,74,0.0,28.14172580110608,0.9,20,0,0.0,
150,scale_n0150,q_01,suql_baseline,35,22,21,20,1,2,0.9523809523809524,0.9090909090909092,0.9302325581395348,28.117571585986298,74,0,74,0.0,28.08573139330838,0.9,20,0,0.0,
150,scale_n0150,q_01,suql_baseline,36,22,21,20,1,2,0.9523809523809524,0.9090909090909092,0.9302325581395348,28.112419037963264,74,0,74,0.0,28.0786374550662,0.9,20,0,0.0,
150,scale_n0150,q_01,suql_baseline,37,22,21,20,1,2,0.9523809523809524,0.9090909090909092,0.9302325581395348,28.071351827005856,74,0,74,0.0,28.0405783415772,0.9,20,0,0.0,
150,scale_n0150,q_01,suql_baseline,38,22,21,20,1,2,0.9523809523809524,0.9090909090909092,0.9302325581395348,28.26906451699324,74,0,74,0.0,28.236043663113374,0.9,20,0,0.0,
150,scale_n0150,q_01,suql_baseline,39,22,21,20,1,2,0.9523809523809524,0.9090909090909092,0.9302325581395348,28.258008402015548,74,0,74,0.0,28.220764292171225,0.9,20,0,0.0,
150,scale_n0150,q_01,suql_baseline,40,22,21,20,1,2,0.9523809523809524,0.9090909090909092,0.9302325581395348,28.17697848798707,74,0,74,0.0,28.14536739204777,0.9,20,0,0.0,
150,scale_n0150,q_01,suql_baseline,41,22,21,20,1,2,0.9523809523809524,0.9090909090909092,0.9302325581395348,28.06391052098479,74,0,74,0.0,28.033069283876102,0.9,20,0,0.0,
150,scale_n0150,q_01,suql_baseline,42,22,21,20,1,2,0.9523809523809524,0.9090909090909092,0.9302325581395348,27.933075270964764,74,0,74,0.0,27.9017175938352,0.9,20,0,0.0,
150,scale_n0150,q_01,suql_baseline,43,22,21,20,1,2,0.9523809523809524,0.9090909090909092,0.9302325581395348,27.940574916952755,74,0,74,0.0,27.909375683346298,0.9,20,0,0.0,
150,scale_n0150,q_01,suql_baseline,44,22,21,20,1,2,0.9523809523809524,0.9090909090909092,0.9302325581395348,28.09375509800157,74,0,74,0.0,28.062628421233967,0.9,20,0,0.0,
150,scale_n0150,q_01,suql_baseline,45,22,21,20,1,2,0.9523809523809524,0.9090909090909092,0.9302325581395348,28.35374482400948,74,0,74,0.0,28.32160649873549,0.9,20,0,0.0,
150,scale_n0150,q_01,suql_baseline,46,22,21,20,1,2,0.9523809523809524,0.9090909090909092,0.9302325581395348,28.41527414903976,74,0,74,0.0,28.38332831591833,0.9,20,0,0.0,
150,scale_n0150,q_01,suql_baseline,47,22,21,20,1,2,0.9523809523809524,0.9090909090909092,0.9302325581395348,28.457784156955316,74,0,74,0.0,28.42622427112656,0.9,20,0,0.0,
150,scale_n0150,q_01,suql_baseline,48,22,21,20,1,2,0.9523809523809524,0.9090909090909092,0.9302325581395348,28.28500234603416,74,0,74,0.0,28.252305885660466,0.9,20,0,0.0,
150,scale_n0150,q_01,suql_baseline,49,22,21,20,1,2,0.9523809523809524,0.9090909090909092,0.9302325581395348,28.358951766975224,74,0,74,0.0,28.323561673343647,0.9,20,0,0.0,
150,scale_n0150,q_01,suql_baseline,50,22,21,20,1,2,0.9523809523809524,0.9090909090909092,0.9302325581395348,28.34564040094847,74,0,74,0.0,28.31410934595624,0.9,20,0,0.0,
150,scale_n0150,q_01,suql_baseline,51,22,21,20,1,2,0.9523809523809524,0.9090909090909092,0.9302325581395348,28.416426932031754,74,0,74,0.0,28.3837150290492,0.9,20,0,0.0,
150,scale_n0150,q_01,suql_baseline,52,22,21,20,1,2,0.9523809523809524,0.9090909090909092,0.9302325581395348,28.228451014962047,74,0,74,0.0,28.193501468165778,0.9,20,0,0.0,
150,scale_n0150,q_01,suql_baseline,53,22,21,20,1,2,0.9523809523809524,0.9090909090909092,0.9302325581395348,28.27432255301392,74,0,74,0.0,28.243561805109493,0.9,20,0,0.0,
150,scale_n0150,q_01,suql_baseline,54,22,21,20,1,2,0.9523809523809524,0.9090909090909092,0.9302325581395348,28.20375469600549,74,0,74,0.0,28.170114599983208,0.9,20,0,0.0,
150,scale_n0150,q_01,suql_baseline,55,22,21,20,1,2,0.9523809523809524,0.9090909090909092,0.9302325581395348,28.277560935996007,74,0,74,0.0,28.24036769673694,0.9,20,0,0.0,
150,scale_n0150,q_01,suql_baseline,56,22,21,20,1,2,0.9523809523809524,0.9090909090909092,0.9302325581395348,28.29388450400438,74,0,74,0.0,28.261920143966563,0.9,20,0,0.0,
150,scale_n0150,q_01,suql_baseline,57,22,21,20,1,2,0.9523809523809524,0.9090909090909092,0.9302325581395348,28.31795494101243,74,0,74,0.0,28.28701230837032,0.9,20,0,0.0,
150,scale_n0150,q_01,suql_baseline,58,22,21,20,1,2,0.9523809523809524,0.9090909090909092,0.9302325581395348,28.395011189044453,74,0,74,0.0,28.36417641572189,0.9,20,0,0.0,
150,scale_n0150,q_01,suql_baseline,59,22,21,20,1,2,0.9523809523809524,0.9090909090909092,0.9302325581395348,28.334683977998797,74,0,74,0.0,28.30236903304467,0.9,20,0,0.0,
150,scale_n0150,q_01,suql_baseline,60,22,21,20,1,2,0.9523809523809524,0.9090909090909092,0.9302325581395348,28.35672781401081,74,0,74,0.0,28.32494816742837,0.9,20,0,0.0,
150,scale_n0150,q_01,suql_baseline,61,22,21,20,1,2,0.9523809523809524,0.9090909090909092,0.9302325581395348,28.256084298947822,74,0,74,0.0,28.21938810520805,0.9,20,0,0.0,
150,scale_n0150,q_01,suql_baseline,62,22,21,20,1,2,0.9523809523809524,0.9090909090909092,0.9302325581395348,28.283181248989425,74,0,74,0.0,28.25156626815442,0.9,20,0,0.0,
150,scale_n0150,q_01,suql_baseline,63,22,21,20,1,2,0.9523809523809524,0.9090909090909092,0.9302325581395348,28.308386863966007,74,0,74,0.0,28.27603014314081,0.9,20,0,0.0,
150,scale_n0150,q_01,suql_baseline,64,22,21,20,1,2,0.9523809523809524,0.9090909090909092,0.9302325581395348,28.25660310301464,74,0,74,0.0,28.224358057486825,0.9,20,0,0.0,
150,scale_n0150,q_01,suql_baseline,65,22,21,20,1,2,0.9523809523809524,0.9090909090909092,0.9302325581395348,28.286010661977343,74,0,74,0.0,28.252313934091944,0.9,20,0,0.0,
150,scale_n0150,q_01,suql_baseline,66,22,21,20,1,2,0.9523809523809524,0.9090909090909092,0.9302325581395348,28.27470478403848,74,0,74,0.0,28.240734807855915,0.9,20,0,0.0,
150,scale_n0150,q_01,suql_baseline,67,22,21,20,1,2,0.9523809523809524,0.9090909090909092,0.9302325581395348,28.339529516990297,74,0,74,0.0,28.30850247089984,0.9,20,0,0.0,
150,scale_n0150,q_01,suql_baseline,68,22,21,20,1,2,0.9523809523809524,0.9090909090909092,0.9302325581395348,28.136701067036483,74,0,74,0.0,28.104725716868412,0.9,20,0,0.0,
150,scale_n0150,q_01,suql_baseline,69,22,21,20,1,2,0.9523809523809524,0.9090909090909092,0.9302325581395348,28.265271742013283,74,0,74,0.0,28.23344611079665,0.9,20,0,0.0,
150,scale_n0150,q_01,suql_baseline,70,22,21,20,1,2,0.9523809523809524,0.9090909090909092,0.9302325581395348,28.285656109044798,74,0,74,0.0,28.24935004749568,0.9,20,0,0.0,
150,scale_n0150,q_01,suql_baseline,71,22,21,20,1,2,0.9523809523809524,0.9090909090909092,0.9302325581395348,28.31490273901727,74,0,74,0.0,28.28324839402921,0.9,20,0,0.0,
150,scale_n0150,q_01,suql_baseline,72,22,21,20,1,2,0.9523809523809524,0.9090909090909092,0.9302325581395348,28.24802742997417,74,0,74,0.0,28.210357886739075,0.9,20,0,0.0,
150,scale_n0150,q_01,suql_baseline,73,22,21,20,1,2,0.9523809523809524,0.9090909090909092,0.9302325581395348,28.240602090023454,74,0,74,0.0,28.208502163703088,0.9,20,0,0.0,
150,scale_n0150,q_01,suql_baseline,74,22,21,20,1,2,0.9523809523809524,0.9090909090909092,0.9302325581395348,28.29210703197168,74,0,74,0.0,28.26042496250011,0.9,20,0,0.0,
150,scale_n0150,q_01,suql_baseline,75,22,21,20,1,2,0.9523809523809524,0.9090909090909092,0.9302325581395348,28.271690547990147,74,0,74,0.0,28.23949521878967,0.9,20,0,0.0,
150,scale_n0150,q_01,suql_baseline,76,22,21,20,1,2,0.9523809523809524,0.9090909090909092,0.9302325581395348,28.31044384499546,74,0,74,0.0,28.27980098698754,0.9,20,0,0.0,
150,scale_n0150,q_01,suql_baseline,77,22,21,20,1,2,0.9523809523809524,0.9090909090909092,0.9302325581395348,28.30952156498097,74,0,74,0.0,28.277345422073267,0.9,20,0,0.0,
150,scale_n0150,q_01,suql_baseline,78,22,21,20,1,2,0.9523809523809524,0.9090909090909092,0.9302325581395348,28.328263486968357,74,0,74,0.0,28.294315575971268,0.9,20,0,0.0,
150,scale_n0150,q_01,suql_baseline,79,22,21,20,1,2,0.9523809523809524,0.9090909090909092,0.9302325581395348,28.33278755005449,74,0,74,0.0,28.30001244379673,0.9,20,0,0.0,
150,scale_n0150,q_01,suql_baseline,80,22,21,20,1,2,0.9523809523809524,0.9090909090909092,0.9302325581395348,28.15584016399225,74,0,74,0.0,28.123183858173437,0.9,20,0,0.0,
150,scale_n0150,q_01,suql_baseline,81,22,21,20,1,2,0.9523809523809524,0.9090909090909092,0.9302325581395348,28.390188854013104,74,0,74,0.0,28.35251987585798,0.9,20,0,0.0,
150,scale_n0150,q_01,suql_baseline,82,22,21,20,1,2,0.9523809523809524,0.9090909090909092,0.9302325581395348,28.430685847997665,74,0,74,0.0,28.398472617845982,0.9,20,0,0.0,
150,scale_n0150,q_01,suql_baseline,83,22,21,20,1,2,0.9523809523809524,0.9090909090909092,0.9302325581395348,28.455775542010088,74,0,74,0.0,28.423615639971104,0.9,20,0,0.0,
150,scale_n0150,q_01,suql_baseline,84,22,21,20,1,2,0.9523809523809524,0.9090909090909092,0.9302325581395348,28.401150268036872,74,0,74,0.0,28.369028265296947,0.9,20,0,0.0,
150,scale_n0150,q_01,suql_baseline,85,22,21,20,1,2,0.9523809523809524,0.9090909090909092,0.9302325581395348,28.41117337095784,74,0,74,0.0,28.37401549803326,0.9,20,0,0.0,
150,scale_n0150,q_01,suql_baseline,86,22,21,20,1,2,0.9523809523809524,0.9090909090909092,0.9302325581395348,28.37385733402334,74,0,74,0.0,28.34193442267133,0.9,20,0,0.0,
150,scale_n0150,q_01,suql_baseline,87,22,21,20,1,2,0.9523809523809524,0.9090909090909092,0.9302325581395348,28.28298932599137,74,0,74,0.0,28.25061867607292,0.9,20,0,0.0,
150,scale_n0150,q_01,suql_baseline,88,22,21,20,1,2,0.9523809523809524,0.9090909090909092,0.9302325581395348,28.322372886002995,74,0,74,0.0,28.29066512105055,0.9,20,0,0.0,
150,scale_n0150,q_01,suql_baseline,89,22,21,20,1,2,0.9523809523809524,0.9090909090909092,0.9302325581395348,28.294841170019936,74,0,74,0.0,28.25749375700252,0.9,20,0,0.0,
150,scale_n0150,q_01,suql_baseline,90,22,21,20,1,2,0.9523809523809524,0.9090909090909092,0.9302325581395348,28.25653511902783,74,0,74,0.0,28.22374517883873,0.9,20,0,0.0,
150,scale_n0150,q_01,suql_baseline,91,22,21,20,1,2,0.9523809523809524,0.9090909090909092,0.9302325581395348,28.391184421023357,74,0,74,0.0,28.359194572200067,0.9,20,0,0.0,
150,scale_n0150,q_01,suql_baseline,92,22,21,20,1,2,0.9523809523809524,0.9090909090909092,0.9302325581395348,28.1910685049952,74,0,74,0.0,28.157242420013063,0.9,20,0,0.0,
150,scale_n0150,q_01,suql_baseline,93,22,21,20,1,2,0.9523809523809524,0.9090909090909092,0.9302325581395348,28.286308317969088,74,0,74,0.0,28.25103592092637,0.9,20,0,0.0,
150,scale_n0150,q_01,suql_baseline,94,22,21,20,1,2,0.9523809523809524,0.9090909090909092,0.9302325581395348,28.22741686902009,74,0,74,0.0,28.194448017748076,0.9,20,0,0.0,
150,scale_n0150,q_01,suql_baseline,95,22,21,20,1,2,0.9523809523809524,0.9090909090909092,0.9302325581395348,28.19420138600981,74,0,74,0.0,28.1619721063762,0.9,20,0,0.0,
150,scale_n0150,q_01,suql_baseline,96,22,21,20,1,2,0.9523809523809524,0.9090909090909092,0.9302325581395348,28.25610809901264,74,0,74,0.0,28.222304969618563,0.9,20,0,0.0,
150,scale_n0150,q_01,suql_baseline,97,22,21,20,1,2,0.9523809523809524,0.9090909090909092,0.9302325581395348,28.23735917103477,74,0,74,0.0,28.205008381337397,0.9,20,0,0.0,
150,scale_n0150,q_01,suql_baseline,98,22,21,20,1,2,0.9523809523809524,0.9090909090909092,0.9302325581395348,28.33462719200179,74,0,74,0.0,28.302607830089983,0.9,20,0,0.0,
150,scale_n0150,q_01,suql_baseline,99,22,21,20,1,2,0.9523809523809524,0.9090909090909092,0.9302325581395348,28.20613720198162,74,0,74,0.0,28.174689125909936,0.9,20,0,0.0,
150,scale_n0150,q_01,suql_baseline,100,22,21,20,1,2,0.9523809523809524,0.9090909090909092,0.9302325581395348,28.26763648702763,74,0,74,0.0,28.23482557112584,0.9,20,0,0.0,
150,scale_n0150,q_01,suql_baseline,101,22,21,20,1,2,0.9523809523809524,0.9090909090909092,0.9302325581395348,28.35943928704364,74,0,74,0.0,28.32340215484146,0.9,20,0,0.0,
150,scale_n0150,q_01,suql_baseline,102,22,21,20,1,2,0.9523809523809524,0.9090909090909092,0.9302325581395348,28.331187444971874,74,0,74,0.0,28.29926603694912,0.9,20,0,0.0,
150,scale_n0150,q_01,suql_baseline,103,22,21,20,1,2,0.9523809523809524,0.9090909090909092,0.9302325581395348,28.25246920599602,74,0,74,0.0,28.22096020297613,0.9,20,0,0.0,
150,scale_n0150,q_01,suql_baseline,104,22,21,20,1,2,0.9523809523809524,0.9090909090909092,0.9302325581395348,28.27812739694491,74,0,74,0.0,28.247144067368936,0.9,20,0,0.0,
150,scale_n0150,q_01,suql_baseline,105,22,21,20,1,2,0.9523809523809524,0.9090909090909092,0.9302325581395348,28.17585836700164,74,0,74,0.0,28.1436939680716,0.9,20,0,0.0,
150,scale_n0150,q_01,suql_baseline,106,22,21,20,1,2,0.9523809523809524,0.9090909090909092,0.9302325581395348,28.258097950019877,74,0,74,0.0,28.221992667822636,0.9,20,0,0.0,
150,scale_n0150,q_01,suql_baseline,107,22,21,20,1,2,0.9523809523809524,0.9090909090909092,0.9302325581395348,28.309584547998384,74,0,74,0.0,28.277743647806343,0.9,20,0,0.0,
150,scale_n0150,q_01,suql_baseline,108,22,21,20,1,2,0.9523809523809524,0.9090909090909092,0.9302325581395348,28.24881363101304,74,0,74,0.0,28.218512168037705,0.9,20,0,0.0,
150,scale_n0150,q_01,suql_baseline,109,22,21,20,1,2,0.9523809523809524,0.9090909090909092,0.9302325581395348,28.287029055005405,74,0,74,0.0,28.255246270797212,0.9,20,0,0.0,
150,scale_n0150,q_01,suql_baseline,110,22,21,20,1,2,0.9523809523809524,0.9090909090909092,0.9302325581395348,28.221585113962647,74,0,74,0.0,28.18813658034196,0.9,20,0,0.0,
150,scale_n0150,q_01,suql_baseline,111,22,21,20,1,2,0.9523809523809524,0.9090909090909092,0.9302325581395348,28.169580470013894,74,0,74,0.0,28.13752587477211,0.9,20,0,0.0,
150,scale_n0150,q_01,suql_baseline,112,22,21,20,1,2,0.9523809523809524,0.9090909090909092,0.9302325581395348,28.355621113965757,74,0,74,0.0,28.321880044823047,0.9,20,0,0.0,
150,scale_n0150,q_01,suql_baseline,113,22,21,20,1,2,0.9523809523809524,0.9090909090909092,0.9302325581395348,28.17730648000725,74,0,74,0.0,28.14511572010815,0.9,20,0,0.0,
150,scale_n0150,q_01,suql_baseline,114,22,21,20,1,2,0.9523809523809524,0.9090909090909092,0.9302325581395348,28.31193606101442,74,0,74,0.0,28.27439057675656,0.9,20,0,0.0,
150,scale_n0150,q_01,suql_baseline,115,22,21,20,1,2,0.9523809523809524,0.9090909090909092,0.9302325581395348,28.290288218006022,74,0,74,0.0,28.257900399097707,0.9,20,0,0.0,
150,scale_n0150,q_01,suql_baseline,116,22,21,20,1,2,0.9523809523809524,0.9090909090909092,0.9302325581395348,28.146941266022623,74,0,74,0.0,28.114901329681743,0.9,20,0,0.0,
150,scale_n0150,q_01,suql_baseline,117,22,21,20,1,2,0.9523809523809524,0.9090909090909092,0.9302325581395348,28.27329746400937,74,0,74,0.0,28.235696444811765,0.9,20,0,0.0,
150,scale_n0150,q_01,suql_baseline,118,22,21,20,1,2,0.9523809523809524,0.9090909090909092,0.9302325581395348,28.29334018996451,74,0,74,0.0,28.259829708898906,0.9,20,0,0.0,
150,scale_n0150,q_01,suql_baseline,119,22,21,20,1,2,0.9523809523809524,0.9090909090909092,0.9302325581395348,28.24831269105198,74,0,74,0.0,28.21616844821256,0.9,20,0,0.0,
150,scale_n0150,q_01,suql_baseline,120,22,21,20,1,2,0.9523809523809524,0.9090909090909092,0.9302325581395348,28.327877723961137,74,0,74,0.0,28.29747691791272,0.9,20,0,0.0,
150,scale_n0150,q_01,suql_baseline,121,22,21,20,1,2,0.9523809523809524,0.9090909090909092,0.9302325581395348,28.260287204990163,74,0,74,0.0,28.228160206926987,0.9,20,0,0.0,
150,scale_n0150,q_01,suql_baseline,122,22,21,20,1,2,0.9523809523809524,0.9090909090909092,0.9302325581395348,28.25882864900632,74,0,74,0.0,28.228041471273173,0.9,20,0,0.0,
150,scale_n0150,q_01,suql_baseline,123,22,21,20,1,2,0.9523809523809524,0.9090909090909092,0.9302325581395348,28.342586465005297,74,0,74,0.0,28.305425629834644,0.9,20,0,0.0,
150,scale_n0150,q_01,suql_baseline,124,22,21,20,1,2,0.9523809523809524,0.9090909090909092,0.9302325581395348,28.302499033976343,74,0,74,0.0,28.270250045345165,0.9,20,0,0.0,
150,scale_n0150,q_01,suql_baseline,125,22,21,20,1,2,0.9523809523809524,0.9090909090909092,0.9302325581395348,28.17568264901638,74,0,74,0.0,28.14443299587583,0.9,20,0,0.0,
150,scale_n0150,q_01,suql_baseline,126,22,21,20,1,2,0.9523809523809524,0.9090909090909092,0.9302325581395348,28.169205913029145,74,0,74,0.0,28.13733778282767,0.9,20,0,0.0,
150,scale_n0150,q_01,suql_baseline,127,22,21,20,1,2,0.9523809523809524,0.9090909090909092,0.9302325581395348,28.216466763988137,74,0,74,0.0,28.18494059011573,0.9,20,0,0.0,
150,scale_n0150,q_01,suql_baseline,128,22,21,20,1,2,0.9523809523809524,0.9090909090909092,0.9302325581395348,28.30699770699721,74,0,74,0.0,28.27429208823014,0.9,20,0,0.0,
150,scale_n0150,q_01,suql_baseline,129,22,21,20,1,2,0.9523809523809524,0.9090909090909092,0.9302325581395348,28.128462588996623,74,0,74,0.0,28.09669300413225,0.9,20,0,0.0,
150,scale_n0150,q_01,suql_baseline,130,22,21,20,1,2,0.9523809523809524,0.9090909090909092,0.9302325581395348,28.158609185018577,74,0,74,0.0,28.12588180199964,0.9,20,0,0.0,
150,scale_n0150,q_01,suql_baseline,131,22,21,20,1,2,0.9523809523809524,0.9090909090909092,0.9302325581395348,28.150060739018954,74,0,74,0.0,28.116511867090598,0.9,20,0,0.0,
150,scale_n0150,q_01,suql_baseline,132,22,21,20,1,2,0.9523809523809524,0.9090909090909092,0.9302325581395348,28.05068998801289,74,0,74,0.0,28.01750881195767,0.9,20,0,0.0,
150,scale_n0150,q_01,suql_baseline,133,22,21,20,1,2,0.9523809523809524,0.9090909090909092,0.9302325581395348,28.22502125101164,74,0,74,0.0,28.1904802347417,0.9,20,0,0.0,
150,scale_n0150,q_01,suql_baseline,134,22,21,20,1,2,0.9523809523809524,0.9090909090909092,0.9302325581395348,28.31066079897573,74,0,74,0.0,28.276752862380818,0.9,20,0,0.0,
150,scale_n0150,q_01,suql_baseline,135,22,21,20,1,2,0.9523809523809524,0.9090909090909092,0.9302325581395348,28.293262835009955,74,0,74,0.0,28.25734340189956,0.9,20,0,0.0,
150,scale_n0150,q_01,suql_baseline,136,22,21,20,1,2,0.9523809523809524,0.9090909090909092,0.9302325581395348,28.118082539003808,74,0,74,0.0,28.08756648289273,0.9,20,0,0.0,
150,scale_n0150,q_01,suql_baseline,137,22,21,20,1,2,0.9523809523809524,0.9090909090909092,0.9302325581395348,28.17411423003068,74,0,74,0.0,28.13684460875811,0.9,20,0,0.0,
150,scale_n0150,q_01,suql_baseline,138,22,21,20,1,2,0.9523809523809524,0.9090909090909092,0.9302325581395348,28.1209301489871,74,0,74,0.0,28.08898764103651,0.9,20,0,0.0,
150,scale_n0150,q_01,suql_baseline,139,22,21,20,1,2,0.9523809523809524,0.9090909090909092,0.9302325581395348,28.113256584038027,74,0,74,0.0,28.08141256298404,0.9,20,0,0.0,
150,scale_n0150,q_01,suql_baseline,140,22,21,20,1,2,0.9523809523809524,0.9090909090909092,0.9302325581395348,28.16948294197209,74,0,74,0.0,28.13410863094032,0.9,20,0,0.0,
150,scale_n0150,q_01,suql_baseline,141,22,21,20,1,2,0.9523809523809524,0.9090909090909092,0.9302325581395348,28.182832775986757,74,0,74,0.0,28.15052595193265,0.9,20,0,0.0,
150,scale_n0150,q_01,suql_baseline,142,22,21,20,1,2,0.9523809523809524,0.9090909090909092,0.9302325581395348,28.223225435009223,74,0,74,0.0,28.19120489177294,0.9,20,0,0.0,
150,scale_n0150,q_01,suql_baseline,143,22,21,20,1,2,0.9523809523809524,0.9090909090909092,0.9302325581395348,28.235035868012343,74,0,74,0.0,28.2029837021837,0.9,20,0,0.0,
150,scale_n0150,q_01,suql_baseline,144,22,21,20,1,2,0.9523809523809524,0.9090909090909092,0.9302325581395348,28.154271086037625,74,0,74,0.0,28.121791594021488,0.9,20,0,0.0,
150,scale_n0150,q_01,suql_baseline,145,22,21,20,1,2,0.9523809523809524,0.9090909090909092,0.9302325581395348,28.267496304004453,74,0,74,0.0,28.230716093908995,0.9,20,0,0.0,
150,scale_n0150,q_01,suql_baseline,146,22,21,20,1,2,0.9523809523809524,0.9090909090909092,0.9302325581395348,28.229054479976185,74,0,74,0.0,28.197468538710385,0.9,20,0,0.0,
150,scale_n0150,q_01,suql_baseline,147,22,21,20,1,2,0.9523809523809524,0.9090909090909092,0.9302325581395348,28.228965648042504,74,0,74,0.0,28.196979089989327,0.9,20,0,0.0,
150,scale_n0150,q_01,suql_baseline,148,22,21,20,1,2,0.9523809523809524,0.9090909090909092,0.9302325581395348,28.298708680958956,74,0,74,0.0,28.265994675981347,0.9,20,0,0.0,
150,scale_n0150,q_01,suql_baseline,149,22,21,20,1,2,0.9523809523809524,0.9090909090909092,0.9302325581395348,28.14451234304579,74,0,74,0.0,28.110859305190388,0.9,20,0,0.0,
150,scale_n0150,q_01,suql_baseline,150,22,21,20,1,2,0.9523809523809524,0.9090909090909092,0.9302325581395348,28.16331330203684,74,0,74,0.0,28.13157749088714,0.9,20,0,0.0,
150,scale_n0150,q_01,trummer_v1,1,22,21,20,1,2,0.9523809523809524,0.9090909090909092,0.9302325581395348,17.643538507982157,16,11,5,10.114169846987352,7.505088342062663,0.9,20,20,0.8461538461538461,
150,scale_n0150,q_01,trummer_v1,2,22,13,12,1,10,0.9230769230769232,0.5454545454545454,0.6857142857142856,17.09322813694598,16,11,5,8.098955102963373,8.969190735020675,0.9,20,20,0.6666666666666666,
150,scale_n0150,q_01,trummer_v1,3,22,13,12,1,10,0.9230769230769232,0.5454545454545454,0.6857142857142856,17.102234459016472,16,11,5,8.087382873054594,8.99065499799326,0.9,20,20,0.6666666666666666,
150,scale_n0150,q_01,trummer_v1,4,22,13,12,1,10,0.9230769230769232,0.5454545454545454,0.6857142857142856,17.081638574018143,16,11,5,8.09946256596595,8.954396980057936,0.9,20,20,0.6666666666666666,
150,scale_n0150,q_01,trummer_v1,5,22,13,12,1,10,0.9230769230769232,0.5454545454545454,0.6857142857142856,17.04155022103805,16,11,5,8.08667453104863,8.926607128989417,0.9,20,20,0.6666666666666666,
150,scale_n0150,q_01,trummer_v1,6,22,13,12,1,10,0.9230769230769232,0.5454545454545454,0.6857142857142856,17.0481262980029,16,11,5,8.10432632098673,8.918776003120001,0.9,20,20,0.6666666666666666,
150,scale_n0150,q_01,trummer_v1,7,22,13,12,1,10,0.9230769230769232,0.5454545454545454,0.6857142857142856,17.07587511697784,16,11,5,8.100507284107152,8.947049491049256,0.9,20,20,0.6666666666666666,
150,scale_n0150,q_01,trummer_v1,8,22,13,12,1,10,0.9230769230769232,0.5454545454545454,0.6857142857142856,17.06388373702066,16,11,5,8.094520390965044,8.946175265067723,0.9,20,20,0.6666666666666666,
150,scale_n0150,q_01,trummer_v1,9,22,13,12,1,10,0.9230769230769232,0.5454545454545454,0.6857142857142856,17.03622389404336,16,11,5,8.072384958039038,8.939809575036634,0.9,20,20,0.6666666666666666,
150,scale_n0150,q_01,trummer_v1,10,22,13,12,1,10,0.9230769230769232,0.5454545454545454,0.6857142857142856,17.026416943990625,16,11,5,8.05602253304096,8.94241533492459,0.9,20,20,0.6666666666666666,
150,scale_n0150,q_01,trummer_v1,11,22,13,12,1,10,0.9230769230769232,0.5454545454545454,0.6857142857142856,17.03677832498215,16,11,5,8.078834007086698,8.934408191009425,0.9,20,20,0.6666666666666666,
150,scale_n0150,q_01,trummer_v1,12,22,13,12,1,10,0.9230769230769232,0.5454545454545454,0.6857142857142856,17.027952913951594,16,11,5,8.070364694925956,8.933252367947716,0.9,20,20,0.6666666666666666,
150,scale_n0150,q_01,trummer_v1,13,22,13,12,1,10,0.9230769230769232,0.5454545454545454,0.6857142857142856,17.065608749049716,16,11,5,8.09256840206217,8.94967093411833,0.9,20,20,0.6666666666666666,
150,scale_n0150,q_01,trummer_v1,14,22,13,12,1,10,0.9230769230769232,0.5454545454545454,0.6857142857142856,17.05842154403217,16,11,5,8.085174336098135,8.949235993961338,0.9,20,20,0.6666666666666666,
150,scale_n0150,q_01,trummer_v1,15,22,13,12,1,10,0.9230769230769232,0.5454545454545454,0.6857142857142856,17.072395408991724,16,11,5,8.104701459989883,8.940631505975034,0.9,20,20,0.6666666666666666,
150,scale_n0150,q_01,trummer_v1,16,22,13,12,1,10,0.9230769230769232,0.5454545454545454,0.6857142857142856,17.074164606980048,16,11,5,8.086270810919814,8.960016083030496,0.9,20,20,0.6666666666666666,
150,scale_n0150,q_01,trummer_v1,17,22,13,12,1,10,0.9230769230769232,0.5454545454545454,0.6857142857142856,17.119053989008535,16,11,5,8.140571031020954,8.953583683993202,0.9,20,20,0.6666666666666666,
150,scale_n0150,q_01,trummer_v1,18,22,13,12,1,10,0.9230769230769232,0.5454545454545454,0.6857142857142856,17.04831435199594,16,11,5,8.082722049031872,8.94090405490715,0.9,20,20,0.6666666666666666,
150,scale_n0150,q_01,trummer_v1,19,22,13,12,1,10,0.9230769230769232,0.5454545454545454,0.6857142857142856,17.059218179027084,16,11,5,8.11223497701576,8.924716092995368,0.9,20,20,0.6666666666666666,
150,scale_n0150,q_01,trummer_v1,20,22,13,12,1,10,0.9230769230769232,0.5454545454545454,0.6857142857142856,17.018757843005005,16,11,5,8.054642622126266,8.936254166939761,0.9,20,20,0.6666666666666666,
150,scale_n0150,q_01,trummer_v1,21,22,13,12,1,10,0.9230769230769232,0.5454545454545454,0.6857142857142856,17.059221329982392,16,11,5,8.090564406069461,8.94772469101008,0.9,20,20,0.6666666666666666,
150,scale_n0150,q_01,trummer_v1,22,22,13,12,1,10,0.9230769230769232,0.5454545454545454,0.6857142857142856,17.06627228599973,16,11,5,8.09767011308577,8.941456371045206,0.9,20,20,0.6666666666666666,
150,scale_n0150,q_01,trummer_v1,23,22,13,12,1,10,0.9230769230769232,0.5454545454545454,0.6857142857142856,17.07394975499483,16,11,5,8.10806305805454,8.941333759925328,0.9,20,20,0.6666666666666666,
150,scale_n0150,q_01,trummer_v1,24,22,13,12,1,10,0.9230769230769232,0.5454545454545454,0.6857142857142856,17.031343922019005,16,11,5,8.077621228003409,8.929016480105929,0.9,20,20,0.6666666666666666,
150,scale_n0150,q_01,trummer_v1,25,22,13,12,1,10,0.9230769230769232,0.5454545454545454,0.6857142857142856,17.041094603016973,16,11,5,8.094729093951173,8.92280305805616,0.9,20,20,0.6666666666666666,
150,scale_n0150,q_01,trummer_v1,26,22,13,12,1,10,0.9230769230769232,0.5454545454545454,0.6857142857142856,17.05366466502892,16,11,5,8.079453852027655,8.94977340195328,0.9,20,20,0.6666666666666666,
150,scale_n0150,q_01,trummer_v1,27,22,13,12,1,10,0.9230769230769232,0.5454545454545454,0.6857142857142856,17.075402275950182,16,11,5,8.106330667098518,8.944777410011739,0.9,20,20,0.6666666666666666,
150,scale_n0150,q_01,trummer_v1,28,22,13,12,1,10,0.9230769230769232,0.5454545454545454,0.6857142857142856,17.02522447798401,16,11,5,8.074540500878356,8.926908074005041,0.9,20,20,0.6666666666666666,
150,scale_n0150,q_01,trummer_v1,29,22,13,12,1,10,0.9230769230769232,0.5454545454545454,0.6857142857142856,17.072979419026524,16,11,5,8.100367929087952,8.948607326019555,0.9,20,20,0.6666666666666666,
150,scale_n0150,q_01,trummer_v1,30,22,13,12,1,10,0.9230769230769232,0.5454545454545454,0.6857142857142856,17.08251278696116,16,11,5,8.126886214013211,8.932692020956893,0.9,20,20,0.6666666666666666,
150,scale_n0150,q_01,trummer_v1,31,22,13,12,1,10,0.9230769230769232,0.5454545454545454,0.6857142857142856,17.137825996032916,16,11,5,8.147728105948772,8.961916796048172,0.9,20,20,0.6666666666666666,
150,scale_n0150,q_01,trummer_v1,32,22,13,12,1,10,0.9230769230769232,0.5454545454545454,0.6857142857142856,17.085985198966227,16,11,5,8.124605241115205,8.938145108055323,0.9,20,20,0.6666666666666666,
150,scale_n0150,q_01,trummer_v1,33,22,13,12,1,10,0.9230769230769232,0.5454545454545454,0.6857142857142856,17.088700627034996,16,11,5,8.105445195920765,8.95967458107043,0.9,20,20,0.6666666666666666,
150,scale_n0150,q_01,trummer_v1,34,22,13,12,1,10,0.9230769230769232,0.5454545454545454,0.6857142857142856,17.076762371056248,16,11,5,8.104485234071035,8.949042555061169,0.9,20,20,0.6666666666666666,
150,scale_n0150,q_01,trummer_v1,35,22,13,12,1,10,0.9230769230769232,0.5454545454545454,0.6857142857142856,17.080981295963284,16,11,5,8.107735480065458,8.948710185009986,0.9,20,20,0.6666666666666666,
150,scale_n0150,q_01,trummer_v1,36,22,13,12,1,10,0.9230769230769232,0.5454545454545454,0.6857142857142856,17.073855333030224,16,11,5,8.097537219000515,8.950971593032591,0.9,20,20,0.6666666666666666,
150,scale_n0150,q_01,trummer_v1,37,22,13,12,1,10,0.9230769230769232,0.5454545454545454,0.6857142857142856,17.052286782010924,16,11,5,8.077415608044248,8.949195627996232,0.9,20,20,0.6666666666666666,
150,scale_n0150,q_01,trummer_v1,38,22,13,12,1,10,0.9230769230769232,0.5454545454545454,0.6857142857142856,17.033864933007862,16,11,5,8.076244781899732,8.933559570054058,0.9,20,20,0.6666666666666666,
150,scale_n0150,q_01,trummer_v1,39,22,13,12,1,10,0.9230769230769232,0.5454545454545454,0.6857142857142856,17.09655971598113,16,11,5,8.114325296250172,8.959196746873204,0.9,20,20,0.6666666666666666,
150,scale_n0150,q_01,trummer_v1,40,22,13,12,1,10,0.9230769230769232,0.5454545454545454,0.6857142857142856,17.06949538399931,16,11,5,8.092353243904654,8.949297097104136,0.9,20,20,0.6666666666666666,
150,scale_n0150,q_01,trummer_v1,41,22,13,12,1,10,0.9230769230769232,0.5454545454545454,0.6857142857142856,17.027561318012886,16,11,5,8.08529846399324,8.919025823008269,0.9,20,20,0.6666666666666666,
150,scale_n0150,q_01,trummer_v1,42,22,13,12,1,10,0.9230769230769232,0.5454545454545454,0.6857142857142856,17.09355872904416,16,11,5,8.110111621848773,8.9560150669422,0.9,20,20,0.6666666666666666,
150,scale_n0150,q_01,trummer_v1,43,22,13,12,1,10,0.9230769230769232,0.5454545454545454,0.6857142857142856,17.063527626974974,16,11,5,8.090210507099982,8.948092559992801,0.9,20,20,0.6666666666666666,
150,scale_n0150,q_01,trummer_v1,44,22,13,12,1,10,0.9230769230769232,0.5454545454545454,0.6857142857142856,17.049779546970967,16,11,5,8.075010628963355,8.949384037056006,0.9,20,20,0.6666666666666666,
150,scale_n0150,q_01,trummer_v1,45,22,13,12,1,10,0.9230769230769232,0.5454545454545454,0.6857142857142856,17.06574436300434,16,11,5,8.106689818901941,8.934892142016906,0.9,20,20,0.6666666666666666,
150,scale_n0150,q_01,trummer_v1,46,22,13,12,1,10,0.9230769230769232,0.5454545454545454,0.6857142857142856,17.06963415001519,16,11,5,8.103709589864593,8.940848134981934,0.9,20,20,0.6666666666666666,
150,scale_n0150,q_01,trummer_v1,47,22,13,12,1,10,0.9230769230769232,0.5454545454545454,0.6857142857142856,17.071592705033254,16,11,5,8.116125800064765,8.931214512034785,0.9,20,20,0.6666666666666666,
150,scale_n0150,q_01,trummer_v1,48,22,13,12,1,10,0.9230769230769232,0.5454545454545454,0.6857142857142856,17.043682235991582,16,11,5,8.086580184055492,8.931962007947732,0.9,20,20,0.6666666666666666,
150,scale_n0150,q_01,trummer_v1,49,22,13,12,1,10,0.9230769230769232,0.5454545454545454,0.6857142857142856,17.04141336400062,16,11,5,8.079631516011432,8.935959011956584,0.9,20,20,0.6666666666666666,
150,scale_n0150,q_01,trummer_v1,50,22,13,12,1,10,0.9230769230769232,0.5454545454545454,0.6857142857142856,17.062160227040295,16,11,5,8.09921938891057,8.939563197025564,0.9,20,20,0.6666666666666666,
150,scale_n0150,q_01,trummer_v1,51,22,13,12,1,10,0.9230769230769232,0.5454545454545454,0.6857142857142856,17.072573862038553,16,11,5,8.12259787187213,8.927638528053649,0.9,20,20,0.6666666666666666,
150,scale_n0150,q_01,trummer_v1,52,22,13,12,1,10,0.9230769230769232,0.5454545454545454,0.6857142857142856,17.02509412704967,16,11,5,8.073627108125947,8.927238416916225,0.9,20,20,0.6666666666666666,
150,scale_n0150,q_01,trummer_v1,53,22,13,12,1,10,0.9230769230769232,0.5454545454545454,0.6857142857142856,17.066008282010444,16,11,5,8.102044175146148,8.939485159993637,0.9,20,20,0.6666666666666666,
150,scale_n0150,q_01,trummer_v1,54,22,13,12,1,10,0.9230769230769232,0.5454545454545454,0.6857142857142856,17.085207141004503,16,11,5,8.111496802128386,8.948501784994733,0.9,20,20,0.6666666666666666,
150,scale_n0150,q_01,trummer_v1,55,22,13,12,1,10,0.9230769230769232,0.5454545454545454,0.6857142857142856,17.07830470794579,16,11,5,8.096872922033072,8.955172111978754,0.9,20,20,0.6666666666666666,
150,scale_n0150,q_01,trummer_v1,56,22,13,12,1,10,0.9230769230769232,0.5454545454545454,0.6857142857142856,17.099078902974725,16,11,5,8.099957635975443,8.976946042035706,0.9,20,20,0.6666666666666666,
150,scale_n0150,q_01,trummer_v1,57,22,13,12,1,10,0.9230769230769232,0.5454545454545454,0.6857142857142856,17.066870588983875,16,11,5,8.080696841992904,8.9619116949616,0.9,20,20,0.6666666666666666,
150,scale_n0150,q_01,trummer_v1,58,22,13,12,1,10,0.9230769230769232,0.5454545454545454,0.6857142857142856,17.071972508972976,16,11,5,8.093295353057329,8.952445624046959,0.9,20,20,0.6666666666666666,
150,scale_n0150,q_01,trummer_v1,59,22,13,12,1,10,0.9230769230769232,0.5454545454545454,0.6857142857142856,17.088599356007762,16,11,5,8.12092625797959,8.943114212015644,0.9,20,20,0.6666666666666666,
150,scale_n0150,q_01,trummer_v1,60,22,13,12,1,10,0.9230769230769232,0.5454545454545454,0.6857142857142856,17.059750790998805,16,11,5,8.092335852968972,8.942895039042924,0.9,20,20,0.6666666666666666,
150,scale_n0150,q_01,trummer_v1,61,22,13,12,1,10,0.9230769230769232,0.5454545454545454,0.6857142857142856,17.060870221990626,16,11,5,8.098085963109042,8.93944447801914,0.9,20,20,0.6666666666666666,
150,scale_n0150,q_01,trummer_v1,62,22,13,12,1,10,0.9230769230769232,0.5454545454545454,0.6857142857142856,17.05909009097377,16,11,5,8.100007833039854,8.936041187960654,0.9,20,20,0.6666666666666666,
150,scale_n0150,q_01,trummer_v1,63,22,13,12,1,10,0.9230769230769232,0.5454545454545454,0.6857142857142856,17.062584538012743,16,11,5,8.082809659012128,8.954418580979109,0.9,20,20,0.6666666666666666,
150,scale_n0150,q_01,trummer_v1,64,22,13,12,1,10,0.9230769230769232,0.5454545454545454,0.6857142857142856,17.05229793197941,16,11,5,8.06169937190134,8.966203920950647,0.9,20,20,0.6666666666666666,
150,scale_n0150,q_01,trummer_v1,65,22,13,12,1,10,0.9230769230769232,0.5454545454545454,0.6857142857142856,17.046640050015412,16,11,5,8.090650412021205,8.931660298083443,0.9,20,20,0.6666666666666666,
150,scale_n0150,q_01,trummer_v1,66,22,13,12,1,10,0.9230769230769232,0.5454545454545454,0.6857142857142856,17.0381471660221,16,11,5,8.075806654873304,8.934444195998367,0.9,20,20,0.6666666666666666,
150,scale_n0150,q_01,trummer_v1,67,22,13,12,1,10,0.9230769230769232,0.5454545454545454,0.6857142857142856,17.116022260976024,16,11,5,8.134204975154717,8.958118910028134,0.9,20,20,0.6666666666666666,
150,scale_n0150,q_01,trummer_v1,68,22,13,12,1,10,0.9230769230769232,0.5454545454545454,0.6857142857142856,17.07066023099469,16,11,5,8.106588372960687,8.937864876061212,0.9,20,20,0.6666666666666666,
150,scale_n0150,q_01,trummer_v1,69,22,13,12,1,10,0.9230769230769232,0.5454545454545454,0.6857142857142856,17.034331524046138,16,11,5,8.057586474926211,8.953175152943004,0.9,20,20,0.6666666666666666,
150,scale_n0150,q_01,trummer_v1,70,22,13,12,1,10,0.9230769230769232,0.5454545454545454,0.6857142857142856,17.07058826996945,16,11,5,8.108783036994282,8.939468931988813,0.9,20,20,0.6666666666666666,
150,scale_n0150,q_01,trummer_v1,71,22,13,12,1,10,0.9230769230769232,0.5454545454545454,0.6857142857142856,17.049547660979442,16,11,5,8.093287926109042,8.928653456910979,0.9,20,20,0.6666666666666666,
150,scale_n0150,q_01,trummer_v1,72,22,13,12,1,10,0.9230769230769232,0.5454545454545454,0.6857142857142856,17.031582581985276,16,11,5,8.072836676961742,8.935043231002055,0.9,20,20,0.6666666666666666,
150,scale_n0150,q_01,trummer_v1,73,22,13,12,1,10,0.9230769230769232,0.5454545454545454,0.6857142857142856,17.02658548601903,16,11,5,8.072338927071542,8.930334534030408,0.9,20,20,0.6666666666666666,
150,scale_n0150,q_01,trummer_v1,74,22,13,12,1,10,0.9230769230769232,0.5454545454545454,0.6857142857142856,16.991791624983307,16,11,5,8.043943466094788,8.925111723016016,0.9,20,20,0.6666666666666666,
150,scale_n0150,q_01,trummer_v1,75,22,13,12,1,10,0.9230769230769232,0.5454545454545454,0.6857142857142856,17.06315846502548,16,11,5,8.108457485912368,8.930576576036401,0.9,20,20,0.6666666666666666,
150,scale_n0150,q_01,trummer_v1,76,22,13,12,1,10,0.9230769230769232,0.5454545454545454,0.6857142857142856,17.056696754007135,16,11,5,8.100312256079633,8.932270018034615,0.9,20,20,0.6666666666666666,
150,scale_n0150,q_01,trummer_v1,77,22,13,12,1,10,0.9230769230769232,0.5454545454545454,0.6857142857142856,17.030830494011752,16,11,5,8.076842072070576,8.926653478934895,0.9,20,20,0.6666666666666666,
150,scale_n0150,q_01,trummer_v1,78,22,13,12,1,10,0.9230769230769232,0.5454545454545454,0.6857142857142856,17.073264740989543,16,11,5,8.09502065111883,8.9544153730385,0.9,20,20,0.6666666666666666,
150,scale_n0150,q_01,trummer_v1,79,22,13,12,1,10,0.9230769230769232,0.5454545454545454,0.6857142857142856,17.11284749599872,16,11,5,8.136309527093545,8.956147092976607,0.9,20,20,0.6666666666666666,
150,scale_n0150,q_01,trummer_v1,80,22,13,12,1,10,0.9230769230769232,0.5454545454545454,0.6857142857142856,17.077917776012328,16,11,5,8.101041569025256,8.954471299017314,0.9,20,20,0.6666666666666666,
150,scale_n0150,q_01,trummer_v1,81,22,13,12,1,10,0.9230769230769232,0.5454545454545454,0.6857142857142856,17.064058128045872,16,11,5,8.098781470034737,8.94280441099545,0.9,20,20,0.6666666666666666,
150,scale_n0150,q_01,trummer_v1,82,22,13,12,1,10,0.9230769230769232,0.5454545454545454,0.6857142857142856,17.03750083601335,16,11,5,8.071947770949919,8.942070247954689,0.9,20,20,0.6666666666666666,
150,scale_n0150,q_01,trummer_v1,83,22,13,12,1,10,0.9230769230769232,0.5454545454545454,0.6857142857142856,17.05357259500306,16,11,5,8.091403984988574,8.93724219413707,0.9,20,20,0.6666666666666666,
150,scale_n0150,q_01,trummer_v1,84,22,13,12,1,10,0.9230769230769232,0.5454545454545454,0.6857142857142856,17.063251855026465,16,11,5,8.105149400129449,8.931408019037917,0.9,20,20,0.6666666666666666,
150,scale_n0150,q_01,trummer_v1,85,22,13,12,1,10,0.9230769230769232,0.5454545454545454,0.6857142857142856,17.084204774000682,16,11,5,8.120059001957998,8.94118619908113,0.9,20,20,0.6666666666666666,
150,scale_n0150,q_01,trummer_v1,86,22,13,12,1,10,0.9230769230769232,0.5454545454545454,0.6857142857142856,17.05962311400799,16,11,5,8.104098910000175,8.930034196993802,0.9,20,20,0.6666666666666666,
150,scale_n0150,q_01,trummer_v1,87,22,13,12,1,10,0.9230769230769232,0.5454545454545454,0.6857142857142856,17.061720960016828,16,11,5,8.09635837492533,8.93830096401507,0.9,20,20,0.6666666666666666,
150,scale_n0150,q_01,trummer_v1,88,22,13,12,1,10,0.9230769230769232,0.5454545454545454,0.6857142857142856,17.070763607043773,16,11,5,8.09671606781194,8.946886278106831,0.9,20,20,0.6666666666666666,
150,scale_n0150,q_01,trummer_v1,89,22,13,12,1,10,0.9230769230769232,0.5454545454545454,0.6857142857142856,17.05307952797739,16,11,5,8.099082962900866,8.929431878903415,0.9,20,20,0.6666666666666666,
150,scale_n0150,q_01,trummer_v1,90,22,13,12,1,10,0.9230769230769232,0.5454545454545454,0.6857142857142856,17.040135702991392,16,11,5,8.077955356973689,8.939485557901207,0.9,20,20,0.6666666666666666,
150,scale_n0150,q_01,trummer_v1,91,22,13,12,1,10,0.9230769230769232,0.5454545454545454,0.6857142857142856,17.07440790301189,16,11,5,8.109027833037544,8.943097250012215,0.9,20,20,0.6666666666666666,
150,scale_n0150,q_01,trummer_v1,92,22,13,12,1,10,0.9230769230769232,0.5454545454545454,0.6857142857142856,17.06885851500556,16,11,5,8.10599588783225,8.938155498995911,0.9,20,20,0.6666666666666666,
150,scale_n0150,q_01,trummer_v1,93,22,13,12,1,10,0.9230769230769232,0.5454545454545454,0.6857142857142856,17.085084072023164,16,11,5,8.11699814198073,8.944556504953653,0.9,20,20,0.6666666666666666,
150,scale_n0150,q_01,trummer_v1,94,22,13,12,1,10,0.9230769230769232,0.5454545454545454,0.6857142857142856,17.04687046603067,16,11,5,8.074113510840107,8.949521423957776,0.9,20,20,0.6666666666666666,
150,scale_n0150,q_01,trummer_v1,95,22,13,12,1,10,0.9230769230769232,0.5454545454545454,0.6857142857142856,17.086283145006746,16,11,5,8.119186497002374,8.94189742585877,0.9,20,20,0.6666666666666666,
150,scale_n0150,q_01,trummer_v1,96,22,13,12,1,10,0.9230769230769232,0.5454545454545454,0.6857142857142856,17.076087023015134,16,11,5,8.107787908928003,8.94388669601176,0.9,20,20,0.6666666666666666,
150,scale_n0150,q_01,trummer_v1,97,22,13,12,1,10,0.9230769230769232,0.5454545454545454,0.6857142857142856,17.0486009119777,16,11,5,8.084107737930026,8.941035324009135,0.9,20,20,0.6666666666666666,
150,scale_n0150,q_01,trummer_v1,98,22,13,12,1,10,0.9230769230769232,0.5454545454545454,0.6857142857142856,17.062909528962336,16,11,5,8.098921361961402,8.940446940017864,0.9,20,20,0.6666666666666666,
150,scale_n0150,q_01,trummer_v1,99,22,13,12,1,10,0.9230769230769232,0.5454545454545454,0.6857142857142856,17.087909110006876,16,11,5,8.114075152028818,8.948072671948466,0.9,20,20,0.6666666666666666,
150,scale_n0150,q_01,trummer_v1,100,22,13,12,1,10,0.9230769230769232,0.5454545454545454,0.6857142857142856,17.088376992964186,16,11,5,8.11415882006986,8.950253428018186,0.9,20,20,0.6666666666666666,
150,scale_n0150,q_01,trummer_v1,101,22,13,12,1,10,0.9230769230769232,0.5454545454545454,0.6857142857142856,17.045114718028344,16,11,5,8.079864188912325,8.94134804600617,0.9,20,20,0.6666666666666666,
150,scale_n0150,q_01,trummer_v1,102,22,13,12,1,10,0.9230769230769232,0.5454545454545454,0.6857142857142856,17.044110085989814,16,11,5,8.073095984989777,8.94334765599342,0.9,20,20,0.6666666666666666,
150,scale_n0150,q_01,trummer_v1,103,22,13,12,1,10,0.9230769230769232,0.5454545454545454,0.6857142857142856,16.990915240021423,16,11,5,8.032011329953093,8.934448421990965,0.9,20,20,0.6666666666666666,
150,scale_n0150,q_01,trummer_v1,104,22,13,12,1,10,0.9230769230769232,0.5454545454545454,0.6857142857142856,17.062359842995647,16,11,5,8.07887916493928,8.955134448013268,0.9,20,20,0.6666666666666666,
150,scale_n0150,q_01,trummer_v1,105,22,13,12,1,10,0.9230769230769232,0.5454545454545454,0.6857142857142856,17.041280728997663,16,11,5,8.088695277052466,8.927309799008071,0.9,20,20,0.6666666666666666,
150,scale_n0150,q_01,trummer_v1,106,22,13,12,1,10,0.9230769230769232,0.5454545454545454,0.6857142857142856,17.076178053044714,16,11,5,8.109881955955643,8.938850906910375,0.9,20,20,0.6666666666666666,
150,scale_n0150,q_01,trummer_v1,107,22,13,12,1,10,0.9230769230769232,0.5454545454545454,0.6857142857142856,17.03431565396022,16,11,5,8.073558265983593,8.931842134974431,0.9,20,20,0.6666666666666666,
150,scale_n0150,q_01,trummer_v1,108,22,13,12,1,10,0.9230769230769232,0.5454545454545454,0.6857142857142856,17.03069745900575,16,11,5,8.075817901117261,8.930698342970572,0.9,20,20,0.6666666666666666,
150,scale_n0150,q_01,trummer_v1,109,22,13,12,1,10,0.9230769230769232,0.5454545454545454,0.6857142857142856,17.03040465997765,16,11,5,8.078025461058132,8.925342168018688,0.9,20,20,0.6666666666666666,
150,scale_n0150,q_01,trummer_v1,110,22,13,12,1,10,0.9230769230769232,0.5454545454545454,0.6857142857142856,17.0337293149787,16,11,5,8.075245444022585,8.934394226933364,0.9,20,20,0.6666666666666666,
150,scale_n0150,q_01,trummer_v1,111,22,13,12,1,10,0.9230769230769232,0.5454545454545454,0.6857142857142856,17.06654328998411,16,11,5,8.093895919970237,8.949859525077045,0.9,20,20,0.6666666666666666,
150,scale_n0150,q_01,trummer_v1,112,22,13,12,1,10,0.9230769230769232,0.5454545454545454,0.6857142857142856,17.049334138981067,16,11,5,8.072436835092958,8.953235939959995,0.9,20,20,0.6666666666666666,
150,scale_n0150,q_01,trummer_v1,113,22,13,12,1,10,0.9230769230769232,0.5454545454545454,0.6857142857142856,17.072864026005846,16,11,5,8.117839714046568,8.93000690790359,0.9,20,20,0.6666666666666666,
150,scale_n0150,q_01,trummer_v1,114,22,13,12,1,10,0.9230769230769232,0.5454545454545454,0.6857142857142856,17.045910010987427,16,11,5,8.06398152699694,8.958052002068143,0.9,20,20,0.6666666666666666,
150,scale_n0150,q_01,trummer_v1,115,22,13,12,1,10,0.9230769230769232,0.5454545454545454,0.6857142857142856,17.051894100033678,16,11,5,8.094014569069259,8.932973387010861,0.9,20,20,0.6666666666666666,
150,scale_n0150,q_01,trummer_v1,116,22,13,12,1,10,0.9230769230769232,0.5454545454545454,0.6857142857142856,17.10852641897509,16,11,5,8.120058220927604,8.960764673014637,0.9,20,20,0.6666666666666666,
150,scale_n0150,q_01,trummer_v1,117,22,13,12,1,10,0.9230769230769232,0.5454545454545454,0.6857142857142856,17.06618999701459,16,11,5,8.100253475015052,8.9398319000029,0.9,20,20,0.6666666666666666,
150,scale_n0150,q_01,trummer_v1,118,22,13,12,1,10,0.9230769230769232,0.5454545454545454,0.6857142857142856,17.057577029976528,16,11,5,8.09143503109226,8.943483659997582,0.9,20,20,0.6666666666666666,
150,scale_n0150,q_01,trummer_v1,119,22,13,12,1,10,0.9230769230769232,0.5454545454545454,0.6857142857142856,17.075133897014894,16,11,5,8.097987849032506,8.951576791936532,0.9,20,20,0.6666666666666666,
150,scale_n0150,q_01,trummer_v1,120,22,13,12,1,10,0.9230769230769232,0.5454545454545454,0.6857142857142856,17.105684173991904,16,11,5,8.133538004010916,8.94937274401309,0.9,20,20,0.6666666666666666,
150,scale_n0150,q_01,trummer_v1,121,22,13,12,1,10,0.9230769230769232,0.5454545454545454,0.6857142857142856,17.039979060995393,16,11,5,8.06620137806749,8.950386653945316,0.9,20,20,0.6666666666666666,
150,scale_n0150,q_01,trummer_v1,122,22,13,12,1,10,0.9230769230769232,0.5454545454545454,0.6857142857142856,17.068487860029563,16,11,5,8.097281532129273,8.947295173071325,0.9,20,20,0.6666666666666666,
150,scale_n0150,q_01,trummer_v1,123,22,13,12,1,10,0.9230769230769232,0.5454545454545454,0.6857142857142856,17.06048364698654,16,11,5,8.09280635806499,8.946663025999442,0.9,20,20,0.6666666666666666,
150,scale_n0150,q_01,trummer_v1,124,22,13,12,1,10,0.9230769230769232,0.5454545454545454,0.6857142857142856,17.02109630603809,16,11,5,8.069889614009298,8.929186650027987,0.9,20,20,0.6666666666666666,
150,scale_n0150,q_01,trummer_v1,125,22,13,12,1,10,0.9230769230769232,0.5454545454545454,0.6857142857142856,17.044403335021343,16,11,5,8.078995181072969,8.940487617976032,0.9,20,20,0.6666666666666666,
150,scale_n0150,q_01,trummer_v1,126,22,13,12,1,10,0.9230769230769232,0.5454545454545454,0.6857142857142856,17.035439700004645,16,11,5,8.073104150069412,8.934660245024133,0.9,20,20,0.6666666666666666,
150,scale_n0150,q_01,trummer_v1,127,22,13,12,1,10,0.9230769230769232,0.5454545454545454,0.6857142857142856,17.049946228973567,16,11,5,8.098303678038064,8.927112770034,0.9,20,20,0.6666666666666666,
150,scale_n0150,q_01,trummer_v1,128,22,13,12,1,10,0.9230769230769232,0.5454545454545454,0.6857142857142856,17.058291185996495,16,11,5,8.090593187022023,8.943410868931096,0.9,20,20,0.6666666666666666,
150,scale_n0150,q_01,trummer_v1,129,22,13,12,1,10,0.9230769230769232,0.5454545454545454,0.6857142857142856,17.045142644958105,16,11,5,8.076905162190087,8.940917511994485,0.9,20,20,0.6666666666666666,
150,scale_n0150,q_01,trummer_v1,130,22,13,12,1,10,0.9230769230769232,0.5454545454545454,0.6857142857142856,17.033382851048373,16,11,5,8.06700333894696,8.941930985020008,0.9,20,20,0.6666666666666666,
150,scale_n0150,q_01,trummer_v1,131,22,13,12,1,10,0.9230769230769232,0.5454545454545454,0.6857142857142856,17.06764561100863,16,11,5,8.090505217027385,8.953941674961243,0.9,20,20,0.6666666666666666,
150,scale_n0150,q_01,trummer_v1,132,22,13,12,1,10,0.9230769230769232,0.5454545454545454,0.6857142857142856,17.05700946500292,16,11,5,8.09111858002143,8.940826652979013,0.9,20,20,0.6666666666666666,
150,scale_n0150,q_01,trummer_v1,133,22,13,12,1,10,0.9230769230769232,0.5454545454545454,0.6857142857142856,17.050778706965502,16,11,5,8.082727152039297,8.943281336978544,0.9,20,20,0.6666666666666666,
150,scale_n0150,q_01,trummer_v1,134,22,13,12,1,10,0.9230769230769232,0.5454545454545454,0.6857142857142856,17.050441908999346,16,11,5,8.082125766959507,8.944935042934958,0.9,20,20,0.6666666666666666,
150,scale_n0150,q_01,trummer_v1,135,22,13,12,1,10,0.9230769230769232,0.5454545454545454,0.6857142857142856,17.064760078967083,16,11,5,8.06564007193083,8.970875357976183,0.9,20,20,0.6666666666666666,
150,scale_n0150,q_01,trummer_v1,136,22,13,12,1,10,0.9230769230769232,0.5454545454545454,0.6857142857142856,17.07623477699235,16,11,5,8.111913372937124,8.940859005029779,0.9,20,20,0.6666666666666666,
150,scale_n0150,q_01,trummer_v1,137,22,13,12,1,10,0.9230769230769232,0.5454545454545454,0.6857142857142856,17.04264892800711,16,11,5,8.085686204954982,8.93328873696737,0.9,20,20,0.6666666666666666,
150,scale_n0150,q_01,trummer_v1,138,22,13,12,1,10,0.9230769230769232,0.5454545454545454,0.6857142857142856,17.033573448017705,16,11,5,8.068028549023438,8.941541317966767,0.9,20,20,0.6666666666666666,
150,scale_n0150,q_01,trummer_v1,139,22,13,12,1,10,0.9230769230769232,0.5454545454545454,0.6857142857142856,17.042157202027738,16,11,5,8.076652624062262,8.936283218034077,0.9,20,20,0.6666666666666666,
150,scale_n0150,q_01,trummer_v1,140,22,13,12,1,10,0.9230769230769232,0.5454545454545454,0.6857142857142856,17.071485581982415,16,11,5,8.091391023888718,8.955793177010491,0.9,20,20,0.6666666666666666,
150,scale_n0150,q_01,trummer_v1,141,22,13,12,1,10,0.9230769230769232,0.5454545454545454,0.6857142857142856,17.062591589987278,16,11,5,8.104828253039159,8.932945182023104,0.9,20,20,0.6666666666666666,
150,scale_n0150,q_01,trummer_v1,142,22,13,12,1,10,0.9230769230769232,0.5454545454545454,0.6857142857142856,17.05366089794552,16,11,5,8.094773672986776,8.93041071697371,0.9,20,20,0.6666666666666666,
150,scale_n0150,q_01,trummer_v1,143,22,13,12,1,10,0.9230769230769232,0.5454545454545454,0.6857142857142856,17.068026634980924,16,11,5,8.08140671608271,8.961515459988732,0.9,20,20,0.6666666666666666,
150,scale_n0150,q_01,trummer_v1,144,22,13,12,1,10,0.9230769230769232,0.5454545454545454,0.6857142857142856,17.078278263972607,16,11,5,8.108059179910924,8.944563955068588,0.9,20,20,0.6666666666666666,
150,scale_n0150,q_01,trummer_v1,145,22,13,12,1,10,0.9230769230769232,0.5454545454545454,0.6857142857142856,17.03388216998428,16,11,5,8.069162447121926,8.941370146058034,0.9,20,20,0.6666666666666666,
150,scale_n0150,q_01,trummer_v1,146,22,13,12,1,10,0.9230769230769232,0.5454545454545454,0.6857142857142856,17.068755567015614,16,11,5,8.102579632191919,8.941906909982208,0.9,20,20,0.6666666666666666,
150,scale_n0150,q_01,trummer_v1,147,22,13,12,1,10,0.9230769230769232,0.5454545454545454,0.6857142857142856,17.04014246899169,16,11,5,8.076625361922197,8.938457094074693,0.9,20,20,0.6666666666666666,
150,scale_n0150,q_01,trummer_v1,148,22,13,12,1,10,0.9230769230769232,0.5454545454545454,0.6857142857142856,17.06442861800315,16,11,5,8.097231447871309,8.943845612986479,0.9,20,20,0.6666666666666666,
150,scale_n0150,q_01,trummer_v1,149,22,13,12,1,10,0.9230769230769232,0.5454545454545454,0.6857142857142856,17.058645715005696,16,11,5,8.093308795010671,8.939993641048204,0.9,20,20,0.6666666666666666,
150,scale_n0150,q_01,trummer_v1,150,22,13,12,1,10,0.9230769230769232,0.5454545454545454,0.6857142857142856,17.04625648696674,16,11,5,8.082115505007096,8.941509953991044,0.9,20,20,0.6666666666666666,
175,scale_n0175,q_01,suql_baseline,1,26,26,23,3,3,0.8846153846153846,0.8846153846153846,0.8846153846153846,33.00963767198846,86,0,86,0.0,32.973585854051635,0.9,20,0,0.0,
175,scale_n0175,q_01,suql_baseline,2,26,26,23,3,3,0.8846153846153846,0.8846153846153846,0.8846153846153846,33.051592295989394,86,0,86,0.0,33.01669680001214,0.9,20,0,0.0,
175,scale_n0175,q_01,suql_baseline,3,26,26,23,3,3,0.8846153846153846,0.8846153846153846,0.8846153846153846,33.009728347999044,86,0,86,0.0,32.97202314808965,0.9,20,0,0.0,
175,scale_n0175,q_01,suql_baseline,4,26,26,23,3,3,0.8846153846153846,0.8846153846153846,0.8846153846153846,32.99393603298813,86,0,86,0.0,32.95636796782492,0.9,20,0,0.0,
175,scale_n0175,q_01,suql_baseline,5,26,26,23,3,3,0.8846153846153846,0.8846153846153846,0.8846153846153846,32.99897896300536,86,0,86,0.0,32.9611580138444,0.9,20,0,0.0,
175,scale_n0175,q_01,suql_baseline,6,26,26,23,3,3,0.8846153846153846,0.8846153846153846,0.8846153846153846,32.966975248011295,86,0,86,0.0,32.92767546826508,0.9,20,0,0.0,
175,scale_n0175,q_01,suql_baseline,7,26,26,23,3,3,0.8846153846153846,0.8846153846153846,0.8846153846153846,32.988098249014,86,0,86,0.0,32.94714145560283,0.9,20,0,0.0,
175,scale_n0175,q_01,suql_baseline,8,26,26,23,3,3,0.8846153846153846,0.8846153846153846,0.8846153846153846,33.0507388789556,86,0,86,0.0,33.01423432392767,0.9,20,0,0.0,
175,scale_n0175,q_01,suql_baseline,9,26,26,23,3,3,0.8846153846153846,0.8846153846153846,0.8846153846153846,33.2525375559926,86,0,86,0.0,33.214400738535915,0.9,20,0,0.0,
175,scale_n0175,q_01,suql_baseline,10,26,26,23,3,3,0.8846153846153846,0.8846153846153846,0.8846153846153846,33.45938100403873,86,0,86,0.0,33.42389697104227,0.9,20,0,0.0,
175,scale_n0175,q_01,suql_baseline,11,26,26,23,3,3,0.8846153846153846,0.8846153846153846,0.8846153846153846,33.44690731703304,86,0,86,0.0,33.41013101761928,0.9,20,0,0.0,
175,scale_n0175,q_01,suql_baseline,12,26,26,23,3,3,0.8846153846153846,0.8846153846153846,0.8846153846153846,33.4285243859631,86,0,86,0.0,33.38732072804123,0.9,20,0,0.0,
175,scale_n0175,q_01,suql_baseline,13,26,26,23,3,3,0.8846153846153846,0.8846153846153846,0.8846153846153846,33.3491744910134,86,0,86,0.0,33.310774054494686,0.9,20,0,0.0,
175,scale_n0175,q_01,suql_baseline,14,26,26,23,3,3,0.8846153846153846,0.8846153846153846,0.8846153846153846,33.434127311978955,86,0,86,0.0,33.39831789606251,0.9,20,0,0.0,
175,scale_n0175,q_01,suql_baseline,15,26,26,23,3,3,0.8846153846153846,0.8846153846153846,0.8846153846153846,33.4057411509566,86,0,86,0.0,33.3688509867643,0.9,20,0,0.0,
175,scale_n0175,q_01,suql_baseline,16,26,26,23,3,3,0.8846153846153846,0.8846153846153846,0.8846153846153846,33.26624124700902,86,0,86,0.0,33.228731369250454,0.9,20,0,0.0,
175,scale_n0175,q_01,suql_baseline,17,26,26,23,3,3,0.8846153846153846,0.8846153846153846,0.8846153846153846,33.31623173400294,86,0,86,0.0,33.28051224560477,0.9,20,0,0.0,
175,scale_n0175,q_01,suql_baseline,18,26,26,23,3,3,0.8846153846153846,0.8846153846153846,0.8846153846153846,33.34581405099016,86,0,86,0.0,33.30788972892333,0.9,20,0,0.0,
175,scale_n0175,q_01,suql_baseline,19,26,26,23,3,3,0.8846153846153846,0.8846153846153846,0.8846153846153846,33.38913580396911,86,0,86,0.0,33.35158518911339,0.9,20,0,0.0,
175,scale_n0175,q_01,suql_baseline,20,26,26,23,3,3,0.8846153846153846,0.8846153846153846,0.8846153846153846,33.42760608397657,86,0,86,0.0,33.38802719430532,0.9,20,0,0.0,
175,scale_n0175,q_01,suql_baseline,21,26,26,23,3,3,0.8846153846153846,0.8846153846153846,0.8846153846153846,33.385907654010225,86,0,86,0.0,33.34857777203433,0.9,20,0,0.0,
175,scale_n0175,q_01,suql_baseline,22,26,26,23,3,3,0.8846153846153846,0.8846153846153846,0.8846153846153846,33.36073239304824,86,0,86,0.0,33.32424119877396,0.9,20,0,0.0,
175,scale_n0175,q_01,suql_baseline,23,26,26,23,3,3,0.8846153846153846,0.8846153846153846,0.8846153846153846,33.33964505098993,86,0,86,0.0,33.30262750101974,0.9,20,0,0.0,
175,scale_n0175,q_01,suql_baseline,24,26,26,23,3,3,0.8846153846153846,0.8846153846153846,0.8846153846153846,33.32946335099405,86,0,86,0.0,33.29220935486956,0.9,20,0,0.0,
175,scale_n0175,q_01,suql_baseline,25,26,26,23,3,3,0.8846153846153846,0.8846153846153846,0.8846153846153846,33.32768055796623,86,0,86,0.0,33.2905153442407,0.9,20,0,0.0,
175,scale_n0175,q_01,suql_baseline,26,26,26,23,3,3,0.8846153846153846,0.8846153846153846,0.8846153846153846,33.38534822902875,86,0,86,0.0,33.34819795493968,0.9,20,0,0.0,
175,scale_n0175,q_01,suql_baseline,27,26,26,23,3,3,0.8846153846153846,0.8846153846153846,0.8846153846153846,33.456430146005005,86,0,86,0.0,33.41808889893582,0.9,20,0,0.0,
175,scale_n0175,q_01,suql_baseline,28,26,26,23,3,3,0.8846153846153846,0.8846153846153846,0.8846153846153846,33.3165698479861,86,0,86,0.0,33.27867930714274,0.9,20,0,0.0,
175,scale_n0175,q_01,suql_baseline,29,26,26,23,3,3,0.8846153846153846,0.8846153846153846,0.8846153846153846,33.36896855995292,86,0,86,0.0,33.32983881421387,0.9,20,0,0.0,
175,scale_n0175,q_01,suql_baseline,30,26,26,23,3,3,0.8846153846153846,0.8846153846153846,0.8846153846153846,33.36697660997743,86,0,86,0.0,33.331170867197216,0.9,20,0,0.0,
175,scale_n0175,q_01,suql_baseline,31,26,26,23,3,3,0.8846153846153846,0.8846153846153846,0.8846153846153846,33.40598977502668,86,0,86,0.0,33.36848933494184,0.9,20,0,0.0,
175,scale_n0175,q_01,suql_baseline,32,26,26,23,3,3,0.8846153846153846,0.8846153846153846,0.8846153846153846,33.42073689895915,86,0,86,0.0,33.382122594921384,0.9,20,0,0.0,
175,scale_n0175,q_01,suql_baseline,33,26,26,23,3,3,0.8846153846153846,0.8846153846153846,0.8846153846153846,33.30468187399674,86,0,86,0.0,33.268859088711906,0.9,20,0,0.0,
175,scale_n0175,q_01,suql_baseline,34,26,26,23,3,3,0.8846153846153846,0.8846153846153846,0.8846153846153846,33.40251956897555,86,0,86,0.0,33.36130344797857,0.9,20,0,0.0,
175,scale_n0175,q_01,suql_baseline,35,26,26,23,3,3,0.8846153846153846,0.8846153846153846,0.8846153846153846,33.37742963701021,86,0,86,0.0,33.34058583207661,0.9,20,0,0.0,
175,scale_n0175,q_01,suql_baseline,36,26,26,23,3,3,0.8846153846153846,0.8846153846153846,0.8846153846153846,33.365712530969176,86,0,86,0.0,33.32876996760024,0.9,20,0,0.0,
175,scale_n0175,q_01,suql_baseline,37,26,26,23,3,3,0.8846153846153846,0.8846153846153846,0.8846153846153846,33.506486081983894,86,0,86,0.0,33.46587152284337,0.9,20,0,0.0,
175,scale_n0175,q_01,suql_baseline,38,26,26,23,3,3,0.8846153846153846,0.8846153846153846,0.8846153846153846,33.46874869498424,86,0,86,0.0,33.42999526235508,0.9,20,0,0.0,
175,scale_n0175,q_01,suql_baseline,39,26,26,23,3,3,0.8846153846153846,0.8846153846153846,0.8846153846153846,33.40406399301719,86,0,86,0.0,33.366203713056166,0.9,20,0,0.0,
175,scale_n0175,q_01,suql_baseline,40,26,26,23,3,3,0.8846153846153846,0.8846153846153846,0.8846153846153846,33.337198221997824,86,0,86,0.0,33.294934700999875,0.9,20,0,0.0,
175,scale_n0175,q_01,suql_baseline,41,26,26,23,3,3,0.8846153846153846,0.8846153846153846,0.8846153846153846,33.3916095449822,86,0,86,0.0,33.354739518254064,0.9,20,0,0.0,
175,scale_n0175,q_01,suql_baseline,42,26,26,23,3,3,0.8846153846153846,0.8846153846153846,0.8846153846153846,33.33498519402929,86,0,86,0.0,33.297746769851074,0.9,20,0,0.0,
175,scale_n0175,q_01,suql_baseline,43,26,26,23,3,3,0.8846153846153846,0.8846153846153846,0.8846153846153846,33.4654875859851,86,0,86,0.0,33.429332514700945,0.9,20,0,0.0,
175,scale_n0175,q_01,suql_baseline,44,26,26,23,3,3,0.8846153846153846,0.8846153846153846,0.8846153846153846,33.51478952000616,86,0,86,0.0,33.47708100301679,0.9,20,0,0.0,
175,scale_n0175,q_01,suql_baseline,45,26,26,23,3,3,0.8846153846153846,0.8846153846153846,0.8846153846153846,33.49044388899347,86,0,86,0.0,33.45410372776678,0.9,20,0,0.0,
175,scale_n0175,q_01,suql_baseline,46,26,26,23,3,3,0.8846153846153846,0.8846153846153846,0.8846153846153846,33.59300900599919,86,0,86,0.0,33.55602902575629,0.9,20,0,0.0,
175,scale_n0175,q_01,suql_baseline,47,26,26,23,3,3,0.8846153846153846,0.8846153846153846,0.8846153846153846,33.4748814930208,86,0,86,0.0,33.43566672690213,0.9,20,0,0.0,
175,scale_n0175,q_01,suql_baseline,48,26,26,23,3,3,0.8846153846153846,0.8846153846153846,0.8846153846153846,33.54965369502315,86,0,86,0.0,33.511738601955585,0.9,20,0,0.0,
175,scale_n0175,q_01,suql_baseline,49,26,26,23,3,3,0.8846153846153846,0.8846153846153846,0.8846153846153846,33.370709879964124,86,0,86,0.0,33.333722212701105,0.9,20,0,0.0,
175,scale_n0175,q_01,suql_baseline,50,26,26,23,3,3,0.8846153846153846,0.8846153846153846,0.8846153846153846,33.63155250600539,86,0,86,0.0,33.593344673281536,0.9,20,0,0.0,
175,scale_n0175,q_01,suql_baseline,51,26,26,23,3,3,0.8846153846153846,0.8846153846153846,0.8846153846153846,33.705457853968255,86,0,86,0.0,33.66866023890907,0.9,20,0,0.0,
175,scale_n0175,q_01,suql_baseline,52,26,26,23,3,3,0.8846153846153846,0.8846153846153846,0.8846153846153846,33.83030032599345,86,0,86,0.0,33.786924462998286,0.9,20,0,0.0,
175,scale_n0175,q_01,suql_baseline,53,26,26,23,3,3,0.8846153846153846,0.8846153846153846,0.8846153846153846,33.786666039028205,86,0,86,0.0,33.74876088212477,0.9,20,0,0.0,
175,scale_n0175,q_01,suql_baseline,54,26,26,23,3,3,0.8846153846153846,0.8846153846153846,0.8846153846153846,33.604282554006204,86,0,86,0.0,33.56708878284553,0.9,20,0,0.0,
175,scale_n0175,q_01,suql_baseline,55,26,26,23,3,3,0.8846153846153846,0.8846153846153846,0.8846153846153846,33.78283559798729,86,0,86,0.0,33.74307786114514,0.9,20,0,0.0,
175,scale_n0175,q_01,suql_baseline,56,26,26,23,3,3,0.8846153846153846,0.8846153846153846,0.8846153846153846,33.828210977022536,86,0,86,0.0,33.79019905300811,0.9,20,0,0.0,
175,scale_n0175,q_01,suql_baseline,57,26,26,23,3,3,0.8846153846153846,0.8846153846153846,0.8846153846153846,33.72144862799905,86,0,86,0.0,33.68390951206675,0.9,20,0,0.0,
175,scale_n0175,q_01,suql_baseline,58,26,26,23,3,3,0.8846153846153846,0.8846153846153846,0.8846153846153846,33.73674305394525,86,0,86,0.0,33.69792150222929,0.9,20,0,0.0,
175,scale_n0175,q_01,suql_baseline,59,26,26,23,3,3,0.8846153846153846,0.8846153846153846,0.8846153846153846,33.569439860992134,86,0,86,0.0,33.53152357839281,0.9,20,0,0.0,
175,scale_n0175,q_01,suql_baseline,60,26,26,23,3,3,0.8846153846153846,0.8846153846153846,0.8846153846153846,33.556487364985514,86,0,86,0.0,33.51782767102122,0.9,20,0,0.0,
175,scale_n0175,q_01,suql_baseline,61,26,26,23,3,3,0.8846153846153846,0.8846153846153846,0.8846153846153846,33.612056939979084,86,0,86,0.0,33.57397933368338,0.9,20,0,0.0,
175,scale_n0175,q_01,suql_baseline,62,26,26,23,3,3,0.8846153846153846,0.8846153846153846,0.8846153846153846,33.73359568900196,86,0,86,0.0,33.69059921480948,0.9,20,0,0.0,
175,scale_n0175,q_01,suql_baseline,63,26,26,23,3,3,0.8846153846153846,0.8846153846153846,0.8846153846153846,33.780177348002326,86,0,86,0.0,33.74305552407168,0.9,20,0,0.0,
175,scale_n0175,q_01,suql_baseline,64,26,26,23,3,3,0.8846153846153846,0.8846153846153846,0.8846153846153846,33.77201320999302,86,0,86,0.0,33.731252114987,0.9,20,0,0.0,
175,scale_n0175,q_01,suql_baseline,65,26,26,23,3,3,0.8846153846153846,0.8846153846153846,0.8846153846153846,33.74445783603005,86,0,86,0.0,33.7038721232675,0.9,20,0,0.0,
175,scale_n0175,q_01,suql_baseline,66,26,26,23,3,3,0.8846153846153846,0.8846153846153846,0.8846153846153846,33.87580536096357,86,0,86,0.0,33.838287785009015,0.9,20,0,0.0,
175,scale_n0175,q_01,suql_baseline,67,26,26,23,3,3,0.8846153846153846,0.8846153846153846,0.8846153846153846,34.09946283895988,86,0,86,0.0,34.0612889721524,0.9,20,0,0.0,
175,scale_n0175,q_01,suql_baseline,68,26,26,23,3,3,0.8846153846153846,0.8846153846153846,0.8846153846153846,33.65451878402382,86,0,86,0.0,33.61392022180371,0.9,20,0,0.0,
175,scale_n0175,q_01,suql_baseline,69,26,26,23,3,3,0.8846153846153846,0.8846153846153846,0.8846153846153846,33.7789533539908,86,0,86,0.0,33.74094851774862,0.9,20,0,0.0,
175,scale_n0175,q_01,suql_baseline,70,26,26,23,3,3,0.8846153846153846,0.8846153846153846,0.8846153846153846,33.77777957398212,86,0,86,0.0,33.739098958089016,0.9,20,0,0.0,
175,scale_n0175,q_01,suql_baseline,71,26,26,23,3,3,0.8846153846153846,0.8846153846153846,0.8846153846153846,33.75736640597461,86,0,86,0.0,33.71509519504616,0.9,20,0,0.0,
175,scale_n0175,q_01,suql_baseline,72,26,26,23,3,3,0.8846153846153846,0.8846153846153846,0.8846153846153846,33.775798805989325,86,0,86,0.0,33.73888186062686,0.9,20,0,0.0,
175,scale_n0175,q_01,suql_baseline,73,26,26,23,3,3,0.8846153846153846,0.8846153846153846,0.8846153846153846,33.79656158701982,86,0,86,0.0,33.75856206694152,0.9,20,0,0.0,
175,scale_n0175,q_01,suql_baseline,74,26,26,23,3,3,0.8846153846153846,0.8846153846153846,0.8846153846153846,33.565469830005895,86,0,86,0.0,33.525005241448525,0.9,20,0,0.0,
175,scale_n0175,q_01,suql_baseline,75,26,26,23,3,3,0.8846153846153846,0.8846153846153846,0.8846153846153846,33.722922097018454,86,0,86,0.0,33.68452519073617,0.9,20,0,0.0,
175,scale_n0175,q_01,suql_baseline,76,26,26,23,3,3,0.8846153846153846,0.8846153846153846,0.8846153846153846,33.64115871099057,86,0,86,0.0,33.602133838809095,0.9,20,0,0.0,
175,scale_n0175,q_01,suql_baseline,77,26,26,23,3,3,0.8846153846153846,0.8846153846153846,0.8846153846153846,33.63005035097012,86,0,86,0.0,33.590909823193215,0.9,20,0,0.0,
175,scale_n0175,q_01,suql_baseline,78,26,26,23,3,3,0.8846153846153846,0.8846153846153846,0.8846153846153846,33.5571478609927,86,0,86,0.0,33.51796515705064,0.9,20,0,0.0,
175,scale_n0175,q_01,suql_baseline,79,26,26,23,3,3,0.8846153846153846,0.8846153846153846,0.8846153846153846,33.72354541497771,86,0,86,0.0,33.68751502211671,0.9,20,0,0.0,
175,scale_n0175,q_01,suql_baseline,80,26,26,23,3,3,0.8846153846153846,0.8846153846153846,0.8846153846153846,33.54373183200369,86,0,86,0.0,33.50685035675997,0.9,20,0,0.0,
175,scale_n0175,q_01,suql_baseline,81,26,26,23,3,3,0.8846153846153846,0.8846153846153846,0.8846153846153846,33.5300068029901,86,0,86,0.0,33.49041010602377,0.9,20,0,0.0,
175,scale_n0175,q_01,suql_baseline,82,26,26,23,3,3,0.8846153846153846,0.8846153846153846,0.8846153846153846,33.7029697750113,86,0,86,0.0,33.66005045833299,0.9,20,0,0.0,
175,scale_n0175,q_01,suql_baseline,83,26,26,23,3,3,0.8846153846153846,0.8846153846153846,0.8846153846153846,33.79617880197475,86,0,86,0.0,33.75198655592976,0.9,20,0,0.0,
175,scale_n0175,q_01,suql_baseline,84,26,26,23,3,3,0.8846153846153846,0.8846153846153846,0.8846153846153846,33.942595797998365,86,0,86,0.0,33.9054486718378,0.9,20,0,0.0,
175,scale_n0175,q_01,suql_baseline,85,26,26,23,3,3,0.8846153846153846,0.8846153846153846,0.8846153846153846,33.95493255398469,86,0,86,0.0,33.91621648310684,0.9,20,0,0.0,
175,scale_n0175,q_01,suql_baseline,86,26,26,23,3,3,0.8846153846153846,0.8846153846153846,0.8846153846153846,33.720681721984874,86,0,86,0.0,33.684014833008405,0.9,20,0,0.0,
175,scale_n0175,q_01,suql_baseline,87,26,26,23,3,3,0.8846153846153846,0.8846153846153846,0.8846153846153846,33.89519920304883,86,0,86,0.0,33.857699406158645,0.9,20,0,0.0,
175,scale_n0175,q_01,suql_baseline,88,26,26,23,3,3,0.8846153846153846,0.8846153846153846,0.8846153846153846,33.88216986198677,86,0,86,0.0,33.84437078417977,0.9,20,0,0.0,
175,scale_n0175,q_01,suql_baseline,89,26,26,23,3,3,0.8846153846153846,0.8846153846153846,0.8846153846153846,33.756311614997685,86,0,86,0.0,33.720371273113415,0.9,20,0,0.0,
175,scale_n0175,q_01,suql_baseline,90,26,26,23,3,3,0.8846153846153846,0.8846153846153846,0.8846153846153846,33.7943470919854,86,0,86,0.0,33.75626135873608,0.9,20,0,0.0,
175,scale_n0175,q_01,suql_baseline,91,26,26,23,3,3,0.8846153846153846,0.8846153846153846,0.8846153846153846,33.82527790800668,86,0,86,0.0,33.78593251470011,0.9,20,0,0.0,
175,scale_n0175,q_01,suql_baseline,92,26,26,23,3,3,0.8846153846153846,0.8846153846153846,0.8846153846153846,33.79435476800427,86,0,86,0.0,33.75756680563791,0.9,20,0,0.0,
175,scale_n0175,q_01,suql_baseline,93,26,26,23,3,3,0.8846153846153846,0.8846153846153846,0.8846153846153846,33.85933326103259,86,0,86,0.0,33.81675285001984,0.9,20,0,0.0,
175,scale_n0175,q_01,suql_baseline,94,26,26,23,3,3,0.8846153846153846,0.8846153846153846,0.8846153846153846,33.65344673499931,86,0,86,0.0,33.61536902509397,0.9,20,0,0.0,
175,scale_n0175,q_01,suql_baseline,95,26,26,23,3,3,0.8846153846153846,0.8846153846153846,0.8846153846153846,33.76424334803596,86,0,86,0.0,33.724665740155615,0.9,20,0,0.0,
175,scale_n0175,q_01,suql_baseline,96,26,26,23,3,3,0.8846153846153846,0.8846153846153846,0.8846153846153846,33.78249946201686,86,0,86,0.0,33.744764993782155,0.9,20,0,0.0,
175,scale_n0175,q_01,suql_baseline,97,26,26,23,3,3,0.8846153846153846,0.8846153846153846,0.8846153846153846,33.71341798803769,86,0,86,0.0,33.676179438538384,0.9,20,0,0.0,
175,scale_n0175,q_01,suql_baseline,98,26,26,23,3,3,0.8846153846153846,0.8846153846153846,0.8846153846153846,33.61770977801643,86,0,86,0.0,33.58045654714806,0.9,20,0,0.0,
175,scale_n0175,q_01,suql_baseline,99,26,26,23,3,3,0.8846153846153846,0.8846153846153846,0.8846153846153846,33.80816514597973,86,0,86,0.0,33.770449955191,0.9,20,0,0.0,
175,scale_n0175,q_01,suql_baseline,100,26,26,23,3,3,0.8846153846153846,0.8846153846153846,0.8846153846153846,33.61752688197885,86,0,86,0.0,33.57519789348589,0.9,20,0,0.0,
175,scale_n0175,q_01,suql_baseline,101,26,26,23,3,3,0.8846153846153846,0.8846153846153846,0.8846153846153846,33.54761079803575,86,0,86,0.0,33.508720905694645,0.9,20,0,0.0,
175,scale_n0175,q_01,suql_baseline,102,26,26,23,3,3,0.8846153846153846,0.8846153846153846,0.8846153846153846,33.746494523016736,86,0,86,0.0,33.70655289274873,0.9,20,0,0.0,
175,scale_n0175,q_01,suql_baseline,103,26,26,23,3,3,0.8846153846153846,0.8846153846153846,0.8846153846153846,33.62676245102193,86,0,86,0.0,33.58993507415289,0.9,20,0,0.0,
175,scale_n0175,q_01,suql_baseline,104,26,26,23,3,3,0.8846153846153846,0.8846153846153846,0.8846153846153846,33.62130738096312,86,0,86,0.0,33.58381138602272,0.9,20,0,0.0,
175,scale_n0175,q_01,suql_baseline,105,26,26,23,3,3,0.8846153846153846,0.8846153846153846,0.8846153846153846,33.59934581600828,86,0,86,0.0,33.55914602195844,0.9,20,0,0.0,
175,scale_n0175,q_01,suql_baseline,106,26,26,23,3,3,0.8846153846153846,0.8846153846153846,0.8846153846153846,33.70185401197523,86,0,86,0.0,33.664150544966105,0.9,20,0,0.0,
175,scale_n0175,q_01,suql_baseline,107,26,26,23,3,3,0.8846153846153846,0.8846153846153846,0.8846153846153846,33.735073240997735,86,0,86,0.0,33.69725352205569,0.9,20,0,0.0,
175,scale_n0175,q_01,suql_baseline,108,26,26,23,3,3,0.8846153846153846,0.8846153846153846,0.8846153846153846,33.648831628030166,86,0,86,0.0,33.60915290279081,0.9,20,0,0.0,
175,scale_n0175,q_01,suql_baseline,109,26,26,23,3,3,0.8846153846153846,0.8846153846153846,0.8846153846153846,33.54348404199118,86,0,86,0.0,33.50084460515063,0.9,20,0,0.0,
175,scale_n0175,q_01,suql_baseline,110,26,26,23,3,3,0.8846153846153846,0.8846153846153846,0.8846153846153846,33.638180265028495,86,0,86,0.0,33.60147911612876,0.9,20,0,0.0,
175,scale_n0175,q_01,suql_baseline,111,26,26,23,3,3,0.8846153846153846,0.8846153846153846,0.8846153846153846,33.62314022396458,86,0,86,0.0,33.584301305003464,0.9,20,0,0.0,
175,scale_n0175,q_01,suql_baseline,112,26,26,23,3,3,0.8846153846153846,0.8846153846153846,0.8846153846153846,33.70762470399495,86,0,86,0.0,33.664365761273075,0.9,20,0,0.0,
175,scale_n0175,q_01,suql_baseline,113,26,26,23,3,3,0.8846153846153846,0.8846153846153846,0.8846153846153846,33.690299252048135,86,0,86,0.0,33.648081333434675,0.9,20,0,0.0,
175,scale_n0175,q_01,suql_baseline,114,26,26,23,3,3,0.8846153846153846,0.8846153846153846,0.8846153846153846,33.555796280968934,86,0,86,0.0,33.51902233902365,0.9,20,0,0.0,
175,scale_n0175,q_01,suql_baseline,115,26,26,23,3,3,0.8846153846153846,0.8846153846153846,0.8846153846153846,33.55452649603831,86,0,86,0.0,33.51711120305117,0.9,20,0,0.0,
175,scale_n0175,q_01,suql_baseline,116,26,26,23,3,3,0.8846153846153846,0.8846153846153846,0.8846153846153846,33.69737433997216,86,0,86,0.0,33.660427808528766,0.9,20,0,0.0,
175,scale_n0175,q_01,suql_baseline,117,26,26,23,3,3,0.8846153846153846,0.8846153846153846,0.8846153846153846,33.4896938999882,86,0,86,0.0,33.44824340712512,0.9,20,0,0.0,
175,scale_n0175,q_01,suql_baseline,118,26,26,23,3,3,0.8846153846153846,0.8846153846153846,0.8846153846153846,33.829903152014595,86,0,86,0.0,33.790904323977884,0.9,20,0,0.0,
175,scale_n0175,q_01,suql_baseline,119,26,26,23,3,3,0.8846153846153846,0.8846153846153846,0.8846153846153846,33.58263547497336,86,0,86,0.0,33.54455440264428,0.9,20,0,0.0,
175,scale_n0175,q_01,suql_baseline,120,26,26,23,3,3,0.8846153846153846,0.8846153846153846,0.8846153846153846,33.87638643698301,86,0,86,0.0,33.83777942310553,0.9,20,0,0.0,
175,scale_n0175,q_01,suql_baseline,121,26,26,23,3,3,0.8846153846153846,0.8846153846153846,0.8846153846153846,33.79103899700567,86,0,86,0.0,33.75375587207964,0.9,20,0,0.0,
175,scale_n0175,q_01,suql_baseline,122,26,26,23,3,3,0.8846153846153846,0.8846153846153846,0.8846153846153846,33.48807303101057,86,0,86,0.0,33.444857641356066,0.9,20,0,0.0,
175,scale_n0175,q_01,suql_baseline,123,26,26,23,3,3,0.8846153846153846,0.8846153846153846,0.8846153846153846,33.75705040403409,86,0,86,0.0,33.721151841047686,0.9,20,0,0.0,
175,scale_n0175,q_01,suql_baseline,124,26,26,23,3,3,0.8846153846153846,0.8846153846153846,0.8846153846153846,33.66319593798835,86,0,86,0.0,33.62183284340426,0.9,20,0,0.0,
175,scale_n0175,q_01,suql_baseline,125,26,26,23,3,3,0.8846153846153846,0.8846153846153846,0.8846153846153846,33.65418062801473,86,0,86,0.0,33.61646973021561,0.9,20,0,0.0,
175,scale_n0175,q_01,suql_baseline,126,26,26,23,3,3,0.8846153846153846,0.8846153846153846,0.8846153846153846,33.531616178981494,86,0,86,0.0,33.48971726815216,0.9,20,0,0.0,
175,scale_n0175,q_01,suql_baseline,127,26,26,23,3,3,0.8846153846153846,0.8846153846153846,0.8846153846153846,33.44221174198901,86,0,86,0.0,33.40411952207796,0.9,20,0,0.0,
175,scale_n0175,q_01,suql_baseline,128,26,26,23,3,3,0.8846153846153846,0.8846153846153846,0.8846153846153846,33.20761440804927,86,0,86,0.0,33.16425641684327,0.9,20,0,0.0,
175,scale_n0175,q_01,suql_baseline,129,26,26,23,3,3,0.8846153846153846,0.8846153846153846,0.8846153846153846,33.414957073982805,86,0,86,0.0,33.37329109298298,0.9,20,0,0.0,
175,scale_n0175,q_01,suql_baseline,130,26,26,23,3,3,0.8846153846153846,0.8846153846153846,0.8846153846153846,33.50410294398898,86,0,86,0.0,33.4669741440448,0.9,20,0,0.0,
175,scale_n0175,q_01,suql_baseline,131,26,26,23,3,3,0.8846153846153846,0.8846153846153846,0.8846153846153846,33.61831936298404,86,0,86,0.0,33.58147038414609,0.9,20,0,0.0,
175,scale_n0175,q_01,suql_baseline,132,26,26,23,3,3,0.8846153846153846,0.8846153846153846,0.8846153846153846,33.58829763100948,86,0,86,0.0,33.55074588995194,0.9,20,0,0.0,
175,scale_n0175,q_01,suql_baseline,133,26,26,23,3,3,0.8846153846153846,0.8846153846153846,0.8846153846153846,33.56369778100634,86,0,86,0.0,33.52639874757733,0.9,20,0,0.0,
175,scale_n0175,q_01,suql_baseline,134,26,26,23,3,3,0.8846153846153846,0.8846153846153846,0.8846153846153846,33.48019985499559,86,0,86,0.0,33.44107837998308,0.9,20,0,0.0,
175,scale_n0175,q_01,suql_baseline,135,26,26,23,3,3,0.8846153846153846,0.8846153846153846,0.8846153846153846,33.536479588015936,86,0,86,0.0,33.49444933218183,0.9,20,0,0.0,
175,scale_n0175,q_01,suql_baseline,136,26,26,23,3,3,0.8846153846153846,0.8846153846153846,0.8846153846153846,33.430336981022265,86,0,86,0.0,33.39100004162174,0.9,20,0,0.0,
175,scale_n0175,q_01,suql_baseline,137,26,26,23,3,3,0.8846153846153846,0.8846153846153846,0.8846153846153846,33.49347773502814,86,0,86,0.0,33.45427356404252,0.9,20,0,0.0,
175,scale_n0175,q_01,suql_baseline,138,26,26,23,3,3,0.8846153846153846,0.8846153846153846,0.8846153846153846,33.56661293300567,86,0,86,0.0,33.52982890239218,0.9,20,0,0.0,
175,scale_n0175,q_01,suql_baseline,139,26,26,23,3,3,0.8846153846153846,0.8846153846153846,0.8846153846153846,33.621752781036776,86,0,86,0.0,33.58379478298593,0.9,20,0,0.0,
175,scale_n0175,q_01,suql_baseline,140,26,26,23,3,3,0.8846153846153846,0.8846153846153846,0.8846153846153846,33.51097234204644,86,0,86,0.0,33.47264753590571,0.9,20,0,0.0,
175,scale_n0175,q_01,suql_baseline,141,26,26,23,3,3,0.8846153846153846,0.8846153846153846,0.8846153846153846,33.408324866963085,86,0,86,0.0,33.37026543013053,0.9,20,0,0.0,
175,scale_n0175,q_01,suql_baseline,142,26,26,23,3,3,0.8846153846153846,0.8846153846153846,0.8846153846153846,33.52027397300117,86,0,86,0.0,33.47705922590103,0.9,20,0,0.0,
175,scale_n0175,q_01,suql_baseline,143,26,26,23,3,3,0.8846153846153846,0.8846153846153846,0.8846153846153846,33.54794235096779,86,0,86,0.0,33.51150504819816,0.9,20,0,0.0,
175,scale_n0175,q_01,suql_baseline,144,26,26,23,3,3,0.8846153846153846,0.8846153846153846,0.8846153846153846,33.43471318599768,86,0,86,0.0,33.39570680493489,0.9,20,0,0.0,
175,scale_n0175,q_01,suql_baseline,145,26,26,23,3,3,0.8846153846153846,0.8846153846153846,0.8846153846153846,33.58955927594798,86,0,86,0.0,33.553204591735266,0.9,20,0,0.0,
175,scale_n0175,q_01,suql_baseline,146,26,26,23,3,3,0.8846153846153846,0.8846153846153846,0.8846153846153846,33.5920876369928,86,0,86,0.0,33.55457123782253,0.9,20,0,0.0,
175,scale_n0175,q_01,suql_baseline,147,26,26,23,3,3,0.8846153846153846,0.8846153846153846,0.8846153846153846,33.51974577596411,86,0,86,0.0,33.476436703815125,0.9,20,0,0.0,
175,scale_n0175,q_01,suql_baseline,148,26,26,23,3,3,0.8846153846153846,0.8846153846153846,0.8846153846153846,33.34050357801607,86,0,86,0.0,33.304190017224755,0.9,20,0,0.0,
175,scale_n0175,q_01,suql_baseline,149,26,26,23,3,3,0.8846153846153846,0.8846153846153846,0.8846153846153846,33.414867125975434,86,0,86,0.0,33.376979274791665,0.9,20,0,0.0,
175,scale_n0175,q_01,suql_baseline,150,26,26,23,3,3,0.8846153846153846,0.8846153846153846,0.8846153846153846,33.58380674599903,86,0,86,0.0,33.54258261312498,0.9,20,0,0.0,
175,scale_n0175,q_01,trummer_v1,1,26,27,23,4,3,0.8518518518518519,0.8846153846153846,0.8679245283018868,24.308396112988703,24,14,10,12.814704750082456,11.45524454198312,0.9,20,20,0.5833333333333334,
175,scale_n0175,q_01,trummer_v1,2,26,29,25,4,1,0.8620689655172413,0.9615384615384616,0.9090909090909092,22.374121994012967,25,15,10,11.355028386926278,10.978130881907418,0.9,20,20,0.7692307692307693,
175,scale_n0175,q_01,trummer_v1,3,26,29,25,4,1,0.8620689655172413,0.9615384615384616,0.9090909090909092,22.327356175985187,25,15,10,11.278771862911526,11.00896094593918,0.9,20,20,0.7692307692307693,
175,scale_n0175,q_01,trummer_v1,4,26,29,25,4,1,0.8620689655172413,0.9615384615384616,0.9090909090909092,22.38911817298504,25,15,10,11.3890874061035,10.960690365056507,0.9,20,20,0.7692307692307693,
175,scale_n0175,q_01,trummer_v1,5,26,29,25,4,1,0.8620689655172413,0.9615384615384616,0.9090909090909092,22.33381262997864,25,15,10,11.338966890005397,10.95600862201536,0.9,20,20,0.7692307692307693,
175,scale_n0175,q_01,trummer_v1,6,26,29,25,4,1,0.8620689655172413,0.9615384615384616,0.9090909090909092,22.332909561984707,25,15,10,11.372308373218402,10.920415926084388,0.9,20,20,0.7692307692307693,
175,scale_n0175,q_01,trummer_v1,7,26,29,25,4,1,0.8620689655172413,0.9615384615384616,0.9090909090909092,22.320289750990923,25,15,10,11.302355187945068,10.979920449026396,0.9,20,20,0.7692307692307693,
175,scale_n0175,q_01,trummer_v1,8,26,29,25,4,1,0.8620689655172413,0.9615384615384616,0.9090909090909092,22.42321171303047,25,15,10,11.382399075082503,10.996343231003266,0.9,20,20,0.7692307692307693,
175,scale_n0175,q_01,trummer_v1,9,26,29,25,4,1,0.8620689655172413,0.9615384615384616,0.9090909090909092,22.38405520201195,25,15,10,11.332709211914334,11.01012371701654,0.9,20,20,0.7692307692307693,
175,scale_n0175,q_01,trummer_v1,10,26,29,25,4,1,0.8620689655172413,0.9615384615384616,0.9090909090909092,22.432845487026498,25,15,10,11.376391328230966,11.017715978086926,0.9,20,20,0.7692307692307693,
175,scale_n0175,q_01,trummer_v1,11,26,29,25,4,1,0.8620689655172413,0.9615384615384616,0.9090909090909092,22.426805571012665,25,15,10,11.397323611134198,10.989224665099757,0.9,20,20,0.7692307692307693,
175,scale_n0175,q_01,trummer_v1,12,26,29,25,4,1,0.8620689655172413,0.9615384615384616,0.9090909090909092,22.374326982011556,25,15,10,11.368145614862442,10.966744204051793,0.9,20,20,0.7692307692307693,
175,scale_n0175,q_01,trummer_v1,13,26,29,25,4,1,0.8620689655172413,0.9615384615384616,0.9090909090909092,22.338435421988837,25,15,10,11.347693193121811,10.95260726090055,0.9,20,20,0.7692307692307693,
175,scale_n0175,q_01,trummer_v1,14,26,29,25,4,1,0.8620689655172413,0.9615384615384616,0.9090909090909092,22.364498930983245,25,15,10,11.355531653913204,10.970111678005196,0.9,20,20,0.7692307692307693,
175,scale_n0175,q_01,trummer_v1,15,26,29,25,4,1,0.8620689655172413,0.9615384615384616,0.9090909090909092,22.36539053800516,25,15,10,11.33404104411602,10.990755722858012,0.9,20,20,0.7692307692307693,
175,scale_n0175,q_01,trummer_v1,16,26,29,25,4,1,0.8620689655172413,0.9615384615384616,0.9090909090909092,22.36687946895836,25,15,10,11.342469220981002,10.982776886958163,0.9,20,20,0.7692307692307693,
175,scale_n0175,q_01,trummer_v1,17,26,29,25,4,1,0.8620689655172413,0.9615384615384616,0.9090909090909092,22.3407081530313,25,15,10,11.302552451728843,10.997969038027804,0.9,20,20,0.7692307692307693,
175,scale_n0175,q_01,trummer_v1,18,26,29,25,4,1,0.8620689655172413,0.9615384615384616,0.9090909090909092,22.337673600006383,25,15,10,11.330285407078918,10.969697747030295,0.9,20,20,0.7692307692307693,
175,scale_n0175,q_01,trummer_v1,19,26,29,25,4,1,0.8620689655172413,0.9615384615384616,0.9090909090909092,22.331158699991647,25,15,10,11.338088247051928,10.95462779205991,0.9,20,20,0.7692307692307693,
175,scale_n0175,q_01,trummer_v1,20,26,29,25,4,1,0.8620689655172413,0.9615384615384616,0.9090909090909092,22.379632900992878,25,15,10,11.340935458196329,10.9997707940056,0.9,20,20,0.7692307692307693,
175,scale_n0175,q_01,trummer_v1,21,26,29,25,4,1,0.8620689655172413,0.9615384615384616,0.9090909090909092,22.41362638998544,25,15,10,11.363621969881931,11.010319559951313,0.9,20,20,0.7692307692307693,
175,scale_n0175,q_01,trummer_v1,22,26,29,25,4,1,0.8620689655172413,0.9615384615384616,0.9090909090909092,22.40789482195396,25,15,10,11.379149396088906,10.988872502057347,0.9,20,20,0.7692307692307693,
175,scale_n0175,q_01,trummer_v1,23,26,29,25,4,1,0.8620689655172413,0.9615384615384616,0.9090909090909092,22.447987666004337,25,15,10,11.403550621937027,11.002027955953965,0.9,20,20,0.7692307692307693,
175,scale_n0175,q_01,trummer_v1,24,26,29,25,4,1,0.8620689655172413,0.9615384615384616,0.9090909090909092,22.41991611197591,25,15,10,11.344625900965184,11.036276540078688,0.9,20,20,0.7692307692307693,
175,scale_n0175,q_01,trummer_v1,25,26,29,25,4,1,0.8620689655172413,0.9615384615384616,0.9090909090909092,22.466021434986036,25,15,10,11.425379950087516,10.995899380010089,0.9,20,20,0.7692307692307693,
175,scale_n0175,q_01,trummer_v1,26,26,29,25,4,1,0.8620689655172413,0.9615384615384616,0.9090909090909092,22.42585570499068,25,15,10,11.381886744115036,11.002634394040795,0.9,20,20,0.7692307692307693,
175,scale_n0175,q_01,trummer_v1,27,26,29,25,4,1,0.8620689655172413,0.9615384615384616,0.9090909090909092,22.3931994450395,25,15,10,11.384406977216711,10.970083985943347,0.9,20,20,0.7692307692307693,
175,scale_n0175,q_01,trummer_v1,28,26,29,25,4,1,0.8620689655172413,0.9615384615384616,0.9090909090909092,22.412107012991328,25,15,10,11.360319495026488,11.013268353941385,0.9,20,20,0.7692307692307693,
175,scale_n0175,q_01,trummer_v1,29,26,29,25,4,1,0.8620689655172413,0.9615384615384616,0.9090909090909092,22.40714434703113,25,15,10,11.382509088900406,10.98315392312361,0.9,20,20,0.7692307692307693,
175,scale_n0175,q_01,trummer_v1,30,26,29,25,4,1,0.8620689655172413,0.9615384615384616,0.9090909090909092,22.426002642023377,25,15,10,11.391397845058236,10.991174439084716,0.9,20,20,0.7692307692307693,
175,scale_n0175,q_01,trummer_v1,31,26,29,25,4,1,0.8620689655172413,0.9615384615384616,0.9090909090909092,22.433050362975337,25,15,10,11.40045775019098,10.988930857973171,0.9,20,20,0.7692307692307693,
175,scale_n0175,q_01,trummer_v1,32,26,29,25,4,1,0.8620689655172413,0.9615384615384616,0.9090909090909092,22.46683442499489,25,15,10,11.426564610970672,11.000758151116315,0.9,20,20,0.7692307692307693,
175,scale_n0175,q_01,trummer_v1,33,26,29,25,4,1,0.8620689655172413,0.9615384615384616,0.9090909090909092,22.438378818973437,25,15,10,11.39177073200699,11.00725929311011,0.9,20,20,0.7692307692307693,
175,scale_n0175,q_01,trummer_v1,34,26,29,25,4,1,0.8620689655172413,0.9615384615384616,0.9090909090909092,22.41444075095933,25,15,10,11.377730883075856,10.994643037964124,0.9,20,20,0.7692307692307693,
175,scale_n0175,q_01,trummer_v1,35,26,29,25,4,1,0.8620689655172413,0.9615384615384616,0.9090909090909092,22.355596517038062,25,15,10,11.320791281934362,10.99583936581621,0.9,20,20,0.7692307692307693,
175,scale_n0175,q_01,trummer_v1,36,26,29,25,4,1,0.8620689655172413,0.9615384615384616,0.9090909090909092,22.32456775201717,25,15,10,11.352791921875903,10.93147810496157,0.9,20,20,0.7692307692307693,
175,scale_n0175,q_01,trummer_v1,37,26,29,25,4,1,0.8620689655172413,0.9615384615384616,0.9090909090909092,22.28537088999292,25,15,10,11.320708221988752,10.922782515990548,0.9,20,20,0.7692307692307693,
175,scale_n0175,q_01,trummer_v1,38,26,29,25,4,1,0.8620689655172413,0.9615384615384616,0.9090909090909092,22.329846609034576,25,15,10,11.330866137053818,10.958864834916312,0.9,20,20,0.7692307692307693,
175,scale_n0175,q_01,trummer_v1,39,26,29,25,4,1,0.8620689655172413,0.9615384615384616,0.9090909090909092,22.364239089016337,25,15,10,11.359217785007786,10.967241988983004,0.9,20,20,0.7692307692307693,
175,scale_n0175,q_01,trummer_v1,40,26,29,25,4,1,0.8620689655172413,0.9615384615384616,0.9090909090909092,22.297663939010818,25,15,10,11.318869189941324,10.938903520000167,0.9,20,20,0.7692307692307693,
175,scale_n0175,q_01,trummer_v1,41,26,29,25,4,1,0.8620689655172413,0.9615384615384616,0.9090909090909092,22.356883908971213,25,15,10,11.362908314040396,10.954151253972668,0.9,20,20,0.7692307692307693,
175,scale_n0175,q_01,trummer_v1,42,26,29,25,4,1,0.8620689655172413,0.9615384615384616,0.9090909090909092,22.323616345995102,25,15,10,11.315047900017817,10.969950824044645,0.9,20,20,0.7692307692307693,
175,scale_n0175,q_01,trummer_v1,43,26,29,25,4,1,0.8620689655172413,0.9615384615384616,0.9090909090909092,22.32556366996141,25,15,10,11.313038032036276,10.970364237902686,0.9,20,20,0.7692307692307693,
175,scale_n0175,q_01,trummer_v1,44,26,29,25,4,1,0.8620689655172413,0.9615384615384616,0.9090909090909092,22.3579838249716,25,15,10,11.330539470072836,10.990491378994191,0.9,20,20,0.7692307692307693,
175,scale_n0175,q_01,trummer_v1,45,26,29,25,4,1,0.8620689655172413,0.9615384615384616,0.9090909090909092,22.349801741016563,25,15,10,11.32443987618899,10.9844969259575,0.9,20,20,0.7692307692307693,
175,scale_n0175,q_01,trummer_v1,46,26,29,25,4,1,0.8620689655172413,0.9615384615384616,0.9090909090909092,22.39673901698552,25,15,10,11.37173435796285,10.985887238988653,0.9,20,20,0.7692307692307693,
175,scale_n0175,q_01,trummer_v1,47,26,29,25,4,1,0.8620689655172413,0.9615384615384616,0.9090909090909092,22.371088075975425,25,15,10,11.355400919099338,10.973288942070212,0.9,20,20,0.7692307692307693,
175,scale_n0175,q_01,trummer_v1,48,26,29,25,4,1,0.8620689655172413,0.9615384615384616,0.9090909090909092,22.39445705496473,25,15,10,11.3729613868054,10.981275972095318,0.9,20,20,0.7692307692307693,
175,scale_n0175,q_01,trummer_v1,49,26,29,25,4,1,0.8620689655172413,0.9615384615384616,0.9090909090909092,22.38505261699902,25,15,10,11.330276876979042,11.011549225018824,0.9,20,20,0.7692307692307693,
175,scale_n0175,q_01,trummer_v1,50,26,29,25,4,1,0.8620689655172413,0.9615384615384616,0.9090909090909092,22.415510778024327,25,15,10,11.38447036105208,10.986778989084996,0.9,20,20,0.7692307692307693,
175,scale_n0175,q_01,trummer_v1,51,26,29,25,4,1,0.8620689655172413,0.9615384615384616,0.9090909090909092,22.436554301995784,25,15,10,11.401005860010628,10.993347066978458,0.9,20,20,0.7692307692307693,
175,scale_n0175,q_01,trummer_v1,52,26,29,25,4,1,0.8620689655172413,0.9615384615384616,0.9090909090909092,22.417169863998424,25,15,10,11.37271068705013,11.000516599102411,0.9,20,20,0.7692307692307693,
175,scale_n0175,q_01,trummer_v1,53,26,29,25,4,1,0.8620689655172413,0.9615384615384616,0.9090909090909092,22.42981798399705,25,15,10,11.381851212005133,11.00887531490298,0.9,20,20,0.7692307692307693,
175,scale_n0175,q_01,trummer_v1,54,26,29,25,4,1,0.8620689655172413,0.9615384615384616,0.9090909090909092,22.44439884397434,25,15,10,11.402564500109293,11.002352353127208,0.9,20,20,0.7692307692307693,
175,scale_n0175,q_01,trummer_v1,55,26,29,25,4,1,0.8620689655172413,0.9615384615384616,0.9090909090909092,22.41534657299053,25,15,10,11.381344618042933,10.994882448925637,0.9,20,20,0.7692307692307693,
175,scale_n0175,q_01,trummer_v1,56,26,29,25,4,1,0.8620689655172413,0.9615384615384616,0.9090909090909092,22.472183701000176,25,15,10,11.40279007301433,11.0319330469938,0.9,20,20,0.7692307692307693,
175,scale_n0175,q_01,trummer_v1,57,26,29,25,4,1,0.8620689655172413,0.9615384615384616,0.9090909090909092,22.452091883984394,25,15,10,11.398923938861117,11.01206077792449,0.9,20,20,0.7692307692307693,
175,scale_n0175,q_01,trummer_v1,58,26,29,25,4,1,0.8620689655172413,0.9615384615384616,0.9090909090909092,22.47592686698772,25,15,10,11.4151766950381,11.01595992106013,0.9,20,20,0.7692307692307693,
175,scale_n0175,q_01,trummer_v1,59,26,29,25,4,1,0.8620689655172413,0.9615384615384616,0.9090909090909092,22.41499036201276,25,15,10,11.388004055945204,10.986852709960658,0.9,20,20,0.7692307692307693,
175,scale_n0175,q_01,trummer_v1,60,26,29,25,4,1,0.8620689655172413,0.9615384615384616,0.9090909090909092,22.4271672309842,25,15,10,11.393376272928435,10.992925045022275,0.9,20,20,0.7692307692307693,
175,scale_n0175,q_01,trummer_v1,61,26,29,25,4,1,0.8620689655172413,0.9615384615384616,0.9090909090909092,22.41237217397429,25,15,10,11.379685765015893,10.993488534004427,0.9,20,20,0.7692307692307693,
175,scale_n0175,q_01,trummer_v1,62,26,29,25,4,1,0.8620689655172413,0.9615384615384616,0.9090909090909092,22.408786569023505,25,15,10,11.39077046175953,10.97976310487138,0.9,20,20,0.7692307692307693,
175,scale_n0175,q_01,trummer_v1,63,26,29,25,4,1,0.8620689655172413,0.9615384615384616,0.9090909090909092,22.43465918302536,25,15,10,11.4101567370235,10.98346399201546,0.9,20,20,0.7692307692307693,
175,scale_n0175,q_01,trummer_v1,64,26,29,25,4,1,0.8620689655172413,0.9615384615384616,0.9090909090909092,22.434588663978506,25,15,10,11.385658118932042,11.011010106885806,0.9,20,20,0.7692307692307693,
175,scale_n0175,q_01,trummer_v1,65,26,29,25,4,1,0.8620689655172413,0.9615384615384616,0.9090909090909092,22.441984342003707,25,15,10,11.397398651228286,11.00319345801836,0.9,20,20,0.7692307692307693,
175,scale_n0175,q_01,trummer_v1,66,26,29,25,4,1,0.8620689655172413,0.9615384615384616,0.9090909090909092,22.35332837299211,25,15,10,11.34514508699067,10.971999475033954,0.9,20,20,0.7692307692307693,
175,scale_n0175,q_01,trummer_v1,67,26,29,25,4,1,0.8620689655172413,0.9615384615384616,0.9090909090909092,22.40820075501688,25,15,10,11.36054133309517,11.007069521874657,0.9,20,20,0.7692307692307693,
175,scale_n0175,q_01,trummer_v1,68,26,29,25,4,1,0.8620689655172413,0.9615384615384616,0.9090909090909092,22.442529589985497,25,15,10,11.394567921874112,11.007374394102952,0.9,20,20,0.7692307692307693,
175,scale_n0175,q_01,trummer_v1,69,26,29,25,4,1,0.8620689655172413,0.9615384615384616,0.9090909090909092,22.422582778031934,25,15,10,11.38476309296675,10.99370290589286,0.9,20,20,0.7692307692307693,
175,scale_n0175,q_01,trummer_v1,70,26,29,25,4,1,0.8620689655172413,0.9615384615384616,0.9090909090909092,22.397371557948645,25,15,10,11.401150394114666,10.960785645933356,0.9,20,20,0.7692307692307693,
175,scale_n0175,q_01,trummer_v1,71,26,29,25,4,1,0.8620689655172413,0.9615384615384616,0.9090909090909092,22.406356563966256,25,15,10,11.401994776097126,10.965505698055496,0.9,20,20,0.7692307692307693,
175,scale_n0175,q_01,trummer_v1,72,26,29,25,4,1,0.8620689655172413,0.9615384615384616,0.9090909090909092,22.478375258971937,25,15,10,11.409624219930263,11.02819946402451,0.9,20,20,0.7692307692307693,
175,scale_n0175,q_01,trummer_v1,73,26,29,25,4,1,0.8620689655172413,0.9615384615384616,0.9090909090909092,22.418792577052955,25,15,10,11.387679672101513,10.99413599795662,0.9,20,20,0.7692307692307693,
175,scale_n0175,q_01,trummer_v1,74,26,29,25,4,1,0.8620689655172413,0.9615384615384616,0.9090909090909092,22.4228868210339,25,15,10,11.403891319059769,10.980540338961871,0.9,20,20,0.7692307692307693,
175,scale_n0175,q_01,trummer_v1,75,26,29,25,4,1,0.8620689655172413,0.9615384615384616,0.9090909090909092,22.360717116040178,25,15,10,11.349447532673366,10.973490794887766,0.9,20,20,0.7692307692307693,
175,scale_n0175,q_01,trummer_v1,76,26,29,25,4,1,0.8620689655172413,0.9615384615384616,0.9090909090909092,22.36164492199896,25,15,10,11.351632440986576,10.965820976009129,0.9,20,20,0.7692307692307693,
175,scale_n0175,q_01,trummer_v1,77,26,29,25,4,1,0.8620689655172413,0.9615384615384616,0.9090909090909092,22.31336781999562,25,15,10,11.309945156914182,10.965088492957875,0.9,20,20,0.7692307692307693,
175,scale_n0175,q_01,trummer_v1,78,26,29,25,4,1,0.8620689655172413,0.9615384615384616,0.9090909090909092,22.392070711997803,25,15,10,11.3543093460612,10.997542919882108,0.9,20,20,0.7692307692307693,
175,scale_n0175,q_01,trummer_v1,79,26,29,25,4,1,0.8620689655172413,0.9615384615384616,0.9090909090909092,22.43771345802816,25,15,10,11.393915634893348,11.002591807977296,0.9,20,20,0.7692307692307693,
175,scale_n0175,q_01,trummer_v1,80,26,29,25,4,1,0.8620689655172413,0.9615384615384616,0.9090909090909092,22.414434071979485,25,15,10,11.35726108099334,11.01774563890649,0.9,20,20,0.7692307692307693,
175,scale_n0175,q_01,trummer_v1,81,26,29,25,4,1,0.8620689655172413,0.9615384615384616,0.9090909090909092,22.34695859096246,25,15,10,11.360417537973262,10.948096590000205,0.9,20,20,0.7692307692307693,
175,scale_n0175,q_01,trummer_v1,82,26,29,25,4,1,0.8620689655172413,0.9615384615384616,0.9090909090909092,22.340288273000624,25,15,10,11.341572862875182,10.96147876395844,0.9,20,20,0.7692307692307693,
175,scale_n0175,q_01,trummer_v1,83,26,29,25,4,1,0.8620689655172413,0.9615384615384616,0.9090909090909092,22.411168473016005,25,15,10,11.364634195168035,11.007100955117494,0.9,20,20,0.7692307692307693,
175,scale_n0175,q_01,trummer_v1,84,26,29,25,4,1,0.8620689655172413,0.9615384615384616,0.9090909090909092,22.41214047803078,25,15,10,11.39415386103792,10.977906821994113,0.9,20,20,0.7692307692307693,
175,scale_n0175,q_01,trummer_v1,85,26,29,25,4,1,0.8620689655172413,0.9615384615384616,0.9090909090909092,22.407011205039453,25,15,10,11.35314982169075,11.009362099925056,0.9,20,20,0.7692307692307693,
175,scale_n0175,q_01,trummer_v1,86,26,29,25,4,1,0.8620689655172413,0.9615384615384616,0.9090909090909092,22.43134791299235,25,15,10,11.367752631020268,11.020012533874253,0.9,20,20,0.7692307692307693,
175,scale_n0175,q_01,trummer_v1,87,26,29,25,4,1,0.8620689655172413,0.9615384615384616,0.9090909090909092,22.43236119899666,25,15,10,11.397817671007942,10.995849708968308,0.9,20,20,0.7692307692307693,
175,scale_n0175,q_01,trummer_v1,88,26,29,25,4,1,0.8620689655172413,0.9615384615384616,0.9090909090909092,22.386178220040165,25,15,10,11.367401444993448,10.978197829041164,0.9,20,20,0.7692307692307693,
175,scale_n0175,q_01,trummer_v1,89,26,29,25,4,1,0.8620689655172413,0.9615384615384616,0.9090909090909092,22.437527232978027,25,15,10,11.393617966969032,11.004547811928203,0.9,20,20,0.7692307692307693,
175,scale_n0175,q_01,trummer_v1,90,26,29,25,4,1,0.8620689655172413,0.9615384615384616,0.9090909090909092,22.3938949679723,25,15,10,11.374437714926898,10.97688270098297,0.9,20,20,0.7692307692307693,
175,scale_n0175,q_01,trummer_v1,91,26,29,25,4,1,0.8620689655172413,0.9615384615384616,0.9090909090909092,22.40473352902336,25,15,10,11.376425085938536,10.987245447002351,0.9,20,20,0.7692307692307693,
175,scale_n0175,q_01,trummer_v1,92,26,29,25,4,1,0.8620689655172413,0.9615384615384616,0.9090909090909092,22.39498417195864,25,15,10,11.368955265090335,10.986177557089832,0.9,20,20,0.7692307692307693,
175,scale_n0175,q_01,trummer_v1,93,26,29,25,4,1,0.8620689655172413,0.9615384615384616,0.9090909090909092,22.43002232495928,25,15,10,11.392796110012569,10.99292497895658,0.9,20,20,0.7692307692307693,
175,scale_n0175,q_01,trummer_v1,94,26,29,25,4,1,0.8620689655172413,0.9615384615384616,0.9090909090909092,22.482809373002965,25,15,10,11.417531816055998,11.027530339022633,0.9,20,20,0.7692307692307693,
175,scale_n0175,q_01,trummer_v1,95,26,29,25,4,1,0.8620689655172413,0.9615384615384616,0.9090909090909092,22.391201473015823,25,15,10,11.368723375897387,10.982070584141184,0.9,20,20,0.7692307692307693,
175,scale_n0175,q_01,trummer_v1,96,26,29,25,4,1,0.8620689655172413,0.9615384615384616,0.9090909090909092,22.387310357997197,25,15,10,11.350865249871276,10.998466024000663,0.9,20,20,0.7692307692307693,
175,scale_n0175,q_01,trummer_v1,97,26,29,25,4,1,0.8620689655172413,0.9615384615384616,0.9090909090909092,22.394278416992165,25,15,10,11.387187660031486,10.96576569089666,0.9,20,20,0.7692307692307693,
175,scale_n0175,q_01,trummer_v1,98,26,29,25,4,1,0.8620689655172413,0.9615384615384616,0.9090909090909092,22.42479536600877,25,15,10,11.389243690122385,10.995002194016706,0.9,20,20,0.7692307692307693,
175,scale_n0175,q_01,trummer_v1,99,26,29,25,4,1,0.8620689655172413,0.9615384615384616,0.9090909090909092,22.391069345991127,25,15,10,11.370310786063785,10.979109478008468,0.9,20,20,0.7692307692307693,
175,scale_n0175,q_01,trummer_v1,100,26,29,25,4,1,0.8620689655172413,0.9615384615384616,0.9090909090909092,22.432019430969376,25,15,10,11.382323154015468,11.010045214963611,0.9,20,20,0.7692307692307693,
175,scale_n0175,q_01,trummer_v1,101,26,29,25,4,1,0.8620689655172413,0.9615384615384616,0.9090909090909092,22.38127818796784,25,15,10,11.344336676993407,10.99855187709909,0.9,20,20,0.7692307692307693,
175,scale_n0175,q_01,trummer_v1,102,26,29,25,4,1,0.8620689655172413,0.9615384615384616,0.9090909090909092,22.35941146098776,25,15,10,11.343644383945502,10.976654540980237,0.9,20,20,0.7692307692307693,
175,scale_n0175,q_01,trummer_v1,103,26,29,25,4,1,0.8620689655172413,0.9615384615384616,0.9090909090909092,22.394571284996346,25,15,10,11.351686484063976,11.003273072012234,0.9,20,20,0.7692307692307693,
175,scale_n0175,q_01,trummer_v1,104,26,29,25,4,1,0.8620689655172413,0.9615384615384616,0.9090909090909092,22.435141236986965,25,15,10,11.3748033248703,11.02256731095258,0.9,20,20,0.7692307692307693,
175,scale_n0175,q_01,trummer_v1,105,26,29,25,4,1,0.8620689655172413,0.9615384615384616,0.9090909090909092,22.465507543995045,25,15,10,11.421422639046796,11.002990725042764,0.9,20,20,0.7692307692307693,
175,scale_n0175,q_01,trummer_v1,106,26,29,25,4,1,0.8620689655172413,0.9615384615384616,0.9090909090909092,22.357604984019417,25,15,10,11.338382441725116,10.977066401857885,0.9,20,20,0.7692307692307693,
175,scale_n0175,q_01,trummer_v1,107,26,29,25,4,1,0.8620689655172413,0.9615384615384616,0.9090909090909092,22.425408491049893,25,15,10,11.377461287076583,11.005403081071565,0.9,20,20,0.7692307692307693,
175,scale_n0175,q_01,trummer_v1,108,26,29,25,4,1,0.8620689655172413,0.9615384615384616,0.9090909090909092,22.405354239046574,25,15,10,11.36721494194353,10.997944601054767,0.9,20,20,0.7692307692307693,
175,scale_n0175,q_01,trummer_v1,109,26,29,25,4,1,0.8620689655172413,0.9615384615384616,0.9090909090909092,22.348291529982816,25,15,10,11.36017647589324,10.951337734004484,0.9,20,20,0.7692307692307693,
175,scale_n0175,q_01,trummer_v1,110,26,29,25,4,1,0.8620689655172413,0.9615384615384616,0.9090909090909092,22.41920071298955,25,15,10,11.381509033963084,10.996448150952348,0.9,20,20,0.7692307692307693,
175,scale_n0175,q_01,trummer_v1,111,26,29,25,4,1,0.8620689655172413,0.9615384615384616,0.9090909090909092,22.46515342098428,25,15,10,11.381637421960477,11.039249538967852,0.9,20,20,0.7692307692307693,
175,scale_n0175,q_01,trummer_v1,112,26,29,25,4,1,0.8620689655172413,0.9615384615384616,0.9090909090909092,22.416557806020137,25,15,10,11.372348839940967,11.005036016984375,0.9,20,20,0.7692307692307693,
175,scale_n0175,q_01,trummer_v1,113,26,29,25,4,1,0.8620689655172413,0.9615384615384616,0.9090909090909092,22.377851047029253,25,15,10,11.341957218945026,10.994583252002483,0.9,20,20,0.7692307692307693,
175,scale_n0175,q_01,trummer_v1,114,26,29,25,4,1,0.8620689655172413,0.9615384615384616,0.9090909090909092,22.39274288498564,25,15,10,11.373576303885784,10.977560353057925,0.9,20,20,0.7692307692307693,
175,scale_n0175,q_01,trummer_v1,115,26,29,25,4,1,0.8620689655172413,0.9615384615384616,0.9090909090909092,22.360630256007425,25,15,10,11.348187152005266,10.975632752059028,0.9,20,20,0.7692307692307693,
175,scale_n0175,q_01,trummer_v1,116,26,29,25,4,1,0.8620689655172413,0.9615384615384616,0.9090909090909092,22.43147551704897,25,15,10,11.386346353101544,11.008646394184323,0.9,20,20,0.7692307692307693,
175,scale_n0175,q_01,trummer_v1,117,26,29,25,4,1,0.8620689655172413,0.9615384615384616,0.9090909090909092,22.40373979799915,25,15,10,11.367141342838297,10.997967491915915,0.9,20,20,0.7692307692307693,
175,scale_n0175,q_01,trummer_v1,118,26,29,25,4,1,0.8620689655172413,0.9615384615384616,0.9090909090909092,22.442091692006212,25,15,10,11.381008148891851,11.02257645817008,0.9,20,20,0.7692307692307693,
175,scale_n0175,q_01,trummer_v1,119,26,29,25,4,1,0.8620689655172413,0.9615384615384616,0.9090909090909092,22.400934066041373,25,15,10,11.406144141685218,10.956212622055318,0.9,20,20,0.7692307692307693,
175,scale_n0175,q_01,trummer_v1,120,26,29,25,4,1,0.8620689655172413,0.9615384615384616,0.9090909090909092,22.369372517976444,25,15,10,11.3396568170283,10.98831676505506,0.9,20,20,0.7692307692307693,
175,scale_n0175,q_01,trummer_v1,121,26,29,25,4,1,0.8620689655172413,0.9615384615384616,0.9090909090909092,22.344930270977784,25,15,10,11.295970475999638,11.006847950979136,0.9,20,20,0.7692307692307693,
175,scale_n0175,q_01,trummer_v1,122,26,29,25,4,1,0.8620689655172413,0.9615384615384616,0.9090909090909092,22.316346487030387,25,15,10,11.284748001082336,10.989803035918158,0.9,20,20,0.7692307692307693,
175,scale_n0175,q_01,trummer_v1,123,26,29,25,4,1,0.8620689655172413,0.9615384615384616,0.9090909090909092,22.424251114949584,25,15,10,11.388009694230275,10.99460508604534,0.9,20,20,0.7692307692307693,
175,scale_n0175,q_01,trummer_v1,124,26,29,25,4,1,0.8620689655172413,0.9615384615384616,0.9090909090909092,22.409796124964487,25,15,10,11.379832452978007,10.991985702014064,0.9,20,20,0.7692307692307693,
175,scale_n0175,q_01,trummer_v1,125,26,29,25,4,1,0.8620689655172413,0.9615384615384616,0.9090909090909092,22.45771235402208,25,15,10,11.399055304122156,11.016044945106842,0.9,20,20,0.7692307692307693,
175,scale_n0175,q_01,trummer_v1,126,26,29,25,4,1,0.8620689655172413,0.9615384615384616,0.9090909090909092,22.39260868198471,25,15,10,11.37620539800264,10.977797489031218,0.9,20,20,0.7692307692307693,
175,scale_n0175,q_01,trummer_v1,127,26,29,25,4,1,0.8620689655172413,0.9615384615384616,0.9090909090909092,22.40913384000305,25,15,10,11.36648392304778,11.000251302903052,0.9,20,20,0.7692307692307693,
175,scale_n0175,q_01,trummer_v1,128,26,29,25,4,1,0.8620689655172413,0.9615384615384616,0.9090909090909092,22.32913693599403,25,15,10,11.35075913008768,10.937803536013234,0.9,20,20,0.7692307692307693,
175,scale_n0175,q_01,trummer_v1,129,26,29,25,4,1,0.8620689655172413,0.9615384615384616,0.9090909090909092,22.404828885977626,25,15,10,11.364173651090823,11.001009546103887,0.9,20,20,0.7692307692307693,
175,scale_n0175,q_01,trummer_v1,130,26,29,25,4,1,0.8620689655172413,0.9615384615384616,0.9090909090909092,22.440897114982363,25,15,10,11.390434270957485,11.01129789603874,0.9,20,20,0.7692307692307693,
175,scale_n0175,q_01,trummer_v1,131,26,29,25,4,1,0.8620689655172413,0.9615384615384616,0.9090909090909092,22.39769614301622,25,15,10,11.370692839031108,10.985203474003356,0.9,20,20,0.7692307692307693,
175,scale_n0175,q_01,trummer_v1,132,26,29,25,4,1,0.8620689655172413,0.9615384615384616,0.9090909090909092,22.39175696502207,25,15,10,11.371481093054172,10.983617093006616,0.9,20,20,0.7692307692307693,
175,scale_n0175,q_01,trummer_v1,133,26,29,25,4,1,0.8620689655172413,0.9615384615384616,0.9090909090909092,22.41932479001116,25,15,10,11.392063374980353,10.988214543031065,0.9,20,20,0.7692307692307693,
175,scale_n0175,q_01,trummer_v1,134,26,29,25,4,1,0.8620689655172413,0.9615384615384616,0.9090909090909092,22.452731660043355,25,15,10,11.39943322603358,11.01330187707208,0.9,20,20,0.7692307692307693,
175,scale_n0175,q_01,trummer_v1,135,26,29,25,4,1,0.8620689655172413,0.9615384615384616,0.9090909090909092,22.410868417005982,25,15,10,11.370358080952428,10.998941943922546,0.9,20,20,0.7692307692307693,
175,scale_n0175,q_01,trummer_v1,136,26,29,25,4,1,0.8620689655172413,0.9615384615384616,0.9090909090909092,22.37015069299377,25,15,10,11.342467530048452,10.985764135082718,0.9,20,20,0.7692307692307693,
175,scale_n0175,q_01,trummer_v1,137,26,29,25,4,1,0.8620689655172413,0.9615384615384616,0.9090909090909092,22.384039974946063,25,15,10,11.380486889916938,10.963467688008675,0.9,20,20,0.7692307692307693,
175,scale_n0175,q_01,trummer_v1,138,26,29,25,4,1,0.8620689655172413,0.9615384615384616,0.9090909090909092,22.40307944599772,25,15,10,11.373360672965646,10.989939933933783,0.9,20,20,0.7692307692307693,
175,scale_n0175,q_01,trummer_v1,139,26,29,25,4,1,0.8620689655172413,0.9615384615384616,0.9090909090909092,22.34702191501856,25,15,10,11.371201058849692,10.937210776959546,0.9,20,20,0.7692307692307693,
175,scale_n0175,q_01,trummer_v1,140,26,29,25,4,1,0.8620689655172413,0.9615384615384616,0.9090909090909092,22.401821337,25,15,10,11.38306800700957,10.981148688995743,0.9,20,20,0.7692307692307693,
175,scale_n0175,q_01,trummer_v1,141,26,29,25,4,1,0.8620689655172413,0.9615384615384616,0.9090909090909092,22.43010658997809,25,15,10,11.38767684501363,10.998222976981197,0.9,20,20,0.7692307692307693,
175,scale_n0175,q_01,trummer_v1,142,26,29,25,4,1,0.8620689655172413,0.9615384615384616,0.9090909090909092,22.38389527401887,25,15,10,11.36216763104312,10.983153989946004,0.9,20,20,0.7692307692307693,
175,scale_n0175,q_01,trummer_v1,143,26,29,25,4,1,0.8620689655172413,0.9615384615384616,0.9090909090909092,22.33741854102118,25,15,10,11.336444601009134,10.9615887979744,0.9,20,20,0.7692307692307693,
175,scale_n0175,q_01,trummer_v1,144,26,29,25,4,1,0.8620689655172413,0.9615384615384616,0.9090909090909092,22.421660785970744,25,15,10,11.377210181963164,10.99693611706607,0.9,20,20,0.7692307692307693,
175,scale_n0175,q_01,trummer_v1,145,26,29,25,4,1,0.8620689655172413,0.9615384615384616,0.9090909090909092,22.354501726978924,25,15,10,11.316657219140325,11.000063322018832,0.9,20,20,0.7692307692307693,
175,scale_n0175,q_01,trummer_v1,146,26,29,25,4,1,0.8620689655172413,0.9615384615384616,0.9090909090909092,22.417750247986987,25,15,10,11.3643263829872,11.015232899051624,0.9,20,20,0.7692307692307693,
175,scale_n0175,q_01,trummer_v1,147,26,29,25,4,1,0.8620689655172413,0.9615384615384616,0.9090909090909092,22.37288072099909,25,15,10,11.360556447005363,10.97374713193858,0.9,20,20,0.7692307692307693,
175,scale_n0175,q_01,trummer_v1,148,26,29,25,4,1,0.8620689655172413,0.9615384615384616,0.9090909090909092,22.46436434501084,25,15,10,11.39616079593543,11.024854567018338,0.9,20,20,0.7692307692307693,
175,scale_n0175,q_01,trummer_v1,149,26,29,25,4,1,0.8620689655172413,0.9615384615384616,0.9090909090909092,22.413935114978813,25,15,10,11.372464639891405,10.999324525066186,0.9,20,20,0.7692307692307693,
175,scale_n0175,q_01,trummer_v1,150,26,29,25,4,1,0.8620689655172413,0.9615384615384616,0.9090909090909092,22.4085719010327,25,15,10,11.39557185297599,10.975400476076176,0.9,20,20,0.7692307692307693,
200,scale_n0200,q_01,suql_baseline,1,30,34,28,6,2,0.8235294117647058,0.9333333333333332,0.8749999999999999,38.8778401070158,100,0,100,0.0,38.83339205017546,0.9,20,0,0.0,
200,scale_n0200,q_01,suql_baseline,2,30,34,28,6,2,0.8235294117647058,0.9333333333333332,0.8749999999999999,38.80541822098894,100,0,100,0.0,38.76112621405628,0.9,20,0,0.0,
200,scale_n0200,q_01,suql_baseline,3,30,34,28,6,2,0.8235294117647058,0.9333333333333332,0.8749999999999999,38.97382956201909,100,0,100,0.0,38.93155682034558,0.9,20,0,0.0,
200,scale_n0200,q_01,suql_baseline,4,30,34,28,6,2,0.8235294117647058,0.9333333333333332,0.8749999999999999,39.00704349199077,100,0,100,0.0,38.96093325188849,0.9,20,0,0.0,
200,scale_n0200,q_01,suql_baseline,5,30,34,28,6,2,0.8235294117647058,0.9333333333333332,0.8749999999999999,39.11110661702696,100,0,100,0.0,39.06847308081342,0.9,20,0,0.0,
200,scale_n0200,q_01,suql_baseline,6,30,34,28,6,2,0.8235294117647058,0.9333333333333332,0.8749999999999999,39.00469532003626,100,0,100,0.0,38.96047552145319,0.9,20,0,0.0,
200,scale_n0200,q_01,suql_baseline,7,30,34,28,6,2,0.8235294117647058,0.9333333333333332,0.8749999999999999,38.97331631701672,100,0,100,0.0,38.92869723215699,0.9,20,0,0.0,
200,scale_n0200,q_01,suql_baseline,8,30,34,28,6,2,0.8235294117647058,0.9333333333333332,0.8749999999999999,39.36189310101327,100,0,100,0.0,39.31387774873292,0.9,20,0,0.0,
200,scale_n0200,q_01,suql_baseline,9,30,34,28,6,2,0.8235294117647058,0.9333333333333332,0.8749999999999999,39.248402474971954,100,0,100,0.0,39.202596556046046,0.9,20,0,0.0,
200,scale_n0200,q_01,suql_baseline,10,30,34,28,6,2,0.8235294117647058,0.9333333333333332,0.8749999999999999,39.50288720801473,100,0,100,0.0,39.455423866340425,0.9,20,0,0.0,
200,scale_n0200,q_01,suql_baseline,11,30,34,28,6,2,0.8235294117647058,0.9333333333333332,0.8749999999999999,39.62460507400101,100,0,100,0.0,39.57958580297418,0.9,20,0,0.0,
200,scale_n0200,q_01,suql_baseline,12,30,34,28,6,2,0.8235294117647058,0.9333333333333332,0.8749999999999999,39.40040248900186,100,0,100,0.0,39.35728103527799,0.9,20,0,0.0,
200,scale_n0200,q_01,suql_baseline,13,30,34,28,6,2,0.8235294117647058,0.9333333333333332,0.8749999999999999,39.47024504595902,100,0,100,0.0,39.42157925502397,0.9,20,0,0.0,
200,scale_n0200,q_01,suql_baseline,14,30,34,28,6,2,0.8235294117647058,0.9333333333333332,0.8749999999999999,39.45797390997177,100,0,100,0.0,39.40790464211023,0.9,20,0,0.0,
200,scale_n0200,q_01,suql_baseline,15,30,34,28,6,2,0.8235294117647058,0.9333333333333332,0.8749999999999999,39.43682489194907,100,0,100,0.0,39.39133784902515,0.9,20,0,0.0,
200,scale_n0200,q_01,suql_baseline,16,30,34,28,6,2,0.8235294117647058,0.9333333333333332,0.8749999999999999,39.43364303698763,100,0,100,0.0,39.390791051788256,0.9,20,0,0.0,
200,scale_n0200,q_01,suql_baseline,17,30,34,28,6,2,0.8235294117647058,0.9333333333333332,0.8749999999999999,39.33116250898456,100,0,100,0.0,39.28606955916621,0.9,20,0,0.0,
200,scale_n0200,q_01,suql_baseline,18,30,34,28,6,2,0.8235294117647058,0.9333333333333332,0.8749999999999999,39.265241171990056,100,0,100,0.0,39.219417404034175,0.9,20,0,0.0,
200,scale_n0200,q_01,suql_baseline,19,30,34,28,6,2,0.8235294117647058,0.9333333333333332,0.8749999999999999,39.355717488972005,100,0,100,0.0,39.30927066330332,0.9,20,0,0.0,
200,scale_n0200,q_01,suql_baseline,20,30,34,28,6,2,0.8235294117647058,0.9333333333333332,0.8749999999999999,39.38262660097098,100,0,100,0.0,39.33563266089186,0.9,20,0,0.0,
200,scale_n0200,q_01,suql_baseline,21,30,34,28,6,2,0.8235294117647058,0.9333333333333332,0.8749999999999999,39.25368580396753,100,0,100,0.0,39.20510961086256,0.9,20,0,0.0,
200,scale_n0200,q_01,suql_baseline,22,30,34,28,6,2,0.8235294117647058,0.9333333333333332,0.8749999999999999,39.12739924498601,100,0,100,0.0,39.0775114337448,0.9,20,0,0.0,
200,scale_n0200,q_01,suql_baseline,23,30,34,28,6,2,0.8235294117647058,0.9333333333333332,0.8749999999999999,39.1712681609788,100,0,100,0.0,39.12814977974631,0.9,20,0,0.0,
200,scale_n0200,q_01,suql_baseline,24,30,34,28,6,2,0.8235294117647058,0.9333333333333332,0.8749999999999999,39.29227232199628,100,0,100,0.0,39.24844662391115,0.9,20,0,0.0,
200,scale_n0200,q_01,suql_baseline,25,30,34,28,6,2,0.8235294117647058,0.9333333333333332,0.8749999999999999,39.26368615799584,100,0,100,0.0,39.22035448806128,0.9,20,0,0.0,
200,scale_n0200,q_01,suql_baseline,26,30,34,28,6,2,0.8235294117647058,0.9333333333333332,0.8749999999999999,39.27020360698225,100,0,100,0.0,39.22244820342166,0.9,20,0,0.0,
200,scale_n0200,q_01,suql_baseline,27,30,34,28,6,2,0.8235294117647058,0.9333333333333332,0.8749999999999999,39.098028577980585,100,0,100,0.0,39.05193230404984,0.9,20,0,0.0,
200,scale_n0200,q_01,suql_baseline,28,30,34,28,6,2,0.8235294117647058,0.9333333333333332,0.8749999999999999,39.17369955498725,100,0,100,0.0,39.13138204300776,0.9,20,0,0.0,
200,scale_n0200,q_01,suql_baseline,29,30,34,28,6,2,0.8235294117647058,0.9333333333333332,0.8749999999999999,39.53608595597325,100,0,100,0.0,39.49156736972509,0.9,20,0,0.0,
200,scale_n0200,q_01,suql_baseline,30,30,34,28,6,2,0.8235294117647058,0.9333333333333332,0.8749999999999999,39.39977230405202,100,0,100,0.0,39.35063533502398,0.9,20,0,0.0,
200,scale_n0200,q_01,suql_baseline,31,30,34,28,6,2,0.8235294117647058,0.9333333333333332,0.8749999999999999,39.44245047401637,100,0,100,0.0,39.39731896237936,0.9,20,0,0.0,
200,scale_n0200,q_01,suql_baseline,32,30,34,28,6,2,0.8235294117647058,0.9333333333333332,0.8749999999999999,39.34263010404538,100,0,100,0.0,39.29933573096059,0.9,20,0,0.0,
200,scale_n0200,q_01,suql_baseline,33,30,34,28,6,2,0.8235294117647058,0.9333333333333332,0.8749999999999999,39.24347592401318,100,0,100,0.0,39.19948091008701,0.9,20,0,0.0,
200,scale_n0200,q_01,suql_baseline,34,30,34,28,6,2,0.8235294117647058,0.9333333333333332,0.8749999999999999,39.4404226699844,100,0,100,0.0,39.39676576515194,0.9,20,0,0.0,
200,scale_n0200,q_01,suql_baseline,35,30,34,28,6,2,0.8235294117647058,0.9333333333333332,0.8749999999999999,39.42085789196426,100,0,100,0.0,39.37804109568242,0.9,20,0,0.0,
200,scale_n0200,q_01,suql_baseline,36,30,34,28,6,2,0.8235294117647058,0.9333333333333332,0.8749999999999999,39.40308854304021,100,0,100,0.0,39.35805338917999,0.9,20,0,0.0,
200,scale_n0200,q_01,suql_baseline,37,30,34,28,6,2,0.8235294117647058,0.9333333333333332,0.8749999999999999,39.25707830500323,100,0,100,0.0,39.2083351930487,0.9,20,0,0.0,
200,scale_n0200,q_01,suql_baseline,38,30,34,28,6,2,0.8235294117647058,0.9333333333333332,0.8749999999999999,39.27354118600488,100,0,100,0.0,39.22873380820965,0.9,20,0,0.0,
200,scale_n0200,q_01,suql_baseline,39,30,34,28,6,2,0.8235294117647058,0.9333333333333332,0.8749999999999999,39.18186057900312,100,0,100,0.0,39.13349019031739,0.9,20,0,0.0,
200,scale_n0200,q_01,suql_baseline,40,30,34,28,6,2,0.8235294117647058,0.9333333333333332,0.8749999999999999,39.3323661290342,100,0,100,0.0,39.283622097049374,0.9,20,0,0.0,
200,scale_n0200,q_01,suql_baseline,41,30,34,28,6,2,0.8235294117647058,0.9333333333333332,0.8749999999999999,39.31429253501119,100,0,100,0.0,39.27091065782588,0.9,20,0,0.0,
200,scale_n0200,q_01,suql_baseline,42,30,34,28,6,2,0.8235294117647058,0.9333333333333332,0.8749999999999999,39.38883589801844,100,0,100,0.0,39.345447788073216,0.9,20,0,0.0,
200,scale_n0200,q_01,suql_baseline,43,30,34,28,6,2,0.8235294117647058,0.9333333333333332,0.8749999999999999,39.31304546899628,100,0,100,0.0,39.26605782326078,0.9,20,0,0.0,
200,scale_n0200,q_01,suql_baseline,44,30,34,28,6,2,0.8235294117647058,0.9333333333333332,0.8749999999999999,39.36535925802309,100,0,100,0.0,39.32179661293048,0.9,20,0,0.0,
200,scale_n0200,q_01,suql_baseline,45,30,34,28,6,2,0.8235294117647058,0.9333333333333332,0.8749999999999999,39.39767747500446,100,0,100,0.0,39.35316157632042,0.9,20,0,0.0,
200,scale_n0200,q_01,suql_baseline,46,30,34,28,6,2,0.8235294117647058,0.9333333333333332,0.8749999999999999,39.35186990699731,100,0,100,0.0,39.30228666693438,0.9,20,0,0.0,
200,scale_n0200,q_01,suql_baseline,47,30,34,28,6,2,0.8235294117647058,0.9333333333333332,0.8749999999999999,39.26162156596547,100,0,100,0.0,39.21732783509651,0.9,20,0,0.0,
200,scale_n0200,q_01,suql_baseline,48,30,34,28,6,2,0.8235294117647058,0.9333333333333332,0.8749999999999999,39.29349780204939,100,0,100,0.0,39.25033578783041,0.9,20,0,0.0,
200,scale_n0200,q_01,suql_baseline,49,30,34,28,6,2,0.8235294117647058,0.9333333333333332,0.8749999999999999,38.9067359539913,100,0,100,0.0,38.85776657913812,0.9,20,0,0.0,
200,scale_n0200,q_01,suql_baseline,50,30,34,28,6,2,0.8235294117647058,0.9333333333333332,0.8749999999999999,39.05844964104472,100,0,100,0.0,39.01332515338436,0.9,20,0,0.0,
200,scale_n0200,q_01,suql_baseline,51,30,34,28,6,2,0.8235294117647058,0.9333333333333332,0.8749999999999999,39.36776533001103,100,0,100,0.0,39.32354206911987,0.9,20,0,0.0,
200,scale_n0200,q_01,suql_baseline,52,30,34,28,6,2,0.8235294117647058,0.9333333333333332,0.8749999999999999,39.3007127349847,100,0,100,0.0,39.2568402562174,0.9,20,0,0.0,
200,scale_n0200,q_01,suql_baseline,53,30,34,28,6,2,0.8235294117647058,0.9333333333333332,0.8749999999999999,39.27279688703129,100,0,100,0.0,39.228174630901776,0.9,20,0,0.0,
200,scale_n0200,q_01,suql_baseline,54,30,34,28,6,2,0.8235294117647058,0.9333333333333332,0.8749999999999999,39.23616024298826,100,0,100,0.0,39.19123045611195,0.9,20,0,0.0,
200,scale_n0200,q_01,suql_baseline,55,30,34,28,6,2,0.8235294117647058,0.9333333333333332,0.8749999999999999,39.20698785496643,100,0,100,0.0,39.16453500190983,0.9,20,0,0.0,
200,scale_n0200,q_01,suql_baseline,56,30,34,28,6,2,0.8235294117647058,0.9333333333333332,0.8749999999999999,39.22696182498476,100,0,100,0.0,39.17826255841646,0.9,20,0,0.0,
200,scale_n0200,q_01,suql_baseline,57,30,34,28,6,2,0.8235294117647058,0.9333333333333332,0.8749999999999999,39.14697980496567,100,0,100,0.0,39.10247502656421,0.9,20,0,0.0,
200,scale_n0200,q_01,suql_baseline,58,30,34,28,6,2,0.8235294117647058,0.9333333333333332,0.8749999999999999,39.40776448696852,100,0,100,0.0,39.35878609487554,0.9,20,0,0.0,
200,scale_n0200,q_01,suql_baseline,59,30,34,28,6,2,0.8235294117647058,0.9333333333333332,0.8749999999999999,39.20243694901001,100,0,100,0.0,39.158708110800944,0.9,20,0,0.0,
200,scale_n0200,q_01,suql_baseline,60,30,34,28,6,2,0.8235294117647058,0.9333333333333332,0.8749999999999999,39.289711995981634,100,0,100,0.0,39.24596617120551,0.9,20,0,0.0,
200,scale_n0200,q_01,suql_baseline,61,30,34,28,6,2,0.8235294117647058,0.9333333333333332,0.8749999999999999,39.21569753601216,100,0,100,0.0,39.17256767587969,0.9,20,0,0.0,
200,scale_n0200,q_01,suql_baseline,62,30,34,28,6,2,0.8235294117647058,0.9333333333333332,0.8749999999999999,39.323685257986654,100,0,100,0.0,39.27909634402022,0.9,20,0,0.0,
200,scale_n0200,q_01,suql_baseline,63,30,34,28,6,2,0.8235294117647058,0.9333333333333332,0.8749999999999999,39.259117376001086,100,0,100,0.0,39.21608997503063,0.9,20,0,0.0,
200,scale_n0200,q_01,suql_baseline,64,30,34,28,6,2,0.8235294117647058,0.9333333333333332,0.8749999999999999,39.3308303039521,100,0,100,0.0,39.28260507067898,0.9,20,0,0.0,
200,scale_n0200,q_01,suql_baseline,65,30,34,28,6,2,0.8235294117647058,0.9333333333333332,0.8749999999999999,39.39875800901791,100,0,100,0.0,39.35154907783726,0.9,20,0,0.0,
200,scale_n0200,q_01,suql_baseline,66,30,34,28,6,2,0.8235294117647058,0.9333333333333332,0.8749999999999999,39.2337549829972,100,0,100,0.0,39.18592195142992,0.9,20,0,0.0,
200,scale_n0200,q_01,suql_baseline,67,30,34,28,6,2,0.8235294117647058,0.9333333333333332,0.8749999999999999,39.3384627760388,100,0,100,0.0,39.29500363703119,0.9,20,0,0.0,
200,scale_n0200,q_01,suql_baseline,68,30,34,28,6,2,0.8235294117647058,0.9333333333333332,0.8749999999999999,39.26087828102754,100,0,100,0.0,39.212177114211954,0.9,20,0,0.0,
200,scale_n0200,q_01,suql_baseline,69,30,34,28,6,2,0.8235294117647058,0.9333333333333332,0.8749999999999999,39.39383803604869,100,0,100,0.0,39.34828906867188,0.9,20,0,0.0,
200,scale_n0200,q_01,suql_baseline,70,30,34,28,6,2,0.8235294117647058,0.9333333333333332,0.8749999999999999,39.34249098098371,100,0,100,0.0,39.29720306495437,0.9,20,0,0.0,
200,scale_n0200,q_01,suql_baseline,71,30,34,28,6,2,0.8235294117647058,0.9333333333333332,0.8749999999999999,39.29279176698765,100,0,100,0.0,39.24872768699424,0.9,20,0,0.0,
200,scale_n0200,q_01,suql_baseline,72,30,34,28,6,2,0.8235294117647058,0.9333333333333332,0.8749999999999999,39.39432621904416,100,0,100,0.0,39.35058671911247,0.9,20,0,0.0,
200,scale_n0200,q_01,suql_baseline,73,30,34,28,6,2,0.8235294117647058,0.9333333333333332,0.8749999999999999,39.42737955698976,100,0,100,0.0,39.38415599847213,0.9,20,0,0.0,
200,scale_n0200,q_01,suql_baseline,74,30,34,28,6,2,0.8235294117647058,0.9333333333333332,0.8749999999999999,39.12404767499538,100,0,100,0.0,39.078368263319135,0.9,20,0,0.0,
200,scale_n0200,q_01,suql_baseline,75,30,34,28,6,2,0.8235294117647058,0.9333333333333332,0.8749999999999999,39.13915274199098,100,0,100,0.0,39.090452363248914,0.9,20,0,0.0,
200,scale_n0200,q_01,suql_baseline,76,30,34,28,6,2,0.8235294117647058,0.9333333333333332,0.8749999999999999,39.168686061981134,100,0,100,0.0,39.12501982285176,0.9,20,0,0.0,
200,scale_n0200,q_01,suql_baseline,77,30,34,28,6,2,0.8235294117647058,0.9333333333333332,0.8749999999999999,39.26140152395237,100,0,100,0.0,39.21832000289578,0.9,20,0,0.0,
200,scale_n0200,q_01,suql_baseline,78,30,34,28,6,2,0.8235294117647058,0.9333333333333332,0.8749999999999999,39.21458246401744,100,0,100,0.0,39.16748133988585,0.9,20,0,0.0,
200,scale_n0200,q_01,suql_baseline,79,30,34,28,6,2,0.8235294117647058,0.9333333333333332,0.8749999999999999,39.20451471401611,100,0,100,0.0,39.16160197940189,0.9,20,0,0.0,
200,scale_n0200,q_01,suql_baseline,80,30,34,28,6,2,0.8235294117647058,0.9333333333333332,0.8749999999999999,39.2026577659999,100,0,100,0.0,39.15932711609639,0.9,20,0,0.0,
200,scale_n0200,q_01,suql_baseline,81,30,34,28,6,2,0.8235294117647058,0.9333333333333332,0.8749999999999999,39.13152846304001,100,0,100,0.0,39.086092281213496,0.9,20,0,0.0,
200,scale_n0200,q_01,suql_baseline,82,30,34,28,6,2,0.8235294117647058,0.9333333333333332,0.8749999999999999,39.18020435603103,100,0,100,0.0,39.13249754573917,0.9,20,0,0.0,
200,scale_n0200,q_01,suql_baseline,83,30,34,28,6,2,0.8235294117647058,0.9333333333333332,0.8749999999999999,39.27149848098634,100,0,100,0.0,39.222611931094434,0.9,20,0,0.0,
200,scale_n0200,q_01,suql_baseline,84,30,34,28,6,2,0.8235294117647058,0.9333333333333332,0.8749999999999999,39.316787060990464,100,0,100,0.0,39.2675802661106,0.9,20,0,0.0,
200,scale_n0200,q_01,suql_baseline,85,30,34,28,6,2,0.8235294117647058,0.9333333333333332,0.8749999999999999,39.27835470903665,100,0,100,0.0,39.23435941612115,0.9,20,0,0.0,
200,scale_n0200,q_01,suql_baseline,86,30,34,28,6,2,0.8235294117647058,0.9333333333333332,0.8749999999999999,39.27424002700718,100,0,100,0.0,39.22966434882255,0.9,20,0,0.0,
200,scale_n0200,q_01,suql_baseline,87,30,34,28,6,2,0.8235294117647058,0.9333333333333332,0.8749999999999999,39.12468428496504,100,0,100,0.0,39.071530287968926,0.9,20,0,0.0,
200,scale_n0200,q_01,suql_baseline,88,30,34,28,6,2,0.8235294117647058,0.9333333333333332,0.8749999999999999,39.277137419965584,100,0,100,0.0,39.23286546289455,0.9,20,0,0.0,
200,scale_n0200,q_01,suql_baseline,89,30,34,28,6,2,0.8235294117647058,0.9333333333333332,0.8749999999999999,39.29823762597516,100,0,100,0.0,39.25431321555516,0.9,20,0,0.0,
200,scale_n0200,q_01,suql_baseline,90,30,34,28,6,2,0.8235294117647058,0.9333333333333332,0.8749999999999999,39.28940011898521,100,0,100,0.0,39.24385732476367,0.9,20,0,0.0,
200,scale_n0200,q_01,suql_baseline,91,30,34,28,6,2,0.8235294117647058,0.9333333333333332,0.8749999999999999,39.24171504896367,100,0,100,0.0,39.1956670449581,0.9,20,0,0.0,
200,scale_n0200,q_01,suql_baseline,92,30,34,28,6,2,0.8235294117647058,0.9333333333333332,0.8749999999999999,39.32351936202031,100,0,100,0.0,39.27964790287661,0.9,20,0,0.0,
200,scale_n0200,q_01,suql_baseline,93,30,34,28,6,2,0.8235294117647058,0.9333333333333332,0.8749999999999999,39.31392881501233,100,0,100,0.0,39.26969710731646,0.9,20,0,0.0,
200,scale_n0200,q_01,suql_baseline,94,30,34,28,6,2,0.8235294117647058,0.9333333333333332,0.8749999999999999,39.28006179898512,100,0,100,0.0,39.23361889080843,0.9,20,0,0.0,
200,scale_n0200,q_01,suql_baseline,95,30,34,28,6,2,0.8235294117647058,0.9333333333333332,0.8749999999999999,39.39506010600599,100,0,100,0.0,39.352611346927006,0.9,20,0,0.0,
200,scale_n0200,q_01,suql_baseline,96,30,34,28,6,2,0.8235294117647058,0.9333333333333332,0.8749999999999999,39.46511988498969,100,0,100,0.0,39.41925591113977,0.9,20,0,0.0,
200,scale_n0200,q_01,suql_baseline,97,30,34,28,6,2,0.8235294117647058,0.9333333333333332,0.8749999999999999,39.46462542103836,100,0,100,0.0,39.42007851757808,0.9,20,0,0.0,
200,scale_n0200,q_01,suql_baseline,98,30,34,28,6,2,0.8235294117647058,0.9333333333333332,0.8749999999999999,39.527422067010775,100,0,100,0.0,39.48442612105282,0.9,20,0,0.0,
200,scale_n0200,q_01,suql_baseline,99,30,34,28,6,2,0.8235294117647058,0.9333333333333332,0.8749999999999999,39.42645279201679,100,0,100,0.0,39.38280114077497,0.9,20,0,0.0,
200,scale_n0200,q_01,suql_baseline,100,30,34,28,6,2,0.8235294117647058,0.9333333333333332,0.8749999999999999,39.50605467800051,100,0,100,0.0,39.459538421127945,0.9,20,0,0.0,
200,scale_n0200,q_01,suql_baseline,101,30,34,28,6,2,0.8235294117647058,0.9333333333333332,0.8749999999999999,39.37863350601401,100,0,100,0.0,39.3335664672195,0.9,20,0,0.0,
200,scale_n0200,q_01,suql_baseline,102,30,34,28,6,2,0.8235294117647058,0.9333333333333332,0.8749999999999999,39.419449056033045,100,0,100,0.0,39.37427073391154,0.9,20,0,0.0,
200,scale_n0200,q_01,suql_baseline,103,30,34,28,6,2,0.8235294117647058,0.9333333333333332,0.8749999999999999,39.43621325196,100,0,100,0.0,39.39331598067656,0.9,20,0,0.0,
200,scale_n0200,q_01,suql_baseline,104,30,34,28,6,2,0.8235294117647058,0.9333333333333332,0.8749999999999999,39.29443084605737,100,0,100,0.0,39.25034762272844,0.9,20,0,0.0,
200,scale_n0200,q_01,suql_baseline,105,30,34,28,6,2,0.8235294117647058,0.9333333333333332,0.8749999999999999,39.382982341980096,100,0,100,0.0,39.33924549771473,0.9,20,0,0.0,
200,scale_n0200,q_01,suql_baseline,106,30,34,28,6,2,0.8235294117647058,0.9333333333333332,0.8749999999999999,39.27108241600217,100,0,100,0.0,39.22711617097957,0.9,20,0,0.0,
200,scale_n0200,q_01,suql_baseline,107,30,34,28,6,2,0.8235294117647058,0.9333333333333332,0.8749999999999999,39.29267111199442,100,0,100,0.0,39.24861100793351,0.9,20,0,0.0,
200,scale_n0200,q_01,suql_baseline,108,30,34,28,6,2,0.8235294117647058,0.9333333333333332,0.8749999999999999,39.25211155699799,100,0,100,0.0,39.20667567511555,0.9,20,0,0.0,
200,scale_n0200,q_01,suql_baseline,109,30,34,28,6,2,0.8235294117647058,0.9333333333333332,0.8749999999999999,39.27114610897843,100,0,100,0.0,39.22528014238924,0.9,20,0,0.0,
200,scale_n0200,q_01,suql_baseline,110,30,34,28,6,2,0.8235294117647058,0.9333333333333332,0.8749999999999999,39.12160048697842,100,0,100,0.0,39.0778155492153,0.9,20,0,0.0,
200,scale_n0200,q_01,suql_baseline,111,30,34,28,6,2,0.8235294117647058,0.9333333333333332,0.8749999999999999,39.25726953498088,100,0,100,0.0,39.20803265093127,0.9,20,0,0.0,
200,scale_n0200,q_01,suql_baseline,112,30,34,28,6,2,0.8235294117647058,0.9333333333333332,0.8749999999999999,39.07142264099093,100,0,100,0.0,39.028312578448094,0.9,20,0,0.0,
200,scale_n0200,q_01,suql_baseline,113,30,34,28,6,2,0.8235294117647058,0.9333333333333332,0.8749999999999999,39.08196472999407,100,0,100,0.0,39.03219642280601,0.9,20,0,0.0,
200,scale_n0200,q_01,suql_baseline,114,30,34,28,6,2,0.8235294117647058,0.9333333333333332,0.8749999999999999,39.33289280801546,100,0,100,0.0,39.28885076730512,0.9,20,0,0.0,
200,scale_n0200,q_01,suql_baseline,115,30,34,28,6,2,0.8235294117647058,0.9333333333333332,0.8749999999999999,39.29721963201882,100,0,100,0.0,39.2509709369624,0.9,20,0,0.0,
200,scale_n0200,q_01,suql_baseline,116,30,34,28,6,2,0.8235294117647058,0.9333333333333332,0.8749999999999999,39.369504265952855,100,0,100,0.0,39.320978468691465,0.9,20,0,0.0,
200,scale_n0200,q_01,suql_baseline,117,30,34,28,6,2,0.8235294117647058,0.9333333333333332,0.8749999999999999,39.2869914000039,100,0,100,0.0,39.24259428016376,0.9,20,0,0.0,
200,scale_n0200,q_01,suql_baseline,118,30,34,28,6,2,0.8235294117647058,0.9333333333333332,0.8749999999999999,39.154997271019965,100,0,100,0.0,39.1118945008493,0.9,20,0,0.0,
200,scale_n0200,q_01,suql_baseline,119,30,34,28,6,2,0.8235294117647058,0.9333333333333332,0.8749999999999999,39.32810352701927,100,0,100,0.0,39.28362388291862,0.9,20,0,0.0,
200,scale_n0200,q_01,suql_baseline,120,30,34,28,6,2,0.8235294117647058,0.9333333333333332,0.8749999999999999,39.313382846012246,100,0,100,0.0,39.26877659530146,0.9,20,0,0.0,
200,scale_n0200,q_01,suql_baseline,121,30,34,28,6,2,0.8235294117647058,0.9333333333333332,0.8749999999999999,39.37554611900123,100,0,100,0.0,39.32910993177211,0.9,20,0,0.0,
200,scale_n0200,q_01,suql_baseline,122,30,34,28,6,2,0.8235294117647058,0.9333333333333332,0.8749999999999999,39.22874193597818,100,0,100,0.0,39.18418725131778,0.9,20,0,0.0,
200,scale_n0200,q_01,suql_baseline,123,30,34,28,6,2,0.8235294117647058,0.9333333333333332,0.8749999999999999,39.33538733399473,100,0,100,0.0,39.28421208990039,0.9,20,0,0.0,
200,scale_n0200,q_01,suql_baseline,124,30,34,28,6,2,0.8235294117647058,0.9333333333333332,0.8749999999999999,39.30799579399172,100,0,100,0.0,39.26408835995244,0.9,20,0,0.0,
200,scale_n0200,q_01,suql_baseline,125,30,34,28,6,2,0.8235294117647058,0.9333333333333332,0.8749999999999999,39.05097916803789,100,0,100,0.0,39.00614107452566,0.9,20,0,0.0,
200,scale_n0200,q_01,suql_baseline,126,30,34,28,6,2,0.8235294117647058,0.9333333333333332,0.8749999999999999,39.26305093598785,100,0,100,0.0,39.207950806070585,0.9,20,0,0.0,
200,scale_n0200,q_01,suql_baseline,127,30,34,28,6,2,0.8235294117647058,0.9333333333333332,0.8749999999999999,39.23318782099523,100,0,100,0.0,39.187475130253006,0.9,20,0,0.0,
200,scale_n0200,q_01,suql_baseline,128,30,34,28,6,2,0.8235294117647058,0.9333333333333332,0.8749999999999999,39.29404730600072,100,0,100,0.0,39.24420817801729,0.9,20,0,0.0,
200,scale_n0200,q_01,suql_baseline,129,30,34,28,6,2,0.8235294117647058,0.9333333333333332,0.8749999999999999,39.335079158016015,100,0,100,0.0,39.2923044449999,0.9,20,0,0.0,
200,scale_n0200,q_01,suql_baseline,130,30,34,28,6,2,0.8235294117647058,0.9333333333333332,0.8749999999999999,39.28721877001226,100,0,100,0.0,39.24080706824316,0.9,20,0,0.0,
200,scale_n0200,q_01,suql_baseline,131,30,34,28,6,2,0.8235294117647058,0.9333333333333332,0.8749999999999999,39.021407830994576,100,0,100,0.0,38.97285666177049,0.9,20,0,0.0,
200,scale_n0200,q_01,suql_baseline,132,30,34,28,6,2,0.8235294117647058,0.9333333333333332,0.8749999999999999,39.1002944620559,100,0,100,0.0,39.05373174115084,0.9,20,0,0.0,
200,scale_n0200,q_01,suql_baseline,133,30,34,28,6,2,0.8235294117647058,0.9333333333333332,0.8749999999999999,39.26360755600035,100,0,100,0.0,39.218277563282754,0.9,20,0,0.0,
200,scale_n0200,q_01,suql_baseline,134,30,34,28,6,2,0.8235294117647058,0.9333333333333332,0.8749999999999999,39.23366059799446,100,0,100,0.0,39.1869175520842,0.9,20,0,0.0,
200,scale_n0200,q_01,suql_baseline,135,30,34,28,6,2,0.8235294117647058,0.9333333333333332,0.8749999999999999,39.21297334402334,100,0,100,0.0,39.17031960497843,0.9,20,0,0.0,
200,scale_n0200,q_01,suql_baseline,136,30,34,28,6,2,0.8235294117647058,0.9333333333333332,0.8749999999999999,39.205581546993926,100,0,100,0.0,39.16076653980417,0.9,20,0,0.0,
200,scale_n0200,q_01,suql_baseline,137,30,34,28,6,2,0.8235294117647058,0.9333333333333332,0.8749999999999999,39.17962100700242,100,0,100,0.0,39.13464014779311,0.9,20,0,0.0,
200,scale_n0200,q_01,suql_baseline,138,30,34,28,6,2,0.8235294117647058,0.9333333333333332,0.8749999999999999,39.270681821974,100,0,100,0.0,39.22582518641138,0.9,20,0,0.0,
200,scale_n0200,q_01,suql_baseline,139,30,34,28,6,2,0.8235294117647058,0.9333333333333332,0.8749999999999999,39.16591935098404,100,0,100,0.0,39.12162007373991,0.9,20,0,0.0,
200,scale_n0200,q_01,suql_baseline,140,30,34,28,6,2,0.8235294117647058,0.9333333333333332,0.8749999999999999,39.077617905975785,100,0,100,0.0,39.032971883774735,0.9,20,0,0.0,
200,scale_n0200,q_01,suql_baseline,141,30,34,28,6,2,0.8235294117647058,0.9333333333333332,0.8749999999999999,39.03689117898466,100,0,100,0.0,38.99273531098152,0.9,20,0,0.0,
200,scale_n0200,q_01,suql_baseline,142,30,34,28,6,2,0.8235294117647058,0.9333333333333332,0.8749999999999999,39.152443451981526,100,0,100,0.0,39.10750299593201,0.9,20,0,0.0,
200,scale_n0200,q_01,suql_baseline,143,30,34,28,6,2,0.8235294117647058,0.9333333333333332,0.8749999999999999,39.242511394026224,100,0,100,0.0,39.19270125887124,0.9,20,0,0.0,
200,scale_n0200,q_01,suql_baseline,144,30,34,28,6,2,0.8235294117647058,0.9333333333333332,0.8749999999999999,39.17736964003416,100,0,100,0.0,39.133155066287145,0.9,20,0,0.0,
200,scale_n0200,q_01,suql_baseline,145,30,34,28,6,2,0.8235294117647058,0.9333333333333332,0.8749999999999999,39.11631819297327,100,0,100,0.0,39.07396206096746,0.9,20,0,0.0,
200,scale_n0200,q_01,suql_baseline,146,30,34,28,6,2,0.8235294117647058,0.9333333333333332,0.8749999999999999,39.27361469896277,100,0,100,0.0,39.22212945698993,0.9,20,0,0.0,
200,scale_n0200,q_01,suql_baseline,147,30,34,28,6,2,0.8235294117647058,0.9333333333333332,0.8749999999999999,39.12354746495839,100,0,100,0.0,39.08099109918112,0.9,20,0,0.0,
200,scale_n0200,q_01,suql_baseline,148,30,34,28,6,2,0.8235294117647058,0.9333333333333332,0.8749999999999999,39.25467841402861,100,0,100,0.0,39.20879544393392,0.9,20,0,0.0,
200,scale_n0200,q_01,suql_baseline,149,30,34,28,6,2,0.8235294117647058,0.9333333333333332,0.8749999999999999,39.206812422024086,100,0,100,0.0,39.16138280410087,0.9,20,0,0.0,
200,scale_n0200,q_01,suql_baseline,150,30,34,28,6,2,0.8235294117647058,0.9333333333333332,0.8749999999999999,39.30368673498742,100,0,100,0.0,39.25899398041656,0.9,20,0,0.0,
200,scale_n0200,q_01,trummer_v1,1,30,36,30,6,0,0.8333333333333334,1.0,0.9090909090909092,29.890261737979017,34,19,15,14.374366580857895,15.4611977400491,0.9,20,20,0.7142857142857143,
200,scale_n0200,q_01,trummer_v1,2,30,35,29,6,1,0.8285714285714286,0.9666666666666668,0.8923076923076922,28.3316449590493,35,20,15,12.954627597006038,15.319668324955272,0.9,20,20,0.7857142857142857,
200,scale_n0200,q_01,trummer_v1,3,30,35,29,6,1,0.8285714285714286,0.9666666666666668,0.8923076923076922,28.7083958319854,35,20,15,13.00220978196012,15.64826893893769,0.9,20,20,0.7857142857142857,
200,scale_n0200,q_01,trummer_v1,4,30,35,29,6,1,0.8285714285714286,0.9666666666666668,0.8923076923076922,28.629497863992583,35,20,15,12.95732271822635,15.609832450048998,0.9,20,20,0.7857142857142857,
200,scale_n0200,q_01,trummer_v1,5,30,35,29,6,1,0.8285714285714286,0.9666666666666668,0.8923076923076922,28.6085273270146,35,20,15,12.97864525904879,15.569313662068453,0.9,20,20,0.7857142857142857,
200,scale_n0200,q_01,trummer_v1,6,30,35,29,6,1,0.8285714285714286,0.9666666666666668,0.8923076923076922,28.606038348050788,35,20,15,12.961876017972829,15.58881447702879,0.9,20,20,0.7857142857142857,
200,scale_n0200,q_01,trummer_v1,7,30,35,29,6,1,0.8285714285714286,0.9666666666666668,0.8923076923076922,28.61010589299258,35,20,15,12.97365666308906,15.578990195936058,0.9,20,20,0.7857142857142857,
200,scale_n0200,q_01,trummer_v1,8,30,35,29,6,1,0.8285714285714286,0.9666666666666668,0.8923076923076922,28.63519777101465,35,20,15,12.985811126825864,15.594232419040054,0.9,20,20,0.7857142857142857,
200,scale_n0200,q_01,trummer_v1,9,30,35,29,6,1,0.8285714285714286,0.9666666666666668,0.8923076923076922,28.636159056972247,35,20,15,12.982518982084002,15.596793023927605,0.9,20,20,0.7857142857142857,
200,scale_n0200,q_01,trummer_v1,10,30,35,29,6,1,0.8285714285714286,0.9666666666666668,0.8923076923076922,28.571620344999246,35,20,15,12.951568300079089,15.561114948999602,0.9,20,20,0.7857142857142857,
200,scale_n0200,q_01,trummer_v1,11,30,35,29,6,1,0.8285714285714286,0.9666666666666668,0.8923076923076922,28.589437234972134,35,20,15,12.94941339007346,15.581564598076511,0.9,20,20,0.7857142857142857,
200,scale_n0200,q_01,trummer_v1,12,30,35,29,6,1,0.8285714285714286,0.9666666666666668,0.8923076923076922,28.56623576604761,35,20,15,12.917004500923213,15.593268875032663,0.9,20,20,0.7857142857142857,
200,scale_n0200,q_01,trummer_v1,13,30,35,29,6,1,0.8285714285714286,0.9666666666666668,0.8923076923076922,28.61649403697811,35,20,15,12.95660594216315,15.601162071165165,0.9,20,20,0.7857142857142857,
200,scale_n0200,q_01,trummer_v1,14,30,35,29,6,1,0.8285714285714286,0.9666666666666668,0.8923076923076922,28.614783377037384,35,20,15,12.985974180046467,15.572466302022804,0.9,20,20,0.7857142857142857,
200,scale_n0200,q_01,trummer_v1,15,30,35,29,6,1,0.8285714285714286,0.9666666666666668,0.8923076923076922,28.53724274301203,35,20,15,12.926287493901327,15.55491920694476,0.9,20,20,0.7857142857142857,
200,scale_n0200,q_01,trummer_v1,16,30,35,29,6,1,0.8285714285714286,0.9666666666666668,0.8923076923076922,28.665157669049226,35,20,15,13.004126831830945,15.605616313172504,0.9,20,20,0.7857142857142857,
200,scale_n0200,q_01,trummer_v1,17,30,35,29,6,1,0.8285714285714286,0.9666666666666668,0.8923076923076922,28.65183441300178,35,20,15,12.971100789203774,15.62336986802984,0.9,20,20,0.7857142857142857,
200,scale_n0200,q_01,trummer_v1,18,30,35,29,6,1,0.8285714285714286,0.9666666666666668,0.8923076923076922,28.65001217299141,35,20,15,12.965310672821944,15.62723374395864,0.9,20,20,0.7857142857142857,
200,scale_n0200,q_01,trummer_v1,19,30,35,29,6,1,0.8285714285714286,0.9666666666666668,0.8923076923076922,28.595347854017746,35,20,15,12.95049234101316,15.58972527104197,0.9,20,20,0.7857142857142857,
200,scale_n0200,q_01,trummer_v1,20,30,35,29,6,1,0.8285714285714286,0.9666666666666668,0.8923076923076922,28.597810841049068,35,20,15,12.960076499904972,15.58169837499736,0.9,20,20,0.7857142857142857,
200,scale_n0200,q_01,trummer_v1,21,30,35,29,6,1,0.8285714285714286,0.9666666666666668,0.8923076923076922,28.553951285022777,35,20,15,12.94078885705676,15.554607180762105,0.9,20,20,0.7857142857142857,
200,scale_n0200,q_01,trummer_v1,22,30,35,29,6,1,0.8285714285714286,0.9666666666666668,0.8923076923076922,28.55196666601114,35,20,15,12.954165189934429,15.544127863133326,0.9,20,20,0.7857142857142857,
200,scale_n0200,q_01,trummer_v1,23,30,35,29,6,1,0.8285714285714286,0.9666666666666668,0.8923076923076922,28.57917840097798,35,20,15,12.945408895087894,15.574594530044124,0.9,20,20,0.7857142857142857,
200,scale_n0200,q_01,trummer_v1,24,30,35,29,6,1,0.8285714285714286,0.9666666666666668,0.8923076923076922,28.636701658018865,35,20,15,12.986965721996969,15.589515281026252,0.9,20,20,0.7857142857142857,
200,scale_n0200,q_01,trummer_v1,25,30,35,29,6,1,0.8285714285714286,0.9666666666666668,0.8923076923076922,28.618703017011285,35,20,15,12.977152675157413,15.58446379081579,0.9,20,20,0.7857142857142857,
200,scale_n0200,q_01,trummer_v1,26,30,35,29,6,1,0.8285714285714286,0.9666666666666668,0.8923076923076922,28.57157567195827,35,20,15,12.925716672965793,15.586227123974822,0.9,20,20,0.7857142857142857,
200,scale_n0200,q_01,trummer_v1,27,30,35,29,6,1,0.8285714285714286,0.9666666666666668,0.8923076923076922,28.6345503340126,35,20,15,12.97419874096522,15.601895202009471,0.9,20,20,0.7857142857142857,
200,scale_n0200,q_01,trummer_v1,28,30,35,29,6,1,0.8285714285714286,0.9666666666666668,0.8923076923076922,28.578826972981915,35,20,15,12.931174938916229,15.591626752982847,0.9,20,20,0.7857142857142857,
200,scale_n0200,q_01,trummer_v1,29,30,35,29,6,1,0.8285714285714286,0.9666666666666668,0.8923076923076922,28.63949823798612,35,20,15,12.950864314916544,15.624533631955272,0.9,20,20,0.7857142857142857,
200,scale_n0200,q_01,trummer_v1,30,30,35,29,6,1,0.8285714285714286,0.9666666666666668,0.8923076923076922,28.618808663042728,35,20,15,12.956686328863723,15.604877884092277,0.9,20,20,0.7857142857142857,
200,scale_n0200,q_01,trummer_v1,31,30,35,29,6,1,0.8285714285714286,0.9666666666666668,0.8923076923076922,28.62394752399996,35,20,15,12.978467339184135,15.589485815959051,0.9,20,20,0.7857142857142857,
200,scale_n0200,q_01,trummer_v1,32,30,35,29,6,1,0.8285714285714286,0.9666666666666668,0.8923076923076922,28.62218985299114,35,20,15,12.989335423102602,15.57359967107186,0.9,20,20,0.7857142857142857,
200,scale_n0200,q_01,trummer_v1,33,30,35,29,6,1,0.8285714285714286,0.9666666666666668,0.8923076923076922,28.62813951598946,35,20,15,12.969915292807856,15.601108995033428,0.9,20,20,0.7857142857142857,
200,scale_n0200,q_01,trummer_v1,34,30,35,29,6,1,0.8285714285714286,0.9666666666666668,0.8923076923076922,28.582718033052515,35,20,15,12.949526284006424,15.577076310059056,0.9,20,20,0.7857142857142857,
200,scale_n0200,q_01,trummer_v1,35,30,35,29,6,1,0.8285714285714286,0.9666666666666668,0.8923076923076922,28.602189162978902,35,20,15,12.98318681109231,15.55919225490652,0.9,20,20,0.7857142857142857,
200,scale_n0200,q_01,trummer_v1,36,30,35,29,6,1,0.8285714285714286,0.9666666666666668,0.8923076923076922,28.585152051004115,35,20,15,12.943446074903475,15.58591875480488,0.9,20,20,0.7857142857142857,
200,scale_n0200,q_01,trummer_v1,37,30,35,29,6,1,0.8285714285714286,0.9666666666666668,0.8923076923076922,28.606489603000227,35,20,15,12.982427284005098,15.568157260189764,0.9,20,20,0.7857142857142857,
200,scale_n0200,q_01,trummer_v1,38,30,35,29,6,1,0.8285714285714286,0.9666666666666668,0.8923076923076922,28.626670313999057,35,20,15,12.99434793391265,15.57713712117402,0.9,20,20,0.7857142857142857,
200,scale_n0200,q_01,trummer_v1,39,30,35,29,6,1,0.8285714285714286,0.9666666666666668,0.8923076923076922,28.61150665499736,35,20,15,12.97058620583266,15.585458310844842,0.9,20,20,0.7857142857142857,
200,scale_n0200,q_01,trummer_v1,40,30,35,29,6,1,0.8285714285714286,0.9666666666666668,0.8923076923076922,28.64722115296172,35,20,15,12.968113882932812,15.621494364924729,0.9,20,20,0.7857142857142857,
200,scale_n0200,q_01,trummer_v1,41,30,35,29,6,1,0.8285714285714286,0.9666666666666668,0.8923076923076922,28.65606362803373,35,20,15,12.98901407700032,15.606788410979789,0.9,20,20,0.7857142857142857,
200,scale_n0200,q_01,trummer_v1,42,30,35,29,6,1,0.8285714285714286,0.9666666666666668,0.8923076923076922,28.64830844500102,35,20,15,12.977221915032716,15.61138578579994,0.9,20,20,0.7857142857142857,
200,scale_n0200,q_01,trummer_v1,43,30,35,29,6,1,0.8285714285714286,0.9666666666666668,0.8923076923076922,28.64907646802021,35,20,15,12.986241955019068,15.605744544009212,0.9,20,20,0.7857142857142857,
200,scale_n0200,q_01,trummer_v1,44,30,35,29,6,1,0.8285714285714286,0.9666666666666668,0.8923076923076922,28.62901122600306,35,20,15,12.977487369033042,15.593348145950586,0.9,20,20,0.7857142857142857,
200,scale_n0200,q_01,trummer_v1,45,30,35,29,6,1,0.8285714285714286,0.9666666666666668,0.8923076923076922,28.709075450024105,35,20,15,13.053974922164343,15.598795101977885,0.9,20,20,0.7857142857142857,
200,scale_n0200,q_01,trummer_v1,46,30,35,29,6,1,0.8285714285714286,0.9666666666666668,0.8923076923076922,28.655808552983217,35,20,15,13.022208332025912,15.572612280026078,0.9,20,20,0.7857142857142857,
200,scale_n0200,q_01,trummer_v1,47,30,35,29,6,1,0.8285714285714286,0.9666666666666668,0.8923076923076922,28.71379784395685,35,20,15,13.03198884986341,15.62250914989272,0.9,20,20,0.7857142857142857,
200,scale_n0200,q_01,trummer_v1,48,30,35,29,6,1,0.8285714285714286,0.9666666666666668,0.8923076923076922,28.69075436098501,35,20,15,12.996021461032797,15.634337105962912,0.9,20,20,0.7857142857142857,
200,scale_n0200,q_01,trummer_v1,49,30,35,29,6,1,0.8285714285714286,0.9666666666666668,0.8923076923076922,28.709139440965373,35,20,15,13.031651211786084,15.619367730221713,0.9,20,20,0.7857142857142857,
200,scale_n0200,q_01,trummer_v1,50,30,35,29,6,1,0.8285714285714286,0.9666666666666668,0.8923076923076922,28.68759163300274,35,20,15,12.999914173793512,15.631705640000291,0.9,20,20,0.7857142857142857,
200,scale_n0200,q_01,trummer_v1,51,30,35,29,6,1,0.8285714285714286,0.9666666666666668,0.8923076923076922,28.684078488033265,35,20,15,12.999585009121802,15.624814016046004,0.9,20,20,0.7857142857142857,
200,scale_n0200,q_01,trummer_v1,52,30,35,29,6,1,0.8285714285714286,0.9666666666666668,0.8923076923076922,28.72051581001142,35,20,15,13.025741482852029,15.63738697586814,0.9,20,20,0.7857142857142857,
200,scale_n0200,q_01,trummer_v1,53,30,35,29,6,1,0.8285714285714286,0.9666666666666668,0.8923076923076922,28.648223231022712,35,20,15,12.993656143953558,15.597362838801928,0.9,20,20,0.7857142857142857,
200,scale_n0200,q_01,trummer_v1,54,30,35,29,6,1,0.8285714285714286,0.9666666666666668,0.8923076923076922,28.67855813301867,35,20,15,13.031898855930194,15.587707573082298,0.9,20,20,0.7857142857142857,
200,scale_n0200,q_01,trummer_v1,55,30,35,29,6,1,0.8285714285714286,0.9666666666666668,0.8923076923076922,28.645702396985143,35,20,15,12.98484609212028,15.607146830821875,0.9,20,20,0.7857142857142857,
200,scale_n0200,q_01,trummer_v1,56,30,35,29,6,1,0.8285714285714286,0.9666666666666668,0.8923076923076922,28.644734205969144,35,20,15,12.989032161887735,15.601716148026751,0.9,20,20,0.7857142857142857,
200,scale_n0200,q_01,trummer_v1,57,30,35,29,6,1,0.8285714285714286,0.9666666666666668,0.8923076923076922,28.62468152301153,35,20,15,12.943461078801192,15.62368319008965,0.9,20,20,0.7857142857142857,
200,scale_n0200,q_01,trummer_v1,58,30,35,29,6,1,0.8285714285714286,0.9666666666666668,0.8923076923076922,28.582013013015967,35,20,15,12.952515400073024,15.572156255191658,0.9,20,20,0.7857142857142857,
200,scale_n0200,q_01,trummer_v1,59,30,35,29,6,1,0.8285714285714286,0.9666666666666668,0.8923076923076922,28.63466491602594,35,20,15,12.987866201146971,15.592023179051466,0.9,20,20,0.7857142857142857,
200,scale_n0200,q_01,trummer_v1,60,30,35,29,6,1,0.8285714285714286,0.9666666666666668,0.8923076923076922,28.566420525952708,35,20,15,12.930798736109864,15.579721101967152,0.9,20,20,0.7857142857142857,
200,scale_n0200,q_01,trummer_v1,61,30,35,29,6,1,0.8285714285714286,0.9666666666666668,0.8923076923076922,28.595347842026968,35,20,15,12.94751797884237,15.590488794143312,0.9,20,20,0.7857142857142857,
200,scale_n0200,q_01,trummer_v1,62,30,35,29,6,1,0.8285714285714286,0.9666666666666668,0.8923076923076922,28.588419320993125,35,20,15,12.95858281000983,15.576462914061269,0.9,20,20,0.7857142857142857,
200,scale_n0200,q_01,trummer_v1,63,30,35,29,6,1,0.8285714285714286,0.9666666666666668,0.8923076923076922,28.55191641999409,35,20,15,12.945938244985882,15.548951593984384,0.9,20,20,0.7857142857142857,
200,scale_n0200,q_01,trummer_v1,64,30,35,29,6,1,0.8285714285714286,0.9666666666666668,0.8923076923076922,28.603258805000223,35,20,15,12.98681099480018,15.55654150992632,0.9,20,20,0.7857142857142857,
200,scale_n0200,q_01,trummer_v1,65,30,35,29,6,1,0.8285714285714286,0.9666666666666668,0.8923076923076922,28.530067103973124,35,20,15,12.927888885024004,15.54442927002674,0.9,20,20,0.7857142857142857,
200,scale_n0200,q_01,trummer_v1,66,30,35,29,6,1,0.8285714285714286,0.9666666666666668,0.8923076923076922,28.601464212988503,35,20,15,12.94780482596252,15.59756203991128,0.9,20,20,0.7857142857142857,
200,scale_n0200,q_01,trummer_v1,67,30,35,29,6,1,0.8285714285714286,0.9666666666666668,0.8923076923076922,28.61512992897769,35,20,15,12.96418635599548,15.59548158798134,0.9,20,20,0.7857142857142857,
200,scale_n0200,q_01,trummer_v1,68,30,35,29,6,1,0.8285714285714286,0.9666666666666668,0.8923076923076922,28.62102990096901,35,20,15,12.99141343793599,15.571432822966017,0.9,20,20,0.7857142857142857,
200,scale_n0200,q_01,trummer_v1,69,30,35,29,6,1,0.8285714285714286,0.9666666666666668,0.8923076923076922,28.54546685400419,35,20,15,12.940011724014768,15.544904932903592,0.9,20,20,0.7857142857142857,
200,scale_n0200,q_01,trummer_v1,70,30,35,29,6,1,0.8285714285714286,0.9666666666666668,0.8923076923076922,28.55631395796081,35,20,15,12.952939418028109,15.5468221148476,0.9,20,20,0.7857142857142857,
200,scale_n0200,q_01,trummer_v1,71,30,35,29,6,1,0.8285714285714286,0.9666666666666668,0.8923076923076922,28.560453286976557,35,20,15,12.941671995038632,15.56202299904544,0.9,20,20,0.7857142857142857,
200,scale_n0200,q_01,trummer_v1,72,30,35,29,6,1,0.8285714285714286,0.9666666666666668,0.8923076923076922,28.542441253957804,35,20,15,12.93420834891731,15.552324034040794,0.9,20,20,0.7857142857142857,
200,scale_n0200,q_01,trummer_v1,73,30,35,29,6,1,0.8285714285714286,0.9666666666666668,0.8923076923076922,28.77061915199738,35,20,15,13.062246142013464,15.652433126000687,0.9,20,20,0.7857142857142857,
200,scale_n0200,q_01,trummer_v1,74,30,35,29,6,1,0.8285714285714286,0.9666666666666668,0.8923076923076922,28.58514257497154,35,20,15,12.949519611953292,15.574974441027734,0.9,20,20,0.7857142857142857,
200,scale_n0200,q_01,trummer_v1,75,30,35,29,6,1,0.8285714285714286,0.9666666666666668,0.8923076923076922,28.64904062700225,35,20,15,12.972881070978474,15.617440381029157,0.9,20,20,0.7857142857142857,
200,scale_n0200,q_01,trummer_v1,76,30,35,29,6,1,0.8285714285714286,0.9666666666666668,0.8923076923076922,28.541513064003084,35,20,15,12.940453280112706,15.54647820093669,0.9,20,20,0.7857142857142857,
200,scale_n0200,q_01,trummer_v1,77,30,35,29,6,1,0.8285714285714286,0.9666666666666668,0.8923076923076922,28.582019684952684,35,20,15,12.9379802509211,15.587531935947482,0.9,20,20,0.7857142857142857,
200,scale_n0200,q_01,trummer_v1,78,30,35,29,6,1,0.8285714285714286,0.9666666666666668,0.8923076923076922,28.628784535976592,35,20,15,13.015183307987172,15.55761056294432,0.9,20,20,0.7857142857142857,
200,scale_n0200,q_01,trummer_v1,79,30,35,29,6,1,0.8285714285714286,0.9666666666666668,0.8923076923076922,28.55428210797254,35,20,15,12.934398758166935,15.561532202060334,0.9,20,20,0.7857142857142857,
200,scale_n0200,q_01,trummer_v1,80,30,35,29,6,1,0.8285714285714286,0.9666666666666668,0.8923076923076922,28.555376037955284,35,20,15,12.921780335193034,15.576775840076152,0.9,20,20,0.7857142857142857,
200,scale_n0200,q_01,trummer_v1,81,30,35,29,6,1,0.8285714285714286,0.9666666666666668,0.8923076923076922,28.61891310295323,35,20,15,12.958778742002323,15.601126702968031,0.9,20,20,0.7857142857142857,
200,scale_n0200,q_01,trummer_v1,82,30,35,29,6,1,0.8285714285714286,0.9666666666666668,0.8923076923076922,28.57959561102325,35,20,15,12.97676568297902,15.543637603987008,0.9,20,20,0.7857142857142857,
200,scale_n0200,q_01,trummer_v1,83,30,35,29,6,1,0.8285714285714286,0.9666666666666668,0.8923076923076922,28.54634472698672,35,20,15,12.901123890012968,15.58799946209183,0.9,20,20,0.7857142857142857,
200,scale_n0200,q_01,trummer_v1,84,30,35,29,6,1,0.8285714285714286,0.9666666666666668,0.8923076923076922,28.59206651704153,35,20,15,12.976392265001778,15.558657570101786,0.9,20,20,0.7857142857142857,
200,scale_n0200,q_01,trummer_v1,85,30,35,29,6,1,0.8285714285714286,0.9666666666666668,0.8923076923076922,28.522894976951648,35,20,15,12.923200414981691,15.539450877928177,0.9,20,20,0.7857142857142857,
200,scale_n0200,q_01,trummer_v1,86,30,35,29,6,1,0.8285714285714286,0.9666666666666668,0.8923076923076922,28.42501306004124,35,20,15,12.792798881884664,15.575234517105857,0.9,20,20,0.7857142857142857,
200,scale_n0200,q_01,trummer_v1,87,30,35,29,6,1,0.8285714285714286,0.9666666666666668,0.8923076923076922,28.567128032969777,35,20,15,12.910920898953918,15.600948355044238,0.9,20,20,0.7857142857142857,
200,scale_n0200,q_01,trummer_v1,88,30,35,29,6,1,0.8285714285714286,0.9666666666666668,0.8923076923076922,28.50118303101044,35,20,15,12.914200608094689,15.530155899876265,0.9,20,20,0.7857142857142857,
200,scale_n0200,q_01,trummer_v1,89,30,35,29,6,1,0.8285714285714286,0.9666666666666668,0.8923076923076922,28.516259852971416,35,20,15,12.913524027913809,15.54547272110358,0.9,20,20,0.7857142857142857,
200,scale_n0200,q_01,trummer_v1,90,30,35,29,6,1,0.8285714285714286,0.9666666666666668,0.8923076923076922,28.592892360000405,35,20,15,12.95447762106778,15.58069851307664,0.9,20,20,0.7857142857142857,
200,scale_n0200,q_01,trummer_v1,91,30,35,29,6,1,0.8285714285714286,0.9666666666666668,0.8923076923076922,28.6089195520035,35,20,15,12.975279896927532,15.575267436914146,0.9,20,20,0.7857142857142857,
200,scale_n0200,q_01,trummer_v1,92,30,35,29,6,1,0.8285714285714286,0.9666666666666668,0.8923076923076922,28.53885484096827,35,20,15,12.951325166097376,15.528940580028577,0.9,20,20,0.7857142857142857,
200,scale_n0200,q_01,trummer_v1,93,30,35,29,6,1,0.8285714285714286,0.9666666666666668,0.8923076923076922,28.579537491023075,35,20,15,12.95528821076732,15.567631701938808,0.9,20,20,0.7857142857142857,
200,scale_n0200,q_01,trummer_v1,94,30,35,29,6,1,0.8285714285714286,0.9666666666666668,0.8923076923076922,28.547910059976857,35,20,15,12.923551166197283,15.566225347807633,0.9,20,20,0.7857142857142857,
200,scale_n0200,q_01,trummer_v1,95,30,35,29,6,1,0.8285714285714286,0.9666666666666668,0.8923076923076922,28.59358978801174,35,20,15,12.95086709689349,15.585366102110129,0.9,20,20,0.7857142857142857,
200,scale_n0200,q_01,trummer_v1,96,30,35,29,6,1,0.8285714285714286,0.9666666666666668,0.8923076923076922,28.545317918993533,35,20,15,12.92245775309857,15.565778194228187,0.9,20,20,0.7857142857142857,
200,scale_n0200,q_01,trummer_v1,97,30,35,29,6,1,0.8285714285714286,0.9666666666666668,0.8923076923076922,28.627864654001318,35,20,15,12.969546023814472,15.600712864950763,0.9,20,20,0.7857142857142857,
200,scale_n0200,q_01,trummer_v1,98,30,35,29,6,1,0.8285714285714286,0.9666666666666668,0.8923076923076922,28.58470445498824,35,20,15,12.96414546307642,15.562350930063984,0.9,20,20,0.7857142857142857,
200,scale_n0200,q_01,trummer_v1,99,30,35,29,6,1,0.8285714285714286,0.9666666666666668,0.8923076923076922,28.55393674597144,35,20,15,12.92567466298351,15.572128883039111,0.9,20,20,0.7857142857142857,
200,scale_n0200,q_01,trummer_v1,100,30,35,29,6,1,0.8285714285714286,0.9666666666666668,0.8923076923076922,28.6262794790091,35,20,15,12.979685459984466,15.589158473012503,0.9,20,20,0.7857142857142857,
200,scale_n0200,q_01,trummer_v1,101,30,35,29,6,1,0.8285714285714286,0.9666666666666668,0.8923076923076922,28.59044786199229,35,20,15,12.980837516020983,15.546309299999848,0.9,20,20,0.7857142857142857,
200,scale_n0200,q_01,trummer_v1,102,30,35,29,6,1,0.8285714285714286,0.9666666666666668,0.8923076923076922,28.550020413007587,35,20,15,12.943157129106112,15.551937938085755,0.9,20,20,0.7857142857142857,
200,scale_n0200,q_01,trummer_v1,103,30,35,29,6,1,0.8285714285714286,0.9666666666666668,0.8923076923076922,28.630806377041157,35,20,15,12.962852742057294,15.606764591939282,0.9,20,20,0.7857142857142857,
200,scale_n0200,q_01,trummer_v1,104,30,35,29,6,1,0.8285714285714286,0.9666666666666668,0.8923076923076922,28.60433643200668,35,20,15,12.979244176123755,15.565836388967,0.9,20,20,0.7857142857142857,
200,scale_n0200,q_01,trummer_v1,105,30,35,29,6,1,0.8285714285714286,0.9666666666666668,0.8923076923076922,28.60273366695037,35,20,15,12.95995519211283,15.585985493962651,0.9,20,20,0.7857142857142857,
200,scale_n0200,q_01,trummer_v1,106,30,35,29,6,1,0.8285714285714286,0.9666666666666668,0.8923076923076922,28.56138779100729,35,20,15,12.96841798099922,15.534621274971869,0.9,20,20,0.7857142857142857,
200,scale_n0200,q_01,trummer_v1,107,30,35,29,6,1,0.8285714285714286,0.9666666666666668,0.8923076923076922,28.619636389019437,35,20,15,13.000332192052156,15.560823084088042,0.9,20,20,0.7857142857142857,
200,scale_n0200,q_01,trummer_v1,108,30,35,29,6,1,0.8285714285714286,0.9666666666666668,0.8923076923076922,28.574004485970363,35,20,15,12.949664878018666,15.56714631302748,0.9,20,20,0.7857142857142857,
200,scale_n0200,q_01,trummer_v1,109,30,35,29,6,1,0.8285714285714286,0.9666666666666668,0.8923076923076922,28.611063889984507,35,20,15,12.946470582915936,15.604031333932651,0.9,20,20,0.7857142857142857,
200,scale_n0200,q_01,trummer_v1,110,30,35,29,6,1,0.8285714285714286,0.9666666666666668,0.8923076923076922,28.55631424300373,35,20,15,12.92126387002645,15.57807338197017,0.9,20,20,0.7857142857142857,
200,scale_n0200,q_01,trummer_v1,111,30,35,29,6,1,0.8285714285714286,0.9666666666666668,0.8923076923076922,28.617265501990914,35,20,15,12.970175763068257,15.592376169981437,0.9,20,20,0.7857142857142857,
200,scale_n0200,q_01,trummer_v1,112,30,35,29,6,1,0.8285714285714286,0.9666666666666668,0.8923076923076922,28.5152058940148,35,20,15,12.906230505963322,15.55395603494253,0.9,20,20,0.7857142857142857,
200,scale_n0200,q_01,trummer_v1,113,30,35,29,6,1,0.8285714285714286,0.9666666666666668,0.8923076923076922,28.51917737297481,35,20,15,12.913185499957764,15.544687115994748,0.9,20,20,0.7857142857142857,
200,scale_n0200,q_01,trummer_v1,114,30,35,29,6,1,0.8285714285714286,0.9666666666666668,0.8923076923076922,28.599376307975035,35,20,15,12.940712609968614,15.60194418003084,0.9,20,20,0.7857142857142857,
200,scale_n0200,q_01,trummer_v1,115,30,35,29,6,1,0.8285714285714286,0.9666666666666668,0.8923076923076922,28.62373506097356,35,20,15,12.991289666097146,15.574755734123755,0.9,20,20,0.7857142857142857,
200,scale_n0200,q_01,trummer_v1,116,30,35,29,6,1,0.8285714285714286,0.9666666666666668,0.8923076923076922,28.65734313102439,35,20,15,12.999793296912683,15.60074336710386,0.9,20,20,0.7857142857142857,
200,scale_n0200,q_01,trummer_v1,117,30,35,29,6,1,0.8285714285714286,0.9666666666666668,0.8923076923076922,28.537590249965437,35,20,15,12.933279011049308,15.548489644832443,0.9,20,20,0.7857142857142857,
200,scale_n0200,q_01,trummer_v1,118,30,35,29,6,1,0.8285714285714286,0.9666666666666668,0.8923076923076922,28.54614185501123,35,20,15,12.934574750019236,15.554538122727536,0.9,20,20,0.7857142857142857,
200,scale_n0200,q_01,trummer_v1,119,30,35,29,6,1,0.8285714285714286,0.9666666666666668,0.8923076923076922,28.5056028040126,35,20,15,12.928206187963951,15.515828633971978,0.9,20,20,0.7857142857142857,
200,scale_n0200,q_01,trummer_v1,120,30,35,29,6,1,0.8285714285714286,0.9666666666666668,0.8923076923076922,28.55331616901094,35,20,15,12.935878486954609,15.562093473097775,0.9,20,20,0.7857142857142857,
200,scale_n0200,q_01,trummer_v1,121,30,35,29,6,1,0.8285714285714286,0.9666666666666668,0.8923076923076922,28.51187200704589,35,20,15,12.909480116853956,15.54600365710212,0.9,20,20,0.7857142857142857,
200,scale_n0200,q_01,trummer_v1,122,30,35,29,6,1,0.8285714285714286,0.9666666666666668,0.8923076923076922,28.571237508032937,35,20,15,12.922667515987996,15.587493785074912,0.9,20,20,0.7857142857142857,
200,scale_n0200,q_01,trummer_v1,123,30,35,29,6,1,0.8285714285714286,0.9666666666666668,0.8923076923076922,28.55551634303993,35,20,15,12.922289110079872,15.576469956198707,0.9,20,20,0.7857142857142857,
200,scale_n0200,q_01,trummer_v1,124,30,35,29,6,1,0.8285714285714286,0.9666666666666668,0.8923076923076922,28.531048520002518,35,20,15,12.937481444037983,15.53439157200046,0.9,20,20,0.7857142857142857,
200,scale_n0200,q_01,trummer_v1,125,30,35,29,6,1,0.8285714285714286,0.9666666666666668,0.8923076923076922,28.580088380957022,35,20,15,12.927884139877278,15.59252256306354,0.9,20,20,0.7857142857142857,
200,scale_n0200,q_01,trummer_v1,126,30,35,29,6,1,0.8285714285714286,0.9666666666666668,0.8923076923076922,28.57784674596041,35,20,15,12.94832941214554,15.573485088068992,0.9,20,20,0.7857142857142857,
200,scale_n0200,q_01,trummer_v1,127,30,35,29,6,1,0.8285714285714286,0.9666666666666668,0.8923076923076922,28.56309601699468,35,20,15,12.94605939113535,15.559934393095318,0.9,20,20,0.7857142857142857,
200,scale_n0200,q_01,trummer_v1,128,30,35,29,6,1,0.8285714285714286,0.9666666666666668,0.8923076923076922,28.52532042603707,35,20,15,12.919462110905442,15.548010742873885,0.9,20,20,0.7857142857142857,
200,scale_n0200,q_01,trummer_v1,129,30,35,29,6,1,0.8285714285714286,0.9666666666666668,0.8923076923076922,28.55196397000691,35,20,15,12.949960381840356,15.545559321180916,0.9,20,20,0.7857142857142857,
200,scale_n0200,q_01,trummer_v1,130,30,35,29,6,1,0.8285714285714286,0.9666666666666668,0.8923076923076922,28.547677337017376,35,20,15,12.948535283154342,15.544110280112363,0.9,20,20,0.7857142857142857,
200,scale_n0200,q_01,trummer_v1,131,30,35,29,6,1,0.8285714285714286,0.9666666666666668,0.8923076923076922,28.49677949299803,35,20,15,12.880408010911196,15.560779435036238,0.9,20,20,0.7857142857142857,
200,scale_n0200,q_01,trummer_v1,132,30,35,29,6,1,0.8285714285714286,0.9666666666666668,0.8923076923076922,28.62681678397348,35,20,15,12.989779902098237,15.58011173713021,0.9,20,20,0.7857142857142857,
200,scale_n0200,q_01,trummer_v1,133,30,35,29,6,1,0.8285714285714286,0.9666666666666668,0.8923076923076922,28.521315886988305,35,20,15,12.917770961066708,15.5473475640174,0.9,20,20,0.7857142857142857,
200,scale_n0200,q_01,trummer_v1,134,30,35,29,6,1,0.8285714285714286,0.9666666666666668,0.8923076923076922,28.616542871983256,35,20,15,12.965173670905642,15.59174586617155,0.9,20,20,0.7857142857142857,
200,scale_n0200,q_01,trummer_v1,135,30,35,29,6,1,0.8285714285714286,0.9666666666666668,0.8923076923076922,28.620999844977632,35,20,15,12.98401516105514,15.580496804963332,0.9,20,20,0.7857142857142857,
200,scale_n0200,q_01,trummer_v1,136,30,35,29,6,1,0.8285714285714286,0.9666666666666668,0.8923076923076922,28.56977179500973,35,20,15,12.92423080804292,15.59150080184918,0.9,20,20,0.7857142857142857,
200,scale_n0200,q_01,trummer_v1,137,30,35,29,6,1,0.8285714285714286,0.9666666666666668,0.8923076923076922,28.59258595202118,35,20,15,12.96081630786648,15.571443993190767,0.9,20,20,0.7857142857142857,
200,scale_n0200,q_01,trummer_v1,138,30,35,29,6,1,0.8285714285714286,0.9666666666666668,0.8923076923076922,28.56394859496504,35,20,15,12.948922513925936,15.559158894931898,0.9,20,20,0.7857142857142857,
200,scale_n0200,q_01,trummer_v1,139,30,35,29,6,1,0.8285714285714286,0.9666666666666668,0.8923076923076922,28.545126832963437,35,20,15,12.907527473988011,15.581566913984716,0.9,20,20,0.7857142857142857,
200,scale_n0200,q_01,trummer_v1,140,30,35,29,6,1,0.8285714285714286,0.9666666666666668,0.8923076923076922,28.59912141103996,35,20,15,12.946325897763018,15.595397526980378,0.9,20,20,0.7857142857142857,
200,scale_n0200,q_01,trummer_v1,141,30,35,29,6,1,0.8285714285714286,0.9666666666666668,0.8923076923076922,28.56068584503373,35,20,15,12.953159617900385,15.552320577029604,0.9,20,20,0.7857142857142857,
200,scale_n0200,q_01,trummer_v1,142,30,35,29,6,1,0.8285714285714286,0.9666666666666668,0.8923076923076922,28.562094778986648,35,20,15,12.948547294130549,15.555392682959791,0.9,20,20,0.7857142857142857,
200,scale_n0200,q_01,trummer_v1,143,30,35,29,6,1,0.8285714285714286,0.9666666666666668,0.8923076923076922,28.55501918803202,35,20,15,12.936683620035184,15.562702990078831,0.9,20,20,0.7857142857142857,
200,scale_n0200,q_01,trummer_v1,144,30,35,29,6,1,0.8285714285714286,0.9666666666666668,0.8923076923076922,28.56862916599493,35,20,15,12.934229634003714,15.576261757058091,0.9,20,20,0.7857142857142857,
200,scale_n0200,q_01,trummer_v1,145,30,35,29,6,1,0.8285714285714286,0.9666666666666668,0.8923076923076922,28.589723472017795,35,20,15,12.955851308070123,15.575721883040387,0.9,20,20,0.7857142857142857,
200,scale_n0200,q_01,trummer_v1,146,30,35,29,6,1,0.8285714285714286,0.9666666666666668,0.8923076923076922,28.57016439602012,35,20,15,12.944098206819035,15.571855972113552,0.9,20,20,0.7857142857142857,
200,scale_n0200,q_01,trummer_v1,147,30,35,29,6,1,0.8285714285714286,0.9666666666666668,0.8923076923076922,28.496418241003997,35,20,15,12.903690703795291,15.537360191054177,0.9,20,20,0.7857142857142857,
200,scale_n0200,q_01,trummer_v1,148,30,35,29,6,1,0.8285714285714286,0.9666666666666668,0.8923076923076922,28.57855253299931,35,20,15,12.95255343709141,15.566364231228365,0.9,20,20,0.7857142857142857,
200,scale_n0200,q_01,trummer_v1,149,30,35,29,6,1,0.8285714285714286,0.9666666666666668,0.8923076923076922,28.534251592005603,35,20,15,12.926311658055056,15.549158516980242,0.9,20,20,0.7857142857142857,
200,scale_n0200,q_01,trummer_v1,150,30,35,29,6,1,0.8285714285714286,0.9666666666666668,0.8923076923076922,28.501654818013776,35,20,15,12.872990464034956,15.572709233791102,0.9,20,20,0.7857142857142857,
300,scale_n0300,q_01,suql_baseline,1,45,49,42,7,3,0.8571428571428571,0.9333333333333332,0.8936170212765957,56.98799588001566,147,0,147,0.0,56.91890315810451,0.9,20,0,0.0,
300,scale_n0300,q_01,suql_baseline,2,45,49,42,7,3,0.8571428571428571,0.9333333333333332,0.8936170212765957,56.8640412610257,147,0,147,0.0,56.79895567218773,0.9,20,0,0.0,
300,scale_n0300,q_01,suql_baseline,3,45,49,42,7,3,0.8571428571428571,0.9333333333333332,0.8936170212765957,56.94316997000715,147,0,147,0.0,56.87346171727404,0.9,20,0,0.0,
300,scale_n0300,q_01,suql_baseline,4,45,49,42,7,3,0.8571428571428571,0.9333333333333332,0.8936170212765957,56.93706154398387,147,0,147,0.0,56.87171157525154,0.9,20,0,0.0,
300,scale_n0300,q_01,suql_baseline,5,45,49,42,7,3,0.8571428571428571,0.9333333333333332,0.8936170212765957,57.01055493601598,147,0,147,0.0,56.94220583420247,0.9,20,0,0.0,
300,scale_n0300,q_01,suql_baseline,6,45,49,42,7,3,0.8571428571428571,0.9333333333333332,0.8936170212765957,57.531273670028895,147,0,147,0.0,57.46438269363716,0.9,20,0,0.0,
300,scale_n0300,q_01,suql_baseline,7,45,49,42,7,3,0.8571428571428571,0.9333333333333332,0.8936170212765957,57.547760715009645,147,0,147,0.0,57.48153136047768,0.9,20,0,0.0,
300,scale_n0300,q_01,suql_baseline,8,45,49,42,7,3,0.8571428571428571,0.9333333333333332,0.8936170212765957,57.47168517799582,147,0,147,0.0,57.40261474315776,0.9,20,0,0.0,
300,scale_n0300,q_01,suql_baseline,9,45,49,42,7,3,0.8571428571428571,0.9333333333333332,0.8936170212765957,57.45611596305389,147,0,147,0.0,57.39081721002003,0.9,20,0,0.0,
300,scale_n0300,q_01,suql_baseline,10,45,49,42,7,3,0.8571428571428571,0.9333333333333332,0.8936170212765957,57.53416393999942,147,0,147,0.0,57.46956360922195,0.9,20,0,0.0,
300,scale_n0300,q_01,suql_baseline,11,45,49,42,7,3,0.8571428571428571,0.9333333333333332,0.8936170212765957,57.20734987297328,147,0,147,0.0,57.144384383107536,0.9,20,0,0.0,
300,scale_n0300,q_01,suql_baseline,12,45,49,42,7,3,0.8571428571428571,0.9333333333333332,0.8936170212765957,57.46378079999704,147,0,147,0.0,57.40105652954662,0.9,20,0,0.0,
300,scale_n0300,q_01,suql_baseline,13,45,49,42,7,3,0.8571428571428571,0.9333333333333332,0.8936170212765957,57.35326584900031,147,0,147,0.0,57.2887632419006,0.9,20,0,0.0,
300,scale_n0300,q_01,suql_baseline,14,45,49,42,7,3,0.8571428571428571,0.9333333333333332,0.8936170212765957,57.35798679298023,147,0,147,0.0,57.29041642905213,0.9,20,0,0.0,
300,scale_n0300,q_01,suql_baseline,15,45,49,42,7,3,0.8571428571428571,0.9333333333333332,0.8936170212765957,57.33795001904946,147,0,147,0.0,57.271353955438826,0.9,20,0,0.0,
300,scale_n0300,q_01,suql_baseline,16,45,49,42,7,3,0.8571428571428571,0.9333333333333332,0.8936170212765957,57.47631892602658,147,0,147,0.0,57.41109806741588,0.9,20,0,0.0,
300,scale_n0300,q_01,suql_baseline,17,45,49,42,7,3,0.8571428571428571,0.9333333333333332,0.8936170212765957,57.495189134031534,147,0,147,0.0,57.43023012537742,0.9,20,0,0.0,
300,scale_n0300,q_01,suql_baseline,18,45,49,42,7,3,0.8571428571428571,0.9333333333333332,0.8936170212765957,57.41542705800384,147,0,147,0.0,57.34830822702497,0.9,20,0,0.0,
300,scale_n0300,q_01,suql_baseline,19,45,49,42,7,3,0.8571428571428571,0.9333333333333332,0.8936170212765957,57.49292004300514,147,0,147,0.0,57.423946349474136,0.9,20,0,0.0,
300,scale_n0300,q_01,suql_baseline,20,45,49,42,7,3,0.8571428571428571,0.9333333333333332,0.8936170212765957,57.54374932998326,147,0,147,0.0,57.47999170207186,0.9,20,0,0.0,
300,scale_n0300,q_01,suql_baseline,21,45,49,42,7,3,0.8571428571428571,0.9333333333333332,0.8936170212765957,57.66174515802413,147,0,147,0.0,57.59891969698947,0.9,20,0,0.0,
300,scale_n0300,q_01,suql_baseline,22,45,49,42,7,3,0.8571428571428571,0.9333333333333332,0.8936170212765957,57.423758435004856,147,0,147,0.0,57.3596128342906,0.9,20,0,0.0,
300,scale_n0300,q_01,suql_baseline,23,45,49,42,7,3,0.8571428571428571,0.9333333333333332,0.8936170212765957,57.49078684602864,147,0,147,0.0,57.426899469748605,0.9,20,0,0.0,
300,scale_n0300,q_01,suql_baseline,24,45,49,42,7,3,0.8571428571428571,0.9333333333333332,0.8936170212765957,57.36498938401928,147,0,147,0.0,57.2971130204387,0.9,20,0,0.0,
300,scale_n0300,q_01,suql_baseline,25,45,49,42,7,3,0.8571428571428571,0.9333333333333332,0.8936170212765957,57.54232567496365,147,0,147,0.0,57.47588219610043,0.9,20,0,0.0,
300,scale_n0300,q_01,suql_baseline,26,45,49,42,7,3,0.8571428571428571,0.9333333333333332,0.8936170212765957,57.498302412976045,147,0,147,0.0,57.43367309041787,0.9,20,0,0.0,
300,scale_n0300,q_01,suql_baseline,27,45,49,42,7,3,0.8571428571428571,0.9333333333333332,0.8936170212765957,57.48331235797377,147,0,147,0.0,57.41957890003687,0.9,20,0,0.0,
300,scale_n0300,q_01,suql_baseline,28,45,49,42,7,3,0.8571428571428571,0.9333333333333332,0.8936170212765957,57.51215129200136,147,0,147,0.0,57.44735375442542,0.9,20,0,0.0,
300,scale_n0300,q_01,suql_baseline,29,45,49,42,7,3,0.8571428571428571,0.9333333333333332,0.8936170212765957,57.3637910039979,147,0,147,0.0,57.29952657828108,0.9,20,0,0.0,
300,scale_n0300,q_01,suql_baseline,30,45,49,42,7,3,0.8571428571428571,0.9333333333333332,0.8936170212765957,57.39064728998346,147,0,147,0.0,57.32151924580103,0.9,20,0,0.0,
300,scale_n0300,q_01,suql_baseline,31,45,49,42,7,3,0.8571428571428571,0.9333333333333332,0.8936170212765957,57.32870965404436,147,0,147,0.0,57.26063417526893,0.9,20,0,0.0,
300,scale_n0300,q_01,suql_baseline,32,45,49,42,7,3,0.8571428571428571,0.9333333333333332,0.8936170212765957,57.40759139100555,147,0,147,0.0,57.34519399004057,0.9,20,0,0.0,
300,scale_n0300,q_01,suql_baseline,33,45,49,42,7,3,0.8571428571428571,0.9333333333333332,0.8936170212765957,57.57842066598823,147,0,147,0.0,57.51583178853616,0.9,20,0,0.0,
300,scale_n0300,q_01,suql_baseline,34,45,49,42,7,3,0.8571428571428571,0.9333333333333332,0.8936170212765957,57.372673960984685,147,0,147,0.0,57.30826089519542,0.9,20,0,0.0,
300,scale_n0300,q_01,suql_baseline,35,45,49,42,7,3,0.8571428571428571,0.9333333333333332,0.8936170212765957,57.6460177230183,147,0,147,0.0,57.58426405407954,0.9,20,0,0.0,
300,scale_n0300,q_01,suql_baseline,36,45,49,42,7,3,0.8571428571428571,0.9333333333333332,0.8936170212765957,57.630395473970566,147,0,147,0.0,57.56579759455053,0.9,20,0,0.0,
300,scale_n0300,q_01,suql_baseline,37,45,49,42,7,3,0.8571428571428571,0.9333333333333332,0.8936170212765957,57.794103651016485,147,0,147,0.0,57.73151570127811,0.9,20,0,0.0,
300,scale_n0300,q_01,suql_baseline,38,45,49,42,7,3,0.8571428571428571,0.9333333333333332,0.8936170212765957,57.51303279201966,147,0,147,0.0,57.452131414669566,0.9,20,0,0.0,
300,scale_n0300,q_01,suql_baseline,39,45,49,42,7,3,0.8571428571428571,0.9333333333333332,0.8936170212765957,57.61478116601938,147,0,147,0.0,57.54966975172283,0.9,20,0,0.0,
300,scale_n0300,q_01,suql_baseline,40,45,49,42,7,3,0.8571428571428571,0.9333333333333332,0.8936170212765957,57.57554440497188,147,0,147,0.0,57.51265935273841,0.9,20,0,0.0,
300,scale_n0300,q_01,suql_baseline,41,45,49,42,7,3,0.8571428571428571,0.9333333333333332,0.8936170212765957,57.53396366199013,147,0,147,0.0,57.46735541365342,0.9,20,0,0.0,
300,scale_n0300,q_01,suql_baseline,42,45,49,42,7,3,0.8571428571428571,0.9333333333333332,0.8936170212765957,57.63441285002045,147,0,147,0.0,57.5672671070206,0.9,20,0,0.0,
300,scale_n0300,q_01,suql_baseline,43,45,49,42,7,3,0.8571428571428571,0.9333333333333332,0.8936170212765957,57.57045374100562,147,0,147,0.0,57.50651706039207,0.9,20,0,0.0,
300,scale_n0300,q_01,suql_baseline,44,45,49,42,7,3,0.8571428571428571,0.9333333333333332,0.8936170212765957,57.48872217402095,147,0,147,0.0,57.41996510286117,0.9,20,0,0.0,
300,scale_n0300,q_01,suql_baseline,45,45,49,42,7,3,0.8571428571428571,0.9333333333333332,0.8936170212765957,57.70216053404147,147,0,147,0.0,57.637396659411024,0.9,20,0,0.0,
300,scale_n0300,q_01,suql_baseline,46,45,49,42,7,3,0.8571428571428571,0.9333333333333332,0.8936170212765957,57.72579368302832,147,0,147,0.0,57.65596499404637,0.9,20,0,0.0,
300,scale_n0300,q_01,suql_baseline,47,45,49,42,7,3,0.8571428571428571,0.9333333333333332,0.8936170212765957,57.512537400005385,147,0,147,0.0,57.44509375706548,0.9,20,0,0.0,
300,scale_n0300,q_01,suql_baseline,48,45,49,42,7,3,0.8571428571428571,0.9333333333333332,0.8936170212765957,57.558209337992594,147,0,147,0.0,57.49159828689881,0.9,20,0,0.0,
300,scale_n0300,q_01,suql_baseline,49,45,49,42,7,3,0.8571428571428571,0.9333333333333332,0.8936170212765957,57.742956806963775,147,0,147,0.0,57.67703370406525,0.9,20,0,0.0,
300,scale_n0300,q_01,suql_baseline,50,45,49,42,7,3,0.8571428571428571,0.9333333333333332,0.8936170212765957,57.97769435198279,147,0,147,0.0,57.9165289363591,0.9,20,0,0.0,
300,scale_n0300,q_01,suql_baseline,51,45,49,42,7,3,0.8571428571428571,0.9333333333333332,0.8936170212765957,57.88003014505375,147,0,147,0.0,57.81691696407506,0.9,20,0,0.0,
300,scale_n0300,q_01,suql_baseline,52,45,49,42,7,3,0.8571428571428571,0.9333333333333332,0.8936170212765957,57.99498751101783,147,0,147,0.0,57.929699273081496,0.9,20,0,0.0,
300,scale_n0300,q_01,suql_baseline,53,45,49,42,7,3,0.8571428571428571,0.9333333333333332,0.8936170212765957,57.97582108201459,147,0,147,0.0,57.91317759518279,0.9,20,0,0.0,
300,scale_n0300,q_01,suql_baseline,54,45,49,42,7,3,0.8571428571428571,0.9333333333333332,0.8936170212765957,58.248640747973695,147,0,147,0.0,58.18670744088013,0.9,20,0,0.0,
300,scale_n0300,q_01,suql_baseline,55,45,49,42,7,3,0.8571428571428571,0.9333333333333332,0.8936170212765957,57.84536473097978,147,0,147,0.0,57.78153758798726,0.9,20,0,0.0,
300,scale_n0300,q_01,suql_baseline,56,45,49,42,7,3,0.8571428571428571,0.9333333333333332,0.8936170212765957,58.06281728396425,147,0,147,0.0,57.99737831013044,0.9,20,0,0.0,
300,scale_n0300,q_01,suql_baseline,57,45,49,42,7,3,0.8571428571428571,0.9333333333333332,0.8936170212765957,57.82583712000633,147,0,147,0.0,57.76464652398136,0.9,20,0,0.0,
300,scale_n0300,q_01,suql_baseline,58,45,49,42,7,3,0.8571428571428571,0.9333333333333332,0.8936170212765957,58.42641137301689,147,0,147,0.0,58.36448692798149,0.9,20,0,0.0,
300,scale_n0300,q_01,suql_baseline,59,45,49,42,7,3,0.8571428571428571,0.9333333333333332,0.8936170212765957,57.90649229398696,147,0,147,0.0,57.8341974519426,0.9,20,0,0.0,
300,scale_n0300,q_01,suql_baseline,60,45,49,42,7,3,0.8571428571428571,0.9333333333333332,0.8936170212765957,57.62101538595744,147,0,147,0.0,57.55945582716959,0.9,20,0,0.0,
300,scale_n0300,q_01,suql_baseline,61,45,49,42,7,3,0.8571428571428571,0.9333333333333332,0.8936170212765957,57.55046647496056,147,0,147,0.0,57.482856035174336,0.9,20,0,0.0,
300,scale_n0300,q_01,suql_baseline,62,45,49,42,7,3,0.8571428571428571,0.9333333333333332,0.8936170212765957,57.627591335971374,147,0,147,0.0,57.5605671221856,0.9,20,0,0.0,
300,scale_n0300,q_01,suql_baseline,63,45,49,42,7,3,0.8571428571428571,0.9333333333333332,0.8936170212765957,57.38769291399512,147,0,147,0.0,57.32135515799746,0.9,20,0,0.0,
300,scale_n0300,q_01,suql_baseline,64,45,49,42,7,3,0.8571428571428571,0.9333333333333332,0.8936170212765957,57.31794176704716,147,0,147,0.0,57.256101450300775,0.9,20,0,0.0,
300,scale_n0300,q_01,suql_baseline,65,45,49,42,7,3,0.8571428571428571,0.9333333333333332,0.8936170212765957,57.46188860799885,147,0,147,0.0,57.40110857383115,0.9,20,0,0.0,
300,scale_n0300,q_01,suql_baseline,66,45,49,42,7,3,0.8571428571428571,0.9333333333333332,0.8936170212765957,57.43138365802588,147,0,147,0.0,57.36450522521045,0.9,20,0,0.0,
300,scale_n0300,q_01,suql_baseline,67,45,49,42,7,3,0.8571428571428571,0.9333333333333332,0.8936170212765957,57.43923839199124,147,0,147,0.0,57.37372923456133,0.9,20,0,0.0,
300,scale_n0300,q_01,suql_baseline,68,45,49,42,7,3,0.8571428571428571,0.9333333333333332,0.8936170212765957,57.602279904007446,147,0,147,0.0,57.53547254111618,0.9,20,0,0.0,
300,scale_n0300,q_01,suql_baseline,69,45,49,42,7,3,0.8571428571428571,0.9333333333333332,0.8936170212765957,57.764901863993146,147,0,147,0.0,57.702304826816544,0.9,20,0,0.0,
300,scale_n0300,q_01,suql_baseline,70,45,49,42,7,3,0.8571428571428571,0.9333333333333332,0.8936170212765957,57.65104854700621,147,0,147,0.0,57.58149906818289,0.9,20,0,0.0,
300,scale_n0300,q_01,suql_baseline,71,45,49,42,7,3,0.8571428571428571,0.9333333333333332,0.8936170212765957,57.65843960299389,147,0,147,0.0,57.58969603391597,0.9,20,0,0.0,
300,scale_n0300,q_01,suql_baseline,72,45,49,42,7,3,0.8571428571428571,0.9333333333333332,0.8936170212765957,57.74439456302207,147,0,147,0.0,57.68300043954514,0.9,20,0,0.0,
300,scale_n0300,q_01,suql_baseline,73,45,49,42,7,3,0.8571428571428571,0.9333333333333332,0.8936170212765957,57.6306150520104,147,0,147,0.0,57.56762988312403,0.9,20,0,0.0,
300,scale_n0300,q_01,suql_baseline,74,45,49,42,7,3,0.8571428571428571,0.9333333333333332,0.8936170212765957,57.51203656097641,147,0,147,0.0,57.44206160766771,0.9,20,0,0.0,
300,scale_n0300,q_01,suql_baseline,75,45,49,42,7,3,0.8571428571428571,0.9333333333333332,0.8936170212765957,57.6262613569852,147,0,147,0.0,57.56521723704645,0.9,20,0,0.0,
300,scale_n0300,q_01,suql_baseline,76,45,49,42,7,3,0.8571428571428571,0.9333333333333332,0.8936170212765957,57.69296748598572,147,0,147,0.0,57.63092117512133,0.9,20,0,0.0,
300,scale_n0300,q_01,suql_baseline,77,45,49,42,7,3,0.8571428571428571,0.9333333333333332,0.8936170212765957,57.53533430100652,147,0,147,0.0,57.46923074533697,0.9,20,0,0.0,
300,scale_n0300,q_01,suql_baseline,78,45,49,42,7,3,0.8571428571428571,0.9333333333333332,0.8936170212765957,57.50034736201633,147,0,147,0.0,57.43331508449046,0.9,20,0,0.0,
300,scale_n0300,q_01,suql_baseline,79,45,49,42,7,3,0.8571428571428571,0.9333333333333332,0.8936170212765957,57.55720634496538,147,0,147,0.0,57.4887655833154,0.9,20,0,0.0,
300,scale_n0300,q_01,suql_baseline,80,45,49,42,7,3,0.8571428571428571,0.9333333333333332,0.8936170212765957,57.46164790901821,147,0,147,0.0,57.39740366820479,0.9,20,0,0.0,
300,scale_n0300,q_01,suql_baseline,81,45,49,42,7,3,0.8571428571428571,0.9333333333333332,0.8936170212765957,57.51042429701192,147,0,147,0.0,57.44793475692859,0.9,20,0,0.0,
300,scale_n0300,q_01,suql_baseline,82,45,49,42,7,3,0.8571428571428571,0.9333333333333332,0.8936170212765957,57.55555069097318,147,0,147,0.0,57.49203544919146,0.9,20,0,0.0,
300,scale_n0300,q_01,suql_baseline,83,45,49,42,7,3,0.8571428571428571,0.9333333333333332,0.8936170212765957,57.547726913995575,147,0,147,0.0,57.48415099922568,0.9,20,0,0.0,
300,scale_n0300,q_01,suql_baseline,84,45,49,42,7,3,0.8571428571428571,0.9333333333333332,0.8936170212765957,57.396985046972986,147,0,147,0.0,57.33389089425327,0.9,20,0,0.0,
300,scale_n0300,q_01,suql_baseline,85,45,49,42,7,3,0.8571428571428571,0.9333333333333332,0.8936170212765957,57.60328991396818,147,0,147,0.0,57.53977228788426,0.9,20,0,0.0,
300,scale_n0300,q_01,suql_baseline,86,45,49,42,7,3,0.8571428571428571,0.9333333333333332,0.8936170212765957,57.52337906701723,147,0,147,0.0,57.46131166344276,0.9,20,0,0.0,
300,scale_n0300,q_01,suql_baseline,87,45,49,42,7,3,0.8571428571428571,0.9333333333333332,0.8936170212765957,57.68069422699045,147,0,147,0.0,57.61792452860391,0.9,20,0,0.0,
300,scale_n0300,q_01,suql_baseline,88,45,49,42,7,3,0.8571428571428571,0.9333333333333332,0.8936170212765957,57.67315011797473,147,0,147,0.0,57.60761414468288,0.9,20,0,0.0,
300,scale_n0300,q_01,suql_baseline,89,45,49,42,7,3,0.8571428571428571,0.9333333333333332,0.8936170212765957,57.77530289901188,147,0,147,0.0,57.70986963406904,0.9,20,0,0.0,
300,scale_n0300,q_01,suql_baseline,90,45,49,42,7,3,0.8571428571428571,0.9333333333333332,0.8936170212765957,57.51878473395482,147,0,147,0.0,57.45231717347633,0.9,20,0,0.0,
300,scale_n0300,q_01,suql_baseline,91,45,49,42,7,3,0.8571428571428571,0.9333333333333332,0.8936170212765957,57.54432419501245,147,0,147,0.0,57.478512832080014,0.9,20,0,0.0,
300,scale_n0300,q_01,suql_baseline,92,45,49,42,7,3,0.8571428571428571,0.9333333333333332,0.8936170212765957,57.57265365001513,147,0,147,0.0,57.50721751805395,0.9,20,0,0.0,
300,scale_n0300,q_01,suql_baseline,93,45,49,42,7,3,0.8571428571428571,0.9333333333333332,0.8936170212765957,57.23511955095455,147,0,147,0.0,57.17352397594368,0.9,20,0,0.0,
300,scale_n0300,q_01,suql_baseline,94,45,49,42,7,3,0.8571428571428571,0.9333333333333332,0.8936170212765957,57.42198786698282,147,0,147,0.0,57.351217843126506,0.9,20,0,0.0,
300,scale_n0300,q_01,suql_baseline,95,45,49,42,7,3,0.8571428571428571,0.9333333333333332,0.8936170212765957,57.45407689298736,147,0,147,0.0,57.38877042348031,0.9,20,0,0.0,
300,scale_n0300,q_01,suql_baseline,96,45,49,42,7,3,0.8571428571428571,0.9333333333333332,0.8936170212765957,57.5492164719617,147,0,147,0.0,57.48173270490952,0.9,20,0,0.0,
300,scale_n0300,q_01,suql_baseline,97,45,49,42,7,3,0.8571428571428571,0.9333333333333332,0.8936170212765957,57.5866835800116,147,0,147,0.0,57.523042360146064,0.9,20,0,0.0,
300,scale_n0300,q_01,suql_baseline,98,45,49,42,7,3,0.8571428571428571,0.9333333333333332,0.8936170212765957,57.62403659999836,147,0,147,0.0,57.5576768136234,0.9,20,0,0.0,
300,scale_n0300,q_01,suql_baseline,99,45,49,42,7,3,0.8571428571428571,0.9333333333333332,0.8936170212765957,57.67257820197847,147,0,147,0.0,57.60594536294229,0.9,20,0,0.0,
300,scale_n0300,q_01,suql_baseline,100,45,49,42,7,3,0.8571428571428571,0.9333333333333332,0.8936170212765957,57.65219638199778,147,0,147,0.0,57.58869010856142,0.9,20,0,0.0,
300,scale_n0300,q_01,suql_baseline,101,45,49,42,7,3,0.8571428571428571,0.9333333333333332,0.8936170212765957,57.576976060983725,147,0,147,0.0,57.51007710036356,0.9,20,0,0.0,
300,scale_n0300,q_01,suql_baseline,102,45,49,42,7,3,0.8571428571428571,0.9333333333333332,0.8936170212765957,57.63471182604553,147,0,147,0.0,57.56730380194495,0.9,20,0,0.0,
300,scale_n0300,q_01,suql_baseline,103,45,49,42,7,3,0.8571428571428571,0.9333333333333332,0.8936170212765957,57.503654977015685,147,0,147,0.0,57.43614406517008,0.9,20,0,0.0,
300,scale_n0300,q_01,suql_baseline,104,45,49,42,7,3,0.8571428571428571,0.9333333333333332,0.8936170212765957,57.82026247098111,147,0,147,0.0,57.75012101518223,0.9,20,0,0.0,
300,scale_n0300,q_01,suql_baseline,105,45,49,42,7,3,0.8571428571428571,0.9333333333333332,0.8936170212765957,57.5179616639507,147,0,147,0.0,57.45238570088986,0.9,20,0,0.0,
300,scale_n0300,q_01,suql_baseline,106,45,49,42,7,3,0.8571428571428571,0.9333333333333332,0.8936170212765957,57.51595100801205,147,0,147,0.0,57.45071780972648,0.9,20,0,0.0,
300,scale_n0300,q_01,suql_baseline,107,45,49,42,7,3,0.8571428571428571,0.9333333333333332,0.8936170212765957,57.54232010402484,147,0,147,0.0,57.47953420277918,0.9,20,0,0.0,
300,scale_n0300,q_01,suql_baseline,108,45,49,42,7,3,0.8571428571428571,0.9333333333333332,0.8936170212765957,57.45272917702096,147,0,147,0.0,57.38924645376392,0.9,20,0,0.0,
300,scale_n0300,q_01,suql_baseline,109,45,49,42,7,3,0.8571428571428571,0.9333333333333332,0.8936170212765957,57.40295766299823,147,0,147,0.0,57.33962452609558,0.9,20,0,0.0,
300,scale_n0300,q_01,suql_baseline,110,45,49,42,7,3,0.8571428571428571,0.9333333333333332,0.8936170212765957,57.57113937102258,147,0,147,0.0,57.50513402692741,0.9,20,0,0.0,
300,scale_n0300,q_01,suql_baseline,111,45,49,42,7,3,0.8571428571428571,0.9333333333333332,0.8936170212765957,57.583266042987816,147,0,147,0.0,57.52223646664061,0.9,20,0,0.0,
300,scale_n0300,q_01,suql_baseline,112,45,49,42,7,3,0.8571428571428571,0.9333333333333332,0.8936170212765957,57.490499306994025,147,0,147,0.0,57.42097370675765,0.9,20,0,0.0,
300,scale_n0300,q_01,suql_baseline,113,45,49,42,7,3,0.8571428571428571,0.9333333333333332,0.8936170212765957,57.40073543897597,147,0,147,0.0,57.33954020799138,0.9,20,0,0.0,
300,scale_n0300,q_01,suql_baseline,114,45,49,42,7,3,0.8571428571428571,0.9333333333333332,0.8936170212765957,57.52725327096414,147,0,147,0.0,57.46578933799174,0.9,20,0,0.0,
300,scale_n0300,q_01,suql_baseline,115,45,49,42,7,3,0.8571428571428571,0.9333333333333332,0.8936170212765957,57.37780587997986,147,0,147,0.0,57.314273119030986,0.9,20,0,0.0,
300,scale_n0300,q_01,suql_baseline,116,45,49,42,7,3,0.8571428571428571,0.9333333333333332,0.8936170212765957,57.45398484100588,147,0,147,0.0,57.3942015756038,0.9,20,0,0.0,
300,scale_n0300,q_01,suql_baseline,117,45,49,42,7,3,0.8571428571428571,0.9333333333333332,0.8936170212765957,57.51130631298293,147,0,147,0.0,57.44256760901772,0.9,20,0,0.0,
300,scale_n0300,q_01,suql_baseline,118,45,49,42,7,3,0.8571428571428571,0.9333333333333332,0.8936170212765957,57.499919891997706,147,0,147,0.0,57.43195773108164,0.9,20,0,0.0,
300,scale_n0300,q_01,suql_baseline,119,45,49,42,7,3,0.8571428571428571,0.9333333333333332,0.8936170212765957,57.41176639404148,147,0,147,0.0,57.34530681982869,0.9,20,0,0.0,
300,scale_n0300,q_01,suql_baseline,120,45,49,42,7,3,0.8571428571428571,0.9333333333333332,0.8936170212765957,57.24040446896106,147,0,147,0.0,57.1740835387609,0.9,20,0,0.0,
300,scale_n0300,q_01,suql_baseline,121,45,49,42,7,3,0.8571428571428571,0.9333333333333332,0.8936170212765957,57.540423162980005,147,0,147,0.0,57.47807332617231,0.9,20,0,0.0,
300,scale_n0300,q_01,suql_baseline,122,45,49,42,7,3,0.8571428571428571,0.9333333333333332,0.8936170212765957,57.51347663498018,147,0,147,0.0,57.45134833420161,0.9,20,0,0.0,
300,scale_n0300,q_01,suql_baseline,123,45,49,42,7,3,0.8571428571428571,0.9333333333333332,0.8936170212765957,57.5663148429594,147,0,147,0.0,57.50010096561164,0.9,20,0,0.0,
300,scale_n0300,q_01,suql_baseline,124,45,49,42,7,3,0.8571428571428571,0.9333333333333332,0.8936170212765957,57.70429871499073,147,0,147,0.0,57.6365523802815,0.9,20,0,0.0,
300,scale_n0300,q_01,suql_baseline,125,45,49,42,7,3,0.8571428571428571,0.9333333333333332,0.8936170212765957,57.694869548024144,147,0,147,0.0,57.62967659399146,0.9,20,0,0.0,
300,scale_n0300,q_01,suql_baseline,126,45,49,42,7,3,0.8571428571428571,0.9333333333333332,0.8936170212765957,57.689305586973205,147,0,147,0.0,57.62130271346541,0.9,20,0,0.0,
300,scale_n0300,q_01,suql_baseline,127,45,49,42,7,3,0.8571428571428571,0.9333333333333332,0.8936170212765957,57.62455197301461,147,0,147,0.0,57.55914064170793,0.9,20,0,0.0,
300,scale_n0300,q_01,suql_baseline,128,45,49,42,7,3,0.8571428571428571,0.9333333333333332,0.8936170212765957,57.62674955499824,147,0,147,0.0,57.56213839974953,0.9,20,0,0.0,
300,scale_n0300,q_01,suql_baseline,129,45,49,42,7,3,0.8571428571428571,0.9333333333333332,0.8936170212765957,57.90274322999176,147,0,147,0.0,57.84045520651853,0.9,20,0,0.0,
300,scale_n0300,q_01,suql_baseline,130,45,49,42,7,3,0.8571428571428571,0.9333333333333332,0.8936170212765957,57.84303137101233,147,0,147,0.0,57.77482808451168,0.9,20,0,0.0,
300,scale_n0300,q_01,suql_baseline,131,45,49,42,7,3,0.8571428571428571,0.9333333333333332,0.8936170212765957,57.85259524703724,147,0,147,0.0,57.78557357995305,0.9,20,0,0.0,
300,scale_n0300,q_01,suql_baseline,132,45,49,42,7,3,0.8571428571428571,0.9333333333333332,0.8936170212765957,57.62208098103292,147,0,147,0.0,57.55562256008852,0.9,20,0,0.0,
300,scale_n0300,q_01,suql_baseline,133,45,49,42,7,3,0.8571428571428571,0.9333333333333332,0.8936170212765957,57.46986333001405,147,0,147,0.0,57.40254515607376,0.9,20,0,0.0,
300,scale_n0300,q_01,suql_baseline,134,45,49,42,7,3,0.8571428571428571,0.9333333333333332,0.8936170212765957,57.7685641470016,147,0,147,0.0,57.706142264883965,0.9,20,0,0.0,
300,scale_n0300,q_01,suql_baseline,135,45,49,42,7,3,0.8571428571428571,0.9333333333333332,0.8936170212765957,57.60172920604237,147,0,147,0.0,57.53987799753668,0.9,20,0,0.0,
300,scale_n0300,q_01,suql_baseline,136,45,49,42,7,3,0.8571428571428571,0.9333333333333332,0.8936170212765957,57.50237746897619,147,0,147,0.0,57.43502056313446,0.9,20,0,0.0,
300,scale_n0300,q_01,suql_baseline,137,45,49,42,7,3,0.8571428571428571,0.9333333333333332,0.8936170212765957,57.40162642498035,147,0,147,0.0,57.33742943685502,0.9,20,0,0.0,
300,scale_n0300,q_01,suql_baseline,138,45,49,42,7,3,0.8571428571428571,0.9333333333333332,0.8936170212765957,57.54970814200351,147,0,147,0.0,57.48432284966111,0.9,20,0,0.0,
300,scale_n0300,q_01,suql_baseline,139,45,49,42,7,3,0.8571428571428571,0.9333333333333332,0.8936170212765957,57.42682580201654,147,0,147,0.0,57.35772981145419,0.9,20,0,0.0,
300,scale_n0300,q_01,suql_baseline,140,45,49,42,7,3,0.8571428571428571,0.9333333333333332,0.8936170212765957,57.3746062660357,147,0,147,0.0,57.3103695649188,0.9,20,0,0.0,
300,scale_n0300,q_01,suql_baseline,141,45,49,42,7,3,0.8571428571428571,0.9333333333333332,0.8936170212765957,57.48338210600196,147,0,147,0.0,57.41419543075608,0.9,20,0,0.0,
300,scale_n0300,q_01,suql_baseline,142,45,49,42,7,3,0.8571428571428571,0.9333333333333332,0.8936170212765957,57.51466947700828,147,0,147,0.0,57.446914392057806,0.9,20,0,0.0,
300,scale_n0300,q_01,suql_baseline,143,45,49,42,7,3,0.8571428571428571,0.9333333333333332,0.8936170212765957,57.56400133902207,147,0,147,0.0,57.50102282851003,0.9,20,0,0.0,
300,scale_n0300,q_01,suql_baseline,144,45,49,42,7,3,0.8571428571428571,0.9333333333333332,0.8936170212765957,57.46447003696812,147,0,147,0.0,57.39607772632735,0.9,20,0,0.0,
300,scale_n0300,q_01,suql_baseline,145,45,49,42,7,3,0.8571428571428571,0.9333333333333332,0.8936170212765957,57.7237668960006,147,0,147,0.0,57.66014850192005,0.9,20,0,0.0,
300,scale_n0300,q_01,suql_baseline,146,45,49,42,7,3,0.8571428571428571,0.9333333333333332,0.8936170212765957,57.70527969801333,147,0,147,0.0,57.64345512428554,0.9,20,0,0.0,
300,scale_n0300,q_01,suql_baseline,147,45,49,42,7,3,0.8571428571428571,0.9333333333333332,0.8936170212765957,57.59372708195588,147,0,147,0.0,57.53062185511226,0.9,20,0,0.0,
300,scale_n0300,q_01,suql_baseline,148,45,49,42,7,3,0.8571428571428571,0.9333333333333332,0.8936170212765957,57.41886492399499,147,0,147,0.0,57.35015715431655,0.9,20,0,0.0,
300,scale_n0300,q_01,suql_baseline,149,45,49,42,7,3,0.8571428571428571,0.9333333333333332,0.8936170212765957,57.65333875000943,147,0,147,0.0,57.58782144828001,0.9,20,0,0.0,
300,scale_n0300,q_01,suql_baseline,150,45,49,42,7,3,0.8571428571428571,0.9333333333333332,0.8936170212765957,57.64912305300823,147,0,147,0.0,57.58386383502511,0.9,20,0,0.0,
300,scale_n0300,q_01,trummer_v1,1,45,43,40,3,5,0.9302325581395348,0.8888888888888888,0.9090909090909092,44.813678963982966,49,28,21,21.940683140070178,22.792997345153708,0.9,20,20,0.5454545454545454,
300,scale_n0300,q_01,trummer_v1,2,45,43,40,3,5,0.9302325581395348,0.8888888888888888,0.9090909090909092,42.79727834602818,49,28,21,19.84373410505941,22.87449625885347,0.9,20,20,0.5454545454545454,
300,scale_n0300,q_01,trummer_v1,3,45,43,40,3,5,0.9302325581395348,0.8888888888888888,0.9090909090909092,42.7350900269812,49,28,21,19.77079797489569,22.886443709023297,0.9,20,20,0.5454545454545454,
300,scale_n0300,q_01,trummer_v1,4,45,43,40,3,5,0.9302325581395348,0.8888888888888888,0.9090909090909092,42.75067476998083,49,28,21,19.81463048007572,22.85476067801937,0.9,20,20,0.5454545454545454,
300,scale_n0300,q_01,trummer_v1,5,45,43,40,3,5,0.9302325581395348,0.8888888888888888,0.9090909090909092,42.78157401102362,49,28,21,19.822221259993967,22.8826753271278,0.9,20,20,0.5454545454545454,
300,scale_n0300,q_01,trummer_v1,6,45,43,40,3,5,0.9302325581395348,0.8888888888888888,0.9090909090909092,42.76291336200666,49,28,21,19.758429148991127,22.923495936964173,0.9,20,20,0.5454545454545454,
300,scale_n0300,q_01,trummer_v1,7,45,43,40,3,5,0.9302325581395348,0.8888888888888888,0.9090909090909092,42.68205452599796,49,28,21,19.70973291411065,22.89078437810531,0.9,20,20,0.5454545454545454,
300,scale_n0300,q_01,trummer_v1,8,45,43,40,3,5,0.9302325581395348,0.8888888888888888,0.9090909090909092,42.72530297195772,49,28,21,19.76420321577461,22.88304081821116,0.9,20,20,0.5454545454545454,
300,scale_n0300,q_01,trummer_v1,9,45,43,40,3,5,0.9302325581395348,0.8888888888888888,0.9090909090909092,42.74898716300959,49,28,21,19.75620035186876,22.910256045055576,0.9,20,20,0.5454545454545454,
300,scale_n0300,q_01,trummer_v1,10,45,43,40,3,5,0.9302325581395348,0.8888888888888888,0.9090909090909092,42.73908685200149,49,28,21,19.743631068908144,22.911235669860616,0.9,20,20,0.5454545454545454,
300,scale_n0300,q_01,trummer_v1,11,45,43,40,3,5,0.9302325581395348,0.8888888888888888,0.9090909090909092,42.75603685900569,49,28,21,19.753846500942014,22.921033266175076,0.9,20,20,0.5454545454545454,
300,scale_n0300,q_01,trummer_v1,12,45,43,40,3,5,0.9302325581395348,0.8888888888888888,0.9090909090909092,42.81236620200798,49,28,21,19.80327976803528,22.9265010379022,0.9,20,20,0.5454545454545454,
300,scale_n0300,q_01,trummer_v1,13,45,43,40,3,5,0.9302325581395348,0.8888888888888888,0.9090909090909092,42.81020610500127,49,28,21,19.783187893859576,22.94585028005531,0.9,20,20,0.5454545454545454,
300,scale_n0300,q_01,trummer_v1,14,45,43,40,3,5,0.9302325581395348,0.8888888888888888,0.9090909090909092,42.83773096604273,49,28,21,19.81421721080551,22.940924734750297,0.9,20,20,0.5454545454545454,
300,scale_n0300,q_01,trummer_v1,15,45,43,40,3,5,0.9302325581395348,0.8888888888888888,0.9090909090909092,42.8211903750198,49,28,21,19.823614460008685,22.91856440017,0.9,20,20,0.5454545454545454,
300,scale_n0300,q_01,trummer_v1,16,45,43,40,3,5,0.9302325581395348,0.8888888888888888,0.9090909090909092,42.80997960799141,49,28,21,19.82163536408916,22.908014171931427,0.9,20,20,0.5454545454545454,
300,scale_n0300,q_01,trummer_v1,17,45,43,40,3,5,0.9302325581395348,0.8888888888888888,0.9090909090909092,42.69849970098585,49,28,21,19.75495931011392,22.86406650498975,0.9,20,20,0.5454545454545454,
300,scale_n0300,q_01,trummer_v1,18,45,43,40,3,5,0.9302325581395348,0.8888888888888888,0.9090909090909092,42.76713175600162,49,28,21,19.80302505288273,22.886713840125594,0.9,20,20,0.5454545454545454,
300,scale_n0300,q_01,trummer_v1,19,45,43,40,3,5,0.9302325581395348,0.8888888888888888,0.9090909090909092,42.68282570497831,49,28,21,19.73127915506484,22.87385770207038,0.9,20,20,0.5454545454545454,
300,scale_n0300,q_01,trummer_v1,20,45,43,40,3,5,0.9302325581395348,0.8888888888888888,0.9090909090909092,42.73428755701752,49,28,21,19.80181431391975,22.84932151105022,0.9,20,20,0.5454545454545454,
300,scale_n0300,q_01,trummer_v1,21,45,43,40,3,5,0.9302325581395348,0.8888888888888888,0.9090909090909092,42.734593704983126,49,28,21,19.75325068313396,22.898558331886303,0.9,20,20,0.5454545454545454,
300,scale_n0300,q_01,trummer_v1,22,45,43,40,3,5,0.9302325581395348,0.8888888888888888,0.9090909090909092,42.78141549299471,49,28,21,19.779176840151194,22.922646430903114,0.9,20,20,0.5454545454545454,
300,scale_n0300,q_01,trummer_v1,23,45,43,40,3,5,0.9302325581395348,0.8888888888888888,0.9090909090909092,42.81344349798746,49,28,21,19.798420280974824,22.935389645106625,0.9,20,20,0.5454545454545454,
300,scale_n0300,q_01,trummer_v1,24,45,43,40,3,5,0.9302325581395348,0.8888888888888888,0.9090909090909092,42.75332536001224,49,28,21,19.794630179938395,22.87813083798392,0.9,20,20,0.5454545454545454,
300,scale_n0300,q_01,trummer_v1,25,45,43,40,3,5,0.9302325581395348,0.8888888888888888,0.9090909090909092,42.8635643760208,49,28,21,19.829313885769807,22.95676702808123,0.9,20,20,0.5454545454545454,
300,scale_n0300,q_01,trummer_v1,26,45,43,40,3,5,0.9302325581395348,0.8888888888888888,0.9090909090909092,42.75768476194935,49,28,21,19.770940463000443,22.905100959877014,0.9,20,20,0.5454545454545454,
300,scale_n0300,q_01,trummer_v1,27,45,43,40,3,5,0.9302325581395348,0.8888888888888888,0.9090909090909092,42.722842893970665,49,28,21,19.74109225103166,22.90448109706631,0.9,20,20,0.5454545454545454,
300,scale_n0300,q_01,trummer_v1,28,45,43,40,3,5,0.9302325581395348,0.8888888888888888,0.9090909090909092,42.7915442349622,49,28,21,19.797216804814525,22.91226147004636,0.9,20,20,0.5454545454545454,
300,scale_n0300,q_01,trummer_v1,29,45,43,40,3,5,0.9302325581395348,0.8888888888888888,0.9090909090909092,42.80317109602038,49,28,21,19.80210692028049,22.922081940050703,0.9,20,20,0.5454545454545454,
300,scale_n0300,q_01,trummer_v1,30,45,43,40,3,5,0.9302325581395348,0.8888888888888888,0.9090909090909092,42.84524699201575,49,28,21,19.82076189428335,22.94274668674916,0.9,20,20,0.5454545454545454,
300,scale_n0300,q_01,trummer_v1,31,45,43,40,3,5,0.9302325581395348,0.8888888888888888,0.9090909090909092,42.82214222900802,49,28,21,19.84815005812561,22.89317628496792,0.9,20,20,0.5454545454545454,
300,scale_n0300,q_01,trummer_v1,32,45,43,40,3,5,0.9302325581395348,0.8888888888888888,0.9090909090909092,42.76201797899557,49,28,21,19.786373404960614,22.89690091693774,0.9,20,20,0.5454545454545454,
300,scale_n0300,q_01,trummer_v1,33,45,43,40,3,5,0.9302325581395348,0.8888888888888888,0.9090909090909092,42.78770287102088,49,28,21,19.750185459910423,22.957465593877718,0.9,20,20,0.5454545454545454,
300,scale_n0300,q_01,trummer_v1,34,45,43,40,3,5,0.9302325581395348,0.8888888888888888,0.9090909090909092,42.76625773496926,49,28,21,19.80833855789388,22.87955502787372,0.9,20,20,0.5454545454545454,
300,scale_n0300,q_01,trummer_v1,35,45,43,40,3,5,0.9302325581395348,0.8888888888888888,0.9090909090909092,42.8091892299708,49,28,21,19.802666773903184,22.929469853115734,0.9,20,20,0.5454545454545454,
300,scale_n0300,q_01,trummer_v1,36,45,43,40,3,5,0.9302325581395348,0.8888888888888888,0.9090909090909092,42.71614297101041,49,28,21,19.77012948290212,22.862711616093293,0.9,20,20,0.5454545454545454,
300,scale_n0300,q_01,trummer_v1,37,45,43,40,3,5,0.9302325581395348,0.8888888888888888,0.9090909090909092,42.74794352200115,49,28,21,19.768205442058388,22.90190263994737,0.9,20,20,0.5454545454545454,
300,scale_n0300,q_01,trummer_v1,38,45,43,40,3,5,0.9302325581395348,0.8888888888888888,0.9090909090909092,42.838980556989554,49,28,21,19.800869545142632,22.95713295188034,0.9,20,20,0.5454545454545454,
300,scale_n0300,q_01,trummer_v1,39,45,43,40,3,5,0.9302325581395348,0.8888888888888888,0.9090909090909092,42.78571731597185,49,28,21,19.811361818108708,22.895729418902192,0.9,20,20,0.5454545454545454,
300,scale_n0300,q_01,trummer_v1,40,45,43,40,3,5,0.9302325581395348,0.8888888888888888,0.9090909090909092,43.03039094101405,49,28,21,20.03001186111942,22.92083799286047,0.9,20,20,0.5454545454545454,
300,scale_n0300,q_01,trummer_v1,41,45,43,40,3,5,0.9302325581395348,0.8888888888888888,0.9090909090909092,42.81033639702946,49,28,21,19.781939380860425,22.94804482598556,0.9,20,20,0.5454545454545454,
300,scale_n0300,q_01,trummer_v1,42,45,43,40,3,5,0.9302325581395348,0.8888888888888888,0.9090909090909092,42.69241705298191,49,28,21,19.76455648295814,22.848189047013875,0.9,20,20,0.5454545454545454,
300,scale_n0300,q_01,trummer_v1,43,45,43,40,3,5,0.9302325581395348,0.8888888888888888,0.9090909090909092,42.76908443099819,49,28,21,19.766187022964004,22.92399699013913,0.9,20,20,0.5454545454545454,
300,scale_n0300,q_01,trummer_v1,44,45,43,40,3,5,0.9302325581395348,0.8888888888888888,0.9090909090909092,42.66544793796493,49,28,21,19.75663627119502,22.83024012914393,0.9,20,20,0.5454545454545454,
300,scale_n0300,q_01,trummer_v1,45,45,43,40,3,5,0.9302325581395348,0.8888888888888888,0.9090909090909092,42.81394155503949,49,28,21,19.790538322005887,22.94411312416196,0.9,20,20,0.5454545454545454,
300,scale_n0300,q_01,trummer_v1,46,45,43,40,3,5,0.9302325581395348,0.8888888888888888,0.9090909090909092,42.80493894900428,49,28,21,19.821478655852843,22.90479514200706,0.9,20,20,0.5454545454545454,
300,scale_n0300,q_01,trummer_v1,47,45,43,40,3,5,0.9302325581395348,0.8888888888888888,0.9090909090909092,42.7846648109844,49,28,21,19.7952139248373,22.91243473411305,0.9,20,20,0.5454545454545454,
300,scale_n0300,q_01,trummer_v1,48,45,43,40,3,5,0.9302325581395348,0.8888888888888888,0.9090909090909092,42.861854877031874,49,28,21,19.81603592087049,22.96675427479204,0.9,20,20,0.5454545454545454,
300,scale_n0300,q_01,trummer_v1,49,45,43,40,3,5,0.9302325581395348,0.8888888888888888,0.9090909090909092,43.09628745599184,49,28,21,19.82821652991697,23.190274236898404,0.9,20,20,0.5454545454545454,
300,scale_n0300,q_01,trummer_v1,50,45,43,40,3,5,0.9302325581395348,0.8888888888888888,0.9090909090909092,42.82845492899651,49,28,21,19.805503390845843,22.942926222865932,0.9,20,20,0.5454545454545454,
300,scale_n0300,q_01,trummer_v1,51,45,43,40,3,5,0.9302325581395348,0.8888888888888888,0.9090909090909092,42.86027088703122,49,28,21,19.826921775122173,22.951464147947263,0.9,20,20,0.5454545454545454,
300,scale_n0300,q_01,trummer_v1,52,45,43,40,3,5,0.9302325581395348,0.8888888888888888,0.9090909090909092,42.82883927796502,49,28,21,19.802895935834385,22.944078682921827,0.9,20,20,0.5454545454545454,
300,scale_n0300,q_01,trummer_v1,53,45,43,40,3,5,0.9302325581395348,0.8888888888888888,0.9090909090909092,42.83927829802269,49,28,21,19.818036819109693,22.942421178973746,0.9,20,20,0.5454545454545454,
300,scale_n0300,q_01,trummer_v1,54,45,43,40,3,5,0.9302325581395348,0.8888888888888888,0.9090909090909092,42.85126834100811,49,28,21,19.838106025010347,22.93117474386236,0.9,20,20,0.5454545454545454,
300,scale_n0300,q_01,trummer_v1,55,45,43,40,3,5,0.9302325581395348,0.8888888888888888,0.9090909090909092,42.85518195200712,49,28,21,19.85404425801244,22.92149802501081,0.9,20,20,0.5454545454545454,
300,scale_n0300,q_01,trummer_v1,56,45,43,40,3,5,0.9302325581395348,0.8888888888888888,0.9090909090909092,42.8397827030276,49,28,21,19.813577932072803,22.946836321789306,0.9,20,20,0.5454545454545454,
300,scale_n0300,q_01,trummer_v1,57,45,43,40,3,5,0.9302325581395348,0.8888888888888888,0.9090909090909092,42.86583312501898,49,28,21,19.87611465808004,22.91068724897923,0.9,20,20,0.5454545454545454,
300,scale_n0300,q_01,trummer_v1,58,45,43,40,3,5,0.9302325581395348,0.8888888888888888,0.9090909090909092,42.889651770005,49,28,21,19.8604438820621,22.95063987391768,0.9,20,20,0.5454545454545454,
300,scale_n0300,q_01,trummer_v1,59,45,43,40,3,5,0.9302325581395348,0.8888888888888888,0.9090909090909092,42.88286314799916,49,28,21,19.810618414951023,22.99295720114605,0.9,20,20,0.5454545454545454,
300,scale_n0300,q_01,trummer_v1,60,45,43,40,3,5,0.9302325581395348,0.8888888888888888,0.9090909090909092,42.84671147703193,49,28,21,19.842899396957364,22.92056011315435,0.9,20,20,0.5454545454545454,
300,scale_n0300,q_01,trummer_v1,61,45,43,40,3,5,0.9302325581395348,0.8888888888888888,0.9090909090909092,42.849189739034045,49,28,21,19.86518901586533,22.905283819884065,0.9,20,20,0.5454545454545454,
300,scale_n0300,q_01,trummer_v1,62,45,43,40,3,5,0.9302325581395348,0.8888888888888888,0.9090909090909092,42.77543821604922,49,28,21,19.78725927707273,22.905629954009783,0.9,20,20,0.5454545454545454,
300,scale_n0300,q_01,trummer_v1,63,45,43,40,3,5,0.9302325581395348,0.8888888888888888,0.9090909090909092,42.79487744800281,49,28,21,19.804851971042808,22.91037326178048,0.9,20,20,0.5454545454545454,
300,scale_n0300,q_01,trummer_v1,64,45,43,40,3,5,0.9302325581395348,0.8888888888888888,0.9090909090909092,42.78963070799364,49,28,21,19.81869430385996,22.89354395715054,0.9,20,20,0.5454545454545454,
300,scale_n0300,q_01,trummer_v1,65,45,43,40,3,5,0.9302325581395348,0.8888888888888888,0.9090909090909092,42.8968401059974,49,28,21,19.817060725879852,22.998787378077395,0.9,20,20,0.5454545454545454,
300,scale_n0300,q_01,trummer_v1,66,45,43,40,3,5,0.9302325581395348,0.8888888888888888,0.9090909090909092,42.801443104981445,49,28,21,19.823447475209832,22.897909833991434,0.9,20,20,0.5454545454545454,
300,scale_n0300,q_01,trummer_v1,67,45,43,40,3,5,0.9302325581395348,0.8888888888888888,0.9090909090909092,42.755004167032894,49,28,21,19.78167180792661,22.89531891816296,0.9,20,20,0.5454545454545454,
300,scale_n0300,q_01,trummer_v1,68,45,43,40,3,5,0.9302325581395348,0.8888888888888888,0.9090909090909092,42.81020531494869,49,28,21,19.79708960995777,22.936413052026182,0.9,20,20,0.5454545454545454,
300,scale_n0300,q_01,trummer_v1,69,45,43,40,3,5,0.9302325581395348,0.8888888888888888,0.9090909090909092,43.14357975003077,49,28,21,19.84757817495847,23.21767808077857,0.9,20,20,0.5454545454545454,
300,scale_n0300,q_01,trummer_v1,70,45,43,40,3,5,0.9302325581395348,0.8888888888888888,0.9090909090909092,42.78487390698865,49,28,21,19.7722609139164,22.934200934076216,0.9,20,20,0.5454545454545454,
300,scale_n0300,q_01,trummer_v1,71,45,43,40,3,5,0.9302325581395348,0.8888888888888888,0.9090909090909092,42.822166681988165,49,28,21,19.79830913495971,22.94431792286923,0.9,20,20,0.5454545454545454,
300,scale_n0300,q_01,trummer_v1,72,45,43,40,3,5,0.9302325581395348,0.8888888888888888,0.9090909090909092,42.807597125007305,49,28,21,19.824562657799103,22.905691069026943,0.9,20,20,0.5454545454545454,
300,scale_n0300,q_01,trummer_v1,73,45,43,40,3,5,0.9302325581395348,0.8888888888888888,0.9090909090909092,42.83232469699578,49,28,21,19.831283018924296,22.92253925499972,0.9,20,20,0.5454545454545454,
300,scale_n0300,q_01,trummer_v1,74,45,43,40,3,5,0.9302325581395348,0.8888888888888888,0.9090909090909092,42.80448915599845,49,28,21,19.795745723007716,22.929569329950027,0.9,20,20,0.5454545454545454,
300,scale_n0300,q_01,trummer_v1,75,45,43,40,3,5,0.9302325581395348,0.8888888888888888,0.9090909090909092,42.80419020104455,49,28,21,19.798987271031365,22.92484894982772,0.9,20,20,0.5454545454545454,
300,scale_n0300,q_01,trummer_v1,76,45,43,40,3,5,0.9302325581395348,0.8888888888888888,0.9090909090909092,42.817263092962094,49,28,21,19.80851542187156,22.92821590701351,0.9,20,20,0.5454545454545454,
300,scale_n0300,q_01,trummer_v1,77,45,43,40,3,5,0.9302325581395348,0.8888888888888888,0.9090909090909092,42.81320004200097,49,28,21,19.80778999516042,22.922494611993898,0.9,20,20,0.5454545454545454,
300,scale_n0300,q_01,trummer_v1,78,45,43,40,3,5,0.9302325581395348,0.8888888888888888,0.9090909090909092,42.85083214903716,49,28,21,19.82523060403764,22.94438876688946,0.9,20,20,0.5454545454545454,
300,scale_n0300,q_01,trummer_v1,79,45,43,40,3,5,0.9302325581395348,0.8888888888888888,0.9090909090909092,42.77850008400856,49,28,21,19.79165032011224,22.907139771152288,0.9,20,20,0.5454545454545454,
300,scale_n0300,q_01,trummer_v1,80,45,43,40,3,5,0.9302325581395348,0.8888888888888888,0.9090909090909092,42.80538751499262,49,28,21,19.80380167812109,22.92548581707524,0.9,20,20,0.5454545454545454,
300,scale_n0300,q_01,trummer_v1,81,45,43,40,3,5,0.9302325581395348,0.8888888888888888,0.9090909090909092,42.8433201740263,49,28,21,19.810810244758613,22.955057249811944,0.9,20,20,0.5454545454545454,
300,scale_n0300,q_01,trummer_v1,82,45,43,40,3,5,0.9302325581395348,0.8888888888888888,0.9090909090909092,42.82878365804208,49,28,21,19.84686270490056,22.90281577501446,0.9,20,20,0.5454545454545454,
300,scale_n0300,q_01,trummer_v1,83,45,43,40,3,5,0.9302325581395348,0.8888888888888888,0.9090909090909092,42.80274578899844,49,28,21,19.77727067685919,22.948583313962445,0.9,20,20,0.5454545454545454,
300,scale_n0300,q_01,trummer_v1,84,45,43,40,3,5,0.9302325581395348,0.8888888888888888,0.9090909090909092,42.8466014820151,49,28,21,19.796732036978938,22.968320877000224,0.9,20,20,0.5454545454545454,
300,scale_n0300,q_01,trummer_v1,85,45,43,40,3,5,0.9302325581395348,0.8888888888888888,0.9090909090909092,42.811897980980575,49,28,21,19.813625167123973,22.92074589378899,0.9,20,20,0.5454545454545454,
300,scale_n0300,q_01,trummer_v1,86,45,43,40,3,5,0.9302325581395348,0.8888888888888888,0.9090909090909092,42.825301867036615,49,28,21,19.822686679137405,22.92219314305112,0.9,20,20,0.5454545454545454,
300,scale_n0300,q_01,trummer_v1,87,45,43,40,3,5,0.9302325581395348,0.8888888888888888,0.9090909090909092,42.753544837993104,49,28,21,19.7614410801325,22.914917832938954,0.9,20,20,0.5454545454545454,
300,scale_n0300,q_01,trummer_v1,88,45,43,40,3,5,0.9302325581395348,0.8888888888888888,0.9090909090909092,42.76800398901105,49,28,21,19.81343438808108,22.876607611076903,0.9,20,20,0.5454545454545454,
300,scale_n0300,q_01,trummer_v1,89,45,43,40,3,5,0.9302325581395348,0.8888888888888888,0.9090909090909092,43.1261145270546,49,28,21,19.80590469017625,23.242844679858536,0.9,20,20,0.5454545454545454,
300,scale_n0300,q_01,trummer_v1,90,45,43,40,3,5,0.9302325581395348,0.8888888888888888,0.9090909090909092,42.87597117101541,49,28,21,19.884961466887034,22.91056361503433,0.9,20,20,0.5454545454545454,
300,scale_n0300,q_01,trummer_v1,91,45,43,40,3,5,0.9302325581395348,0.8888888888888888,0.9090909090909092,42.76881360600237,49,28,21,19.782742691168096,22.90803022502223,0.9,20,20,0.5454545454545454,
300,scale_n0300,q_01,trummer_v1,92,45,43,40,3,5,0.9302325581395348,0.8888888888888888,0.9090909090909092,42.83752432395704,49,28,21,19.860245996911544,22.90000294102356,0.9,20,20,0.5454545454545454,
300,scale_n0300,q_01,trummer_v1,93,45,43,40,3,5,0.9302325581395348,0.8888888888888888,0.9090909090909092,42.8492439550464,49,28,21,19.807558069122024,22.962522051064298,0.9,20,20,0.5454545454545454,
300,scale_n0300,q_01,trummer_v1,94,45,43,40,3,5,0.9302325581395348,0.8888888888888888,0.9090909090909092,42.72409048402915,49,28,21,19.796748403750826,22.8464635158889,0.9,20,20,0.5454545454545454,
300,scale_n0300,q_01,trummer_v1,95,45,43,40,3,5,0.9302325581395348,0.8888888888888888,0.9090909090909092,42.78354700200725,49,28,21,19.78401423903415,22.92289014311973,0.9,20,20,0.5454545454545454,
300,scale_n0300,q_01,trummer_v1,96,45,43,40,3,5,0.9302325581395348,0.8888888888888888,0.9090909090909092,42.87545947200852,49,28,21,19.824212812061887,22.973275691911116,0.9,20,20,0.5454545454545454,
300,scale_n0300,q_01,trummer_v1,97,45,43,40,3,5,0.9302325581395348,0.8888888888888888,0.9090909090909092,42.747833397006616,49,28,21,19.790941858955197,22.880369354912546,0.9,20,20,0.5454545454545454,
300,scale_n0300,q_01,trummer_v1,98,45,43,40,3,5,0.9302325581395348,0.8888888888888888,0.9090909090909092,42.80439201300032,49,28,21,19.82153844711138,22.901818645827007,0.9,20,20,0.5454545454545454,
300,scale_n0300,q_01,trummer_v1,99,45,43,40,3,5,0.9302325581395348,0.8888888888888888,0.9090909090909092,42.83875751000596,49,28,21,19.83879395684926,22.91651032696245,0.9,20,20,0.5454545454545454,
300,scale_n0300,q_01,trummer_v1,100,45,43,40,3,5,0.9302325581395348,0.8888888888888888,0.9090909090909092,42.75175556802424,49,28,21,19.761472286074422,22.913305037887767,0.9,20,20,0.5454545454545454,
300,scale_n0300,q_01,trummer_v1,101,45,43,40,3,5,0.9302325581395348,0.8888888888888888,0.9090909090909092,42.87050595303299,49,28,21,19.840723590983544,22.95303275907645,0.9,20,20,0.5454545454545454,
300,scale_n0300,q_01,trummer_v1,102,45,43,40,3,5,0.9302325581395348,0.8888888888888888,0.9090909090909092,42.79989351000404,49,28,21,19.79540959210135,22.92387517692987,0.9,20,20,0.5454545454545454,
300,scale_n0300,q_01,trummer_v1,103,45,43,40,3,5,0.9302325581395348,0.8888888888888888,0.9090909090909092,42.80504988803296,49,28,21,19.84159809083212,22.88617573014926,0.9,20,20,0.5454545454545454,
300,scale_n0300,q_01,trummer_v1,104,45,43,40,3,5,0.9302325581395348,0.8888888888888888,0.9090909090909092,42.78322337195277,49,28,21,19.813497724826448,22.89271184889367,0.9,20,20,0.5454545454545454,
300,scale_n0300,q_01,trummer_v1,105,45,43,40,3,5,0.9302325581395348,0.8888888888888888,0.9090909090909092,42.6911880520056,49,28,21,19.725183964939788,22.88775149488356,0.9,20,20,0.5454545454545454,
300,scale_n0300,q_01,trummer_v1,106,45,43,40,3,5,0.9302325581395348,0.8888888888888888,0.9090909090909092,42.8163484170218,49,28,21,19.840003886958584,22.89844637713395,0.9,20,20,0.5454545454545454,
300,scale_n0300,q_01,trummer_v1,107,45,43,40,3,5,0.9302325581395348,0.8888888888888888,0.9090909090909092,42.80836637300672,49,28,21,19.80310187069699,22.927906430966686,0.9,20,20,0.5454545454545454,
300,scale_n0300,q_01,trummer_v1,108,45,43,40,3,5,0.9302325581395348,0.8888888888888888,0.9090909090909092,42.83206953702029,49,28,21,19.82907004712615,22.92481298802886,0.9,20,20,0.5454545454545454,
300,scale_n0300,q_01,trummer_v1,109,45,43,40,3,5,0.9302325581395348,0.8888888888888888,0.9090909090909092,42.80267681699479,49,28,21,19.78629353217548,22.939257023041137,0.9,20,20,0.5454545454545454,
300,scale_n0300,q_01,trummer_v1,110,45,43,40,3,5,0.9302325581395348,0.8888888888888888,0.9090909090909092,43.17748618603218,49,28,21,20.14440744294552,22.95546109793941,0.9,20,20,0.5454545454545454,
300,scale_n0300,q_01,trummer_v1,111,45,43,40,3,5,0.9302325581395348,0.8888888888888888,0.9090909090909092,42.82700042199576,49,28,21,19.84648739901604,22.902668308117427,0.9,20,20,0.5454545454545454,
300,scale_n0300,q_01,trummer_v1,112,45,43,40,3,5,0.9302325581395348,0.8888888888888888,0.9090909090909092,42.87782786501339,49,28,21,19.852732496045064,22.94486063584918,0.9,20,20,0.5454545454545454,
300,scale_n0300,q_01,trummer_v1,113,45,43,40,3,5,0.9302325581395348,0.8888888888888888,0.9090909090909092,42.81206414505141,49,28,21,19.805015434103552,22.92925301892683,0.9,20,20,0.5454545454545454,
300,scale_n0300,q_01,trummer_v1,114,45,43,40,3,5,0.9302325581395348,0.8888888888888888,0.9090909090909092,42.942363668000326,49,28,21,19.87854834209429,22.98448894091416,0.9,20,20,0.5454545454545454,
300,scale_n0300,q_01,trummer_v1,115,45,43,40,3,5,0.9302325581395348,0.8888888888888888,0.9090909090909092,42.81845480797347,49,28,21,19.83256916515529,22.90834228595486,0.9,20,20,0.5454545454545454,
300,scale_n0300,q_01,trummer_v1,116,45,43,40,3,5,0.9302325581395348,0.8888888888888888,0.9090909090909092,42.80947440298041,49,28,21,19.821282752847765,22.9105042507872,0.9,20,20,0.5454545454545454,
300,scale_n0300,q_01,trummer_v1,117,45,43,40,3,5,0.9302325581395348,0.8888888888888888,0.9090909090909092,42.792353022960015,49,28,21,19.77335531421704,22.942196207877718,0.9,20,20,0.5454545454545454,
300,scale_n0300,q_01,trummer_v1,118,45,43,40,3,5,0.9302325581395348,0.8888888888888888,0.9090909090909092,42.813435552001465,49,28,21,19.81408870697487,22.922619961958844,0.9,20,20,0.5454545454545454,
300,scale_n0300,q_01,trummer_v1,119,45,43,40,3,5,0.9302325581395348,0.8888888888888888,0.9090909090909092,42.8298185490421,49,28,21,19.82496335898759,22.92694061185466,0.9,20,20,0.5454545454545454,
300,scale_n0300,q_01,trummer_v1,120,45,43,40,3,5,0.9302325581395348,0.8888888888888888,0.9090909090909092,42.81517655297648,49,28,21,19.821435737074356,22.91368776775198,0.9,20,20,0.5454545454545454,
300,scale_n0300,q_01,trummer_v1,121,45,43,40,3,5,0.9302325581395348,0.8888888888888888,0.9090909090909092,42.86000591702759,49,28,21,19.854804831033107,22.92833004007116,0.9,20,20,0.5454545454545454,
300,scale_n0300,q_01,trummer_v1,122,45,43,40,3,5,0.9302325581395348,0.8888888888888888,0.9090909090909092,42.77135224099038,49,28,21,19.807351022027436,22.884128950012386,0.9,20,20,0.5454545454545454,
300,scale_n0300,q_01,trummer_v1,123,45,43,40,3,5,0.9302325581395348,0.8888888888888888,0.9090909090909092,42.8422008039779,49,28,21,19.824836195854004,22.93960558489198,0.9,20,20,0.5454545454545454,
300,scale_n0300,q_01,trummer_v1,124,45,43,40,3,5,0.9302325581395348,0.8888888888888888,0.9090909090909092,42.8468457479612,49,28,21,19.821620105940383,22.944832850073,0.9,20,20,0.5454545454545454,
300,scale_n0300,q_01,trummer_v1,125,45,43,40,3,5,0.9302325581395348,0.8888888888888888,0.9090909090909092,42.84777636901708,49,28,21,19.852181004011072,22.91535857290728,0.9,20,20,0.5454545454545454,
300,scale_n0300,q_01,trummer_v1,126,45,43,40,3,5,0.9302325581395348,0.8888888888888888,0.9090909090909092,42.75735777802765,49,28,21,19.79235815309221,22.88516348990379,0.9,20,20,0.5454545454545454,
300,scale_n0300,q_01,trummer_v1,127,45,43,40,3,5,0.9302325581395348,0.8888888888888888,0.9090909090909092,42.78293052001391,49,28,21,19.788371051021382,22.916618104907684,0.9,20,20,0.5454545454545454,
300,scale_n0300,q_01,trummer_v1,128,45,43,40,3,5,0.9302325581395348,0.8888888888888888,0.9090909090909092,42.83851353399223,49,28,21,19.835081439989157,22.926653715025168,0.9,20,20,0.5454545454545454,
300,scale_n0300,q_01,trummer_v1,129,45,43,40,3,5,0.9302325581395348,0.8888888888888888,0.9090909090909092,42.838415701990016,49,28,21,19.846294479153585,22.914471163006965,0.9,20,20,0.5454545454545454,
300,scale_n0300,q_01,trummer_v1,130,45,43,40,3,5,0.9302325581395348,0.8888888888888888,0.9090909090909092,43.18680071103154,49,28,21,19.778594897070437,23.33090952096973,0.9,20,20,0.5454545454545454,
300,scale_n0300,q_01,trummer_v1,131,45,43,40,3,5,0.9302325581395348,0.8888888888888888,0.9090909090909092,42.91878403298324,49,28,21,19.888047583808657,22.952938222093508,0.9,20,20,0.5454545454545454,
300,scale_n0300,q_01,trummer_v1,132,45,43,40,3,5,0.9302325581395348,0.8888888888888888,0.9090909090909092,42.88539072294952,49,28,21,19.85449697100557,22.949553722748533,0.9,20,20,0.5454545454545454,
300,scale_n0300,q_01,trummer_v1,133,45,43,40,3,5,0.9302325581395348,0.8888888888888888,0.9090909090909092,42.84469961305149,49,28,21,19.83008909894852,22.936289609991945,0.9,20,20,0.5454545454545454,
300,scale_n0300,q_01,trummer_v1,134,45,43,40,3,5,0.9302325581395348,0.8888888888888888,0.9090909090909092,42.860224475036375,49,28,21,19.836678995168768,22.945301624014974,0.9,20,20,0.5454545454545454,
300,scale_n0300,q_01,trummer_v1,135,45,43,40,3,5,0.9302325581395348,0.8888888888888888,0.9090909090909092,42.9489725829917,49,28,21,19.93398397177225,22.939575450029224,0.9,20,20,0.5454545454545454,
300,scale_n0300,q_01,trummer_v1,136,45,43,40,3,5,0.9302325581395348,0.8888888888888888,0.9090909090909092,42.818917008000426,49,28,21,19.83953883877257,22.89995167904999,0.9,20,20,0.5454545454545454,
300,scale_n0300,q_01,trummer_v1,137,45,43,40,3,5,0.9302325581395348,0.8888888888888888,0.9090909090909092,42.85633878200315,49,28,21,19.82675760606071,22.951063822081775,0.9,20,20,0.5454545454545454,
300,scale_n0300,q_01,trummer_v1,138,45,43,40,3,5,0.9302325581395348,0.8888888888888888,0.9090909090909092,42.769132942019496,49,28,21,19.788214911008254,22.90370869304752,0.9,20,20,0.5454545454545454,
300,scale_n0300,q_01,trummer_v1,139,45,43,40,3,5,0.9302325581395348,0.8888888888888888,0.9090909090909092,42.76140261499677,49,28,21,19.76657829101896,22.915764514065813,0.9,20,20,0.5454545454545454,
300,scale_n0300,q_01,trummer_v1,140,45,43,40,3,5,0.9302325581395348,0.8888888888888888,0.9090909090909092,42.793880814977456,49,28,21,19.782981052878316,22.933371644990984,0.9,20,20,0.5454545454545454,
300,scale_n0300,q_01,trummer_v1,141,45,43,40,3,5,0.9302325581395348,0.8888888888888888,0.9090909090909092,42.7682949390146,49,28,21,19.73930656712037,22.94793551787734,0.9,20,20,0.5454545454545454,
300,scale_n0300,q_01,trummer_v1,142,45,43,40,3,5,0.9302325581395348,0.8888888888888888,0.9090909090909092,42.7886737610097,49,28,21,19.78706770204008,22.925297144975048,0.9,20,20,0.5454545454545454,
300,scale_n0300,q_01,trummer_v1,143,45,43,40,3,5,0.9302325581395348,0.8888888888888888,0.9090909090909092,42.817898775974754,49,28,21,19.788738682167605,22.94976405421039,0.9,20,20,0.5454545454545454,
300,scale_n0300,q_01,trummer_v1,144,45,43,40,3,5,0.9302325581395348,0.8888888888888888,0.9090909090909092,42.78997232002439,49,28,21,19.811255966022145,22.897817378339823,0.9,20,20,0.5454545454545454,
300,scale_n0300,q_01,trummer_v1,145,45,43,40,3,5,0.9302325581395348,0.8888888888888888,0.9090909090909092,42.88088529801462,49,28,21,19.838111073884647,22.963923257775605,0.9,20,20,0.5454545454545454,
300,scale_n0300,q_01,trummer_v1,146,45,43,40,3,5,0.9302325581395348,0.8888888888888888,0.9090909090909092,42.7899227590533,49,28,21,19.83841832802864,22.873057128104847,0.9,20,20,0.5454545454545454,
300,scale_n0300,q_01,trummer_v1,147,45,43,40,3,5,0.9302325581395348,0.8888888888888888,0.9090909090909092,42.75803670997266,49,28,21,19.776342607103288,22.90292195195798,0.9,20,20,0.5454545454545454,
300,scale_n0300,q_01,trummer_v1,148,45,43,40,3,5,0.9302325581395348,0.8888888888888888,0.9090909090909092,42.74547090998385,49,28,21,19.794063801062293,22.875314950884786,0.9,20,20,0.5454545454545454,
300,scale_n0300,q_01,trummer_v1,149,45,43,40,3,5,0.9302325581395348,0.8888888888888888,0.9090909090909092,42.75848869996844,49,28,21,19.754616070073094,22.92483749397797,0.9,20,20,0.5454545454545454,
300,scale_n0300,q_01,trummer_v1,150,45,43,40,3,5,0.9302325581395348,0.8888888888888888,0.9090909090909092,42.90632846602239,49,28,21,19.82457298290683,23.002563007932626,0.9,20,20,0.5454545454545454,
