implementation,method,precision,recall,f1,wall_seconds,llm_calls,cheap_calls,expensive_calls,cheap_seconds,expensive_seconds
suql_baseline,SUQL baseline,0.2380952380952381,0.2777777777777778,0.2564102564102564,30.0671733585542,40.0,0.0,40.0,0.0,30.0671733585542
suql_v1_two_level_cascade,SUQL V1 (2-level cascade),0.5641025641025641,0.3055555555555555,0.33523809523809517,41.913466685445094,60.0,40.0,20.0,29.268536291558927,12.619626184888249
trummer_baseline_adaptive_block_join,Trummer baseline,0.3333333333333333,0.027777777777777776,0.05128205128205129,12.144661791889424,6.0,0.0,6.0,0.0,12.144661791889424
trummer_v1_structured_two_level_cascade,Trummer V1 (structured + 2-level cascade),0.3333333333333333,0.027777777777777776,0.05128205128205129,28.814948273662594,8.0,5.0,3.0,19.728289071782555,9.086139090891164
