implementation,method,precision,recall,f1,wall_seconds,llm_calls,cheap_calls,expensive_calls,cheap_seconds,expensive_seconds
suql_baseline,SUQL baseline,0.38888888888888884,0.3055555555555556,0.2945326278659612,51.98327317980026,40.0,0.0,40.0,0.0,51.98327317980026
suql_v1_two_level_cascade,SUQL V1 (2-level cascade),0.3333333333333333,0.3055555555555556,0.291358024691358,57.42958889686657,73.33333333333333,40.0,33.333333333333336,17.219450624334424,40.181330218065945
trummer_baseline_adaptive_block_join,Trummer baseline,0.0,0.0,0.0,10.766026401000516,7.333333333333333,0.0,7.333333333333333,0.0,10.766026401000516
trummer_v1_structured_two_level_cascade,Trummer V1 (structured + 2-level cascade),0.16666666666666666,0.027777777777777776,0.047619047619047616,16.596269734865928,7.333333333333333,5.0,2.3333333333333335,10.790361344200209,5.805283152132567
