repetition,implementation,mode,model,wall_seconds,engine_seconds,cpu_seconds,llm_calls,cheap_calls,expensive_calls,final_answer_rows,true_positives,false_positives,false_negatives,precision,recall,f1
1,trummer_heterogen_v2_3_batched_cascade,llm,ollama/qwen3:0.6b->ollama/qwen3:1.7b,23.62328158400487,23.62328158400487,0.03547899999999997,9,7,2,36,12.0,24.0,1.0,0.3333333333333333,0.9230769230769231,0.489795918367347
2,trummer_heterogen_v2_3_batched_cascade,llm,ollama/qwen3:0.6b->ollama/qwen3:1.7b,23.206783500034362,23.206783500034362,0.035078,9,7,2,36,12.0,24.0,1.0,0.3333333333333333,0.9230769230769231,0.489795918367347
3,trummer_heterogen_v2_3_batched_cascade,llm,ollama/qwen3:0.6b->ollama/qwen3:1.7b,23.369418541900814,23.369418541900814,0.03669800000000001,9,7,2,36,12.0,24.0,1.0,0.3333333333333333,0.9230769230769231,0.489795918367347
4,trummer_heterogen_v2_3_batched_cascade,llm,ollama/qwen3:0.6b->ollama/qwen3:1.7b,23.39563562499825,23.39563562499825,0.04100999999999999,9,7,2,36,12.0,24.0,1.0,0.3333333333333333,0.9230769230769231,0.489795918367347
5,trummer_heterogen_v2_3_batched_cascade,llm,ollama/qwen3:0.6b->ollama/qwen3:1.7b,23.991355125093833,23.991355125093833,0.03579199999999999,9,7,2,36,12.0,24.0,1.0,0.3333333333333333,0.9230769230769231,0.489795918367347
6,trummer_heterogen_v2_3_batched_cascade,llm,ollama/qwen3:0.6b->ollama/qwen3:1.7b,23.58261920802761,23.58261920802761,0.03431100000000001,9,7,2,36,12.0,24.0,1.0,0.3333333333333333,0.9230769230769231,0.489795918367347
7,trummer_heterogen_v2_3_batched_cascade,llm,ollama/qwen3:0.6b->ollama/qwen3:1.7b,24.003746625036,24.003746625036,0.03987400000000001,9,7,2,36,12.0,24.0,1.0,0.3333333333333333,0.9230769230769231,0.489795918367347
8,trummer_heterogen_v2_3_batched_cascade,llm,ollama/qwen3:0.6b->ollama/qwen3:1.7b,23.855268125073053,23.855268125073053,0.035401,9,7,2,36,12.0,24.0,1.0,0.3333333333333333,0.9230769230769231,0.489795918367347
9,trummer_heterogen_v2_3_batched_cascade,llm,ollama/qwen3:0.6b->ollama/qwen3:1.7b,23.872087500058115,23.872087500058115,0.04094600000000001,9,7,2,36,12.0,24.0,1.0,0.3333333333333333,0.9230769230769231,0.489795918367347
