implementation,method,precision,recall,f1,wall_seconds,llm_calls,cheap_calls,expensive_calls,cheap_seconds,expensive_seconds
suql_baseline,SUQL baseline,0.5897435897435898,0.3055555555555556,0.317948717948718,27.543760099998,40.0,0.0,40.0,0.0,27.543760099998
suql_v1_two_level_cascade,SUQL V1 (2-level cascade),0.5833333333333334,0.3055555555555555,0.3452380952380952,41.80749518433166,60.0,40.0,20.0,31.4484076510287,10.333294835564123
trummer_baseline_adaptive_block_join,Trummer baseline,0.3333333333333333,0.027777777777777776,0.05128205128205129,10.98285943122432,6.0,0.0,6.0,0.0,10.98285943122432
trummer_v1_structured_two_level_cascade,Trummer V1 (structured + 2-level cascade),0.3333333333333333,0.027777777777777776,0.05128205128205129,34.19776318388984,8.0,5.0,3.0,24.05745904778693,10.139776722004171
