repetition,implementation,mode,model,wall_seconds,engine_seconds,cpu_seconds,llm_calls,cheap_calls,expensive_calls,final_answer_rows,true_positives,false_positives,false_negatives,precision,recall,f1
1,trummer_heterogen_v2_3_batched_cascade,llm,ollama/qwen3:0.6b->ollama/qwen3:1.7b,23.51583241694607,23.51583241694607,0.03875799999999999,9,7,2,36,12.0,24.0,1.0,0.3333333333333333,0.9230769230769231,0.489795918367347
2,trummer_heterogen_v2_3_batched_cascade,llm,ollama/qwen3:0.6b->ollama/qwen3:1.7b,23.732957291067578,23.732957291067578,0.043467000000000006,9,7,2,36,12.0,24.0,1.0,0.3333333333333333,0.9230769230769231,0.489795918367347
3,trummer_heterogen_v2_3_batched_cascade,llm,ollama/qwen3:0.6b->ollama/qwen3:1.7b,23.607507582986727,23.607507582986727,0.039584999999999995,9,7,2,36,12.0,24.0,1.0,0.3333333333333333,0.9230769230769231,0.489795918367347
4,trummer_heterogen_v2_3_batched_cascade,llm,ollama/qwen3:0.6b->ollama/qwen3:1.7b,24.12918200006243,24.12918200006243,0.041949000000000014,9,7,2,36,12.0,24.0,1.0,0.3333333333333333,0.9230769230769231,0.489795918367347
5,trummer_heterogen_v2_3_batched_cascade,llm,ollama/qwen3:0.6b->ollama/qwen3:1.7b,24.0258343340829,24.0258343340829,0.03603999999999999,9,7,2,36,12.0,24.0,1.0,0.3333333333333333,0.9230769230769231,0.489795918367347
6,trummer_heterogen_v2_3_batched_cascade,llm,ollama/qwen3:0.6b->ollama/qwen3:1.7b,24.895457832957618,24.895457832957618,0.048015,9,7,2,36,12.0,24.0,1.0,0.3333333333333333,0.9230769230769231,0.489795918367347
7,trummer_heterogen_v2_3_batched_cascade,llm,ollama/qwen3:0.6b->ollama/qwen3:1.7b,24.514729000045918,24.514729000045918,0.042233999999999994,9,7,2,36,12.0,24.0,1.0,0.3333333333333333,0.9230769230769231,0.489795918367347
8,trummer_heterogen_v2_3_batched_cascade,llm,ollama/qwen3:0.6b->ollama/qwen3:1.7b,24.32700124999974,24.32700124999974,0.036145999999999984,9,7,2,36,12.0,24.0,1.0,0.3333333333333333,0.9230769230769231,0.489795918367347
9,trummer_heterogen_v2_3_batched_cascade,llm,ollama/qwen3:0.6b->ollama/qwen3:1.7b,23.58333625004161,23.58333625004161,0.038124000000000005,9,7,2,36,12.0,24.0,1.0,0.3333333333333333,0.9230769230769231,0.489795918367347
