repetition,implementation,mode,model,wall_seconds,engine_seconds,cpu_seconds,llm_calls,cheap_calls,expensive_calls,final_answer_rows,true_positives,false_positives,false_negatives,precision,recall,f1
1,trummer_heterogen_v1,llm,ollama/qwen3:1.7b,60.022916292073205,60.022916292073205,0.35344200000000003,14,0,14,5,2.0,3.0,11.0,0.4,0.15384615384615385,0.2222222222222222
2,trummer_heterogen_v1,llm,ollama/qwen3:1.7b,15.449698625016026,15.449698625016026,0.35660499999999984,14,0,14,5,2.0,3.0,11.0,0.4,0.15384615384615385,0.2222222222222222
3,trummer_heterogen_v1,llm,ollama/qwen3:1.7b,15.25563554209657,15.25563554209657,0.3470199999999999,14,0,14,5,2.0,3.0,11.0,0.4,0.15384615384615385,0.2222222222222222
4,trummer_heterogen_v1,llm,ollama/qwen3:1.7b,14.903101208037697,14.903101208037697,0.34964399999999984,14,0,14,5,2.0,3.0,11.0,0.4,0.15384615384615385,0.2222222222222222
5,trummer_heterogen_v1,llm,ollama/qwen3:1.7b,14.634989583981223,14.634989583981223,0.32072899999999993,14,0,14,5,2.0,3.0,11.0,0.4,0.15384615384615385,0.2222222222222222
6,trummer_heterogen_v1,llm,ollama/qwen3:1.7b,14.03474183299113,14.03474183299113,0.3545750000000001,14,0,14,5,2.0,3.0,11.0,0.4,0.15384615384615385,0.2222222222222222
7,trummer_heterogen_v1,llm,ollama/qwen3:1.7b,13.900149625027552,13.900149625027552,0.3327150000000001,14,0,14,5,2.0,3.0,11.0,0.4,0.15384615384615385,0.2222222222222222
8,trummer_heterogen_v1,llm,ollama/qwen3:1.7b,14.132332957931794,14.132332957931794,0.35561700000000007,14,0,14,5,2.0,3.0,11.0,0.4,0.15384615384615385,0.2222222222222222
9,trummer_heterogen_v1,llm,ollama/qwen3:1.7b,14.613714292063378,14.613714292063378,0.3545950000000001,14,0,14,5,2.0,3.0,11.0,0.4,0.15384615384615385,0.2222222222222222
