product_id,title,brand,category,price,review
B00VVHU5NI,Inspired By Pirates of the Caribbean Movies Cursed Aztec Coin Medallion Necklace Skull Necklace New Version (antique brass color),,,$2.99,"This necklace is so perfect for my costume! Great quality and was delivered very fast! (I live in hawaii). It looks very authentic.

love it

Terrific but shipping was off by more than a week.

It's great! A little cheap feeling and the clasp is stiff, but it looks just like the one from the movie. It's perfect for costumes!

One of the better replica pieces I've seen that wasn't produced directly by Disney and is a reasonable price. The details on the coin are well done, albeit not the thickest (the coin isn't overly thick either). The necklace that it comes on is colored like the coin and made of a chain link with a semi-adjustable clasp. The ring securing the piece around the chain did slip off of it, but nothing a few minutes and a pair of pliers couldn't fix. If you are looking for a coin without the necklace part you could take this off of the chain, however you would still be left with a loop on the coin.

Nicely made.

The necklace arrived early and came in great condition. The chain is a little short for my preference, but I can easily replace it with a longer chain.

Nice! My daughter loved it

Pretty good for the price.

broke off quick, but looks good. just get a different chain

My kids LOVE it!!!!!!! Looks very real and love the map on the back as well.

The chain on this item has broken 2 times in 2 weeks. It is poor quality and I would not recommend it to anyone!

I bought this for my daughter awhile back and she loves it. Huge POTC fan! It got damaged in salt water so I purchased another to replace it. This second one arrived with the chain broken and most of the chain missing. The medallion is great! The detail is perfect for my daughter. But HIGHLY disappointed when she opened the shipping envelope only to find what you see in the included picture. I don't understand how whoever was packing this order allowed it to leave their facility with MOST OF THE CHAIN MISSING. Obviously, someone who does not care about quality and customer service. Very sad. We are returning it and will try ordering a different one from a different seller.

The clasp on the chain broke when I went to wear it the first time.

I bought this medallion to go with a costume I wore to see Pirates 5, and it's a wonderful piece. It's just not as heavy or authentic as my original one, hence the 4 stars. Other than that, it was great.

Perfect for a pirate costume.

Perfect, just what I needed for my costume!

Perfect for our pirate hat. Cool 2 sided coin.

You get what you pay for. The necklace looked great for gasperilla, but has tarnished shortly after.

very cool

Got this as a gift for my wife who loves the movies. Great piece of costume jewelry!

I got this to ""Disneybound"" as Elizabeth Swan at Disneyland last year. It was the perfect touch to my outfit and looked just like the movies.

Son loves it

EXCELLENT PRODUCT

Very cute necklace. The necklace is thinner than I expected but for the price, it's absolutely perfect.

broke the 2nd time my 16 yr old daughter wore it :(

Perfect coin necklace for my husband's pirate costume. Chain was too short, but not a problem to replace. Great quality and price.

So realistic! Great price! Worked perfectly for Halloween costume for my 13 yr old daughter!

Although I didn't end up keeping the product due to costume change, it was very nice. It is perfect for a pirate costume and even worked well for the cos play costume I was going to do. Didn't look cheap or chinsey, good product.

good costume accessory

Nice enough for cosplay, but a I was more than a bit disappointed by this item. It's extremely thin, more of a wafer than a coin,and the design it more of a shallow stamp then a carving or embossment. Would not pay this much for it again.

Very satisfied with product and shipping.

Great brought it for my friend, it came before it was supposed to and she loved it!

If you're even thinking about buying this...do it. Huge hit.

Awesome

Looks very real, not cheap looking at all.

Great color and doe"
B00KXT332A,Enjoydeal Fashion Women Lady Necklace Sweater Chain Wood Cross and Leather Strap,F&F,,$5.99,"the string is really bad...the cross is okay... but you will need to get another string...and it takes forever to ship...not worth the wait...get one the ones that have the prime option for sure

The necklace was wrapped so tight when I unwrapped it, the necklace part broke

Well manufactured. A good product at a reasonable price.

Wooden Cross has a small chipped at the end.

As expected

Just ok.

Great necklace"
B00EJ9GGA6,Fation Lover's Rings Stainless Steel Couple Necklace Promise Forever (One Pair),akezone,,$4.99,"Super small

I bought this for me and hubby we never take them off. I have bathed with mine one and there is no discoloring. he was in a car accident with his on was thrown around car it didn't break and only left a bruise/rub burn. worth the money but wish they had come in a gift box instead of a baggy

I just hope I get them

For a cheap gift, this isn't bad. I probably would have given it 2 or 3 stars if it hadn't been so cheap. The rings are smaller than I expected and it's difficult to read what is inscribed on it. If it's the thought that counts, go for it. If it's quality that counts, you get what you pay for with this.

My girlfriend loves it she wears it every day she won't take it of I love it to

Great gift to have my best friend love it. Money well spent for Christmas. I haven't had any problems with it.

I loved this set. I got one for me and my boyfriend to start the new year and it was absolutely beautiful. I give it 4 stars only because the size of the rings are a bit smaller then I expected and the chain was also small, either that or my boyfriend and I have large necks. However, I love this gift. Perfect for a couple.

my girlfriend is really happy with it and i am too. it made a good xmas gift for somebody's girlfriend or boyfriend"
B018F02EVY,Xanax Gold Bar Pill Medical Necklace,,,,"super dope necklace , compliments every time i wear it. big ups

My husband has been wearing this chain for about 4 months now. It has not tarnished. I wish I could find more jewelry like this. Great quality.

Very cool charm but the chain was kinda small and wimpy, ended up taking the clasp off and atttaching it to the charm to connect to one of my other charms"
B00OCA5BQW,Qiyun (TM) Colorful Wide Resin New Fashion Style Women Bib Choker Statement Collar Necklace,,,,"I LOVE this piece - very pretty and fancy. I haven't found anything to wear with it yet, but I can't wait. If you look closely the pieces look a little cheap, but you haven't to really look close and who is going to stare at your neck like that???? No one. It is a great statement piece and definitely a good deal for the money!!

I like how these necklaces look, but in the clear and the red stone version, the jewellery wire on the underside of both pieces poked me on my neck, horribly, until I bent it all back, and filed a few ends down. But they are cute.

It is so clear and bright that it could glow in the dark---haven't tried that yet but I'll post an update if it does! It is a fantastic buy and another piece that I've added to my collection that could stand on its own! This will not disappoint! Hubby doesn't get too excited about jewelry, but this impressed him enough for him to say: 'Wow'.

beautiful necklace , I did not find another like it in any store for the same price , it's worth .

to big and havy but ok

My wife wanted this necklace for a professional look for work. If you order, order in a month plus in advance since it's from overseas.

Looks cheap

Looks nice but the necklace is shaped for a very skinny neck. As mentioned by another reviewer it does not go all the way around my neck.

Its okay, the price is wonderful but its tarnished. I will go over it with some toothpaste and a toothbrush.

Gorgeoys

Very BEAUTIFUL and stylish will bring out any outfit. Not bad looking for the price. I bought the clear and the red one.

I received this in 10 days , not bad especially because it comes from Hong Kong . Great item for the price

Ok product for price for price.... Poor quality It does not go all the way around your neck It looks cheap

Can't count how many people compliment on this necklace

This necklace is really nice but I thought that it would have been more sparkly in person. The chain itself appears to be more chrome than silver but it is still beautiful and eye-catching.

Beautiful piece. I bought it in red and also in clear.

Not what I expected.

Gorgeous and get many compliments on it.

Very nice. My daughter likes it for dress up. Good value for the price. It is heavy. Seems like it is decent quality.

Very pretty.

great deal

Nice

Good quality and not obnoxiously shiny and cheap looking! Will add some nice twinkle to all kinds of outfits"
B00HC9M0B4,New Retro Camera Photographer Necklace in Black,qzoxx,,,"Decent necklace.for price the paint is kind of sloppy and also the chain was broken when I received it...its more costume jewelry than an everyday piece

Ok so this was a gift to one of my friends but it never came so I had to give her something else. I love this necklace but I never got it.

Very bulky and unattractive and the lens was chipped.

It took for ever to come to me and is a peice of crap . its flat not 3 demensional like the picture . it has the quality of a gum ball machine prize SHAME ON YOU !!!!!!

I recently bought this necklace from these people because I wanted a camera necklace but all of the ones I saw at the store so I came here. I bought it and then, seven months later, it still hasn't shown up. I wanted to write this review to keep you people from wasting time and money.

A great piece to wear and for others to enjoy as well. Conversation starter and fun to look at yourself when you're bored ha ha

Very disappointed. Purchased 4 as gifts for some photographers I know. Items are so badly made there is no way I'll give them. Just be warned. I purchased several ""affordable"" necklaces from Amazon one night and they were all smaller and cheaper than advertised. You get what you pay for.

I understand it's cheap but it's stapled sooooo poorly that it just looks like a quarter that was run over by a truck. It's also really big, the size of a mangled quarter. So yeah hideous piece of junk, I threw it in the trash.

A bit thinner than the picture appeared, but overall I like it. Looks just like the picture (other than the thickness of course.)

The product image is false advertisement. The necklace looks truly cheap .... not cute at all. When I ordered the necklaces, I also ordered a vintage owl necklace from the same seller as well. When the order arrived it took more than a month, and they didn't ship the owl necklace. I was so disappointed. I'm telling you ... don't waste you're money on this necklace! It's not worth it at all. Hopefully I'll be able to return these necklaces back to China.

it looks like the picture and it is so pretty :) i love it and so do all my friends they want one now :) i am very satisfied with this its gorgeous :) differently get this

If the picture is using a VERY thick chain then maybe it's accurate but it is big and cheesy. My daughter put it on her key chain instead."
B006JRLOQM,Diamond Heart & Toggle Necklace in Sterling Silver,Netaya,,,For $150.00 this necklace should be made with real sterling silver. This necklace is chipping away and flaking. Do NOT BUY THIS. not worth the money. It is a beautiful necklace but not real.
B00RV3YCTE,CC Kimico Pendant Necklace Titanium Stainless Steel Matching Set Open Your Heart Couple Necklace,,,,"This is the perfect gift! It doesn't have to be HIs and Hers. I gave this to my boyfriend and he loved it. Its durable too! I wear it in the shower and it doesn't discolor or weaken.

Cheap looking and horrible. Maybe okay for young loves but not for adults at all.

Very very nice.. My Man loves it

These two necklaces were wonderful. My boyfriend and I loved it, the only bad thing is that the chains were broken and we had to use different ones. Other than that, I would recommend.

Love this pendant bought it for my bf for v.day. Goof product you and take a shower in it and it doesn't change its color.

me and my gf love it. great for couples. so far very durable. you can wear it in the shower and it be fine

Amazing

Quick shipping, decent quality, just wished the necklace was a little better quality.

I absolutely love it! Now all there is now, is to wait for a perfect time and place to give this to the right girl:)

My gf loves it

My boyfriend love it and so do I !"
B01E6X4AY8,"Cos2be Cubic Zirconia Faith Hope Love Cross Pendant Necklace,18”",,,,"<div id=""video-block-R20KC26HH021GY"" class=""a-section a-spacing-small a-spacing-top-mini video-block""></div><input type=""hidden"" name="""" value=""https://images-na.ssl-images-amazon.com/images/I/C1lRy9IshgS.mp4"" class=""video-url""><input type=""hidden"" name="""" value=""https://images-na.ssl-images-amazon.com/images/I/A1B8iuz7EmS.png"" class=""video-slate-img-url"">&nbsp;&nbsp;For a fashion jewelry, this is quite nice. It is very sparkly and considerably light. The crucifix looks slightly bent although I am not sure if that is a style or not. The lock is a lobster claw style which I believe is mostly the lock style of most necklaces nowadays. The crucifix itself is made up of silver tone alloy metal and cubic zirconia stones and they look very sparkly and large. The back of the crucifix is open and you can see the stones. They look sturdy and set that you won't have to worry that the stones would break or something. The chain is a decent length of 18 inches. I cant say that it is simple but at the same time it is also not that ostentatious. I think it is right at the middle. I have worn it with both a casual and a formal attire. My friend thought that it is real. It came in a small plastic. It would have been better if it was in a box or perhaps an organza, those little pouch things to make it a little bit more elegant, I guess. It is why I gave it a 4 star instead of a 5 star But all in all, it is a cute jewelry, but I would suggest to take it off while showering or in the pool or even exercising because they are not made for that. *Disclaimer : I received this product for free in exchange for an honest review. This does not alter my opinion in anyways.

This is a gorgeous cross. My family loves crosses and my daughter and I fought for this one as I was the last recipient. The cross is almost 1.5"" inches long and the chain is a great 18 inches. The lobster claw clasp is perfect fitting into a small jump ring. The cross itself is made up of 10 Cubic Zirconia with another in the center of the cross for a total of 11 round Cubic Zirconias. So far so good. No irritation or discoloration and the price is incredible. Disclaimer: I received a complimentary product for my honest opinion. My star ratings are exact based on Amazon's star descriptions. My reviews are 100% honest and true based on my personal opinion not on a companys description or request. No monetary compensation was offered or received.

<div id=""video-block-ROUCXK7US1H5"" class=""a-section a-spacing-small a-spacing-top-mini video-block""></div><input type=""hidden"" name="""" value=""https://images-na.ssl-images-amazon.com/images/I/C1cD7dOVW0S.mp4"" class=""video-url""><input type=""hidden"" name="""" value=""https://images-na.ssl-images-amazon.com/images/I/812TiMYUdTS.png"" class=""video-slate-img-url"">&nbsp;This is a very pretty cross design. I would call the pendant medium sized. The cross is about 1.4 inches long. I like this size because it is not too small. The cross has little tiny crystals on it. Look closely because each round section is not just a big crystal. Half the circle is actually metal and in the center is the tiny crystal. It gives the illusion of larger crystals. I thought that was neat. The end effect is a shiny and brilliant looking front to the cross. The back of the cross is just the plain metal. The loop on top of the cross that holds it to the chain is closed. That is great so you won't loose the pendant. The included chain is about 18 inches long. It is a thin chain so it won't take too much rough tugging. It should be OK for normal use though. I like the sturdy large Lobster clasp. This is made with an alloy metal. It is a very shiny and bright Silver tone color. I make sure not to get it wet or in contact with any sweat or chemicals so it will last looking good for longer. I don't have any metal allergies so I have no problems with alloy metals. But keep that in mind if you do have metal allergies or history of turning metals green. So far so good. Beautiful cross "
B01D8OR3BI,"TOTU Stainless Steel Mens Womens Necklace Link Curb Chain Necklace with Bracelet , 10mm Width, 24”/8.5” Length",,,,"Strong, sturdy, high quality jewelry. As much as I am surprised at the quality for the cost, I am extremely impressed with these products! For years I wore a very expensive silver necklace and matching bracelet, but they eventually wore down after everyday use, and I just never got around to buying another pair. Also, the cost was too high for my desire to replace them. Although I received this product at a discount, in exchange for my honest review, I can honestly say in comparison to the expensive jewelry I've owned, they've been more than I could have hoped for. PRODUCT: The necklace and chain are identical, so they match perfectly. They are both made of very strong stainless steel, but they're not extremely heavy, (which is a huge plus) and the quality is fantastic. It's clear that these are not only made to look great, but they're also meant to last. The clasp is thicker than most bracelet/necklace clasps, so no worries about that piece breaking or falling apart. Also, because it's made of stainless steel, most people with reactions to metal or metal allergies will be able to wear the product without having to worry about the consequences. PERSONALLY: I have about a 17"" neck, and the necklace hangs down exactly where I'd prefer it to. The bracelet also fits me perfectly. I personally like a loose fit, that slides an inch or two, but not too loose that it can slide over my hand. I've had issues with bracelets that snag on things or slide up and down my arm too much. This bracelet does not do that with me. I look forward to showing these off, and wearing them quite often.

** I received this product at a discounted rate in return for an honest review ** This is a very nice set. They are thick, so they would be appropriate for a man or woman who was interested in chain jewelry. It is the type of chain that lays flat. Darker shade of silver. It was very nice. They are well built and should last a long time. They are heavy, so if you are looking for delicate pieces this is not for you. I have very small wrists so the bracelet was huge on my arm. But it would work on my ankle well enough.

This is a really nice bracelet and necklace set! It's exactly as pictured. Both the bracelet and necklace chain are very nice quality for it being stainless steel. I had gotten this as a present for my boyfriend and he loves it! It looks more expensive and pretty close to real silver. He wanted another chain cause he loves wearing chains but didn't want to loose his real silver one so this one is great for when he's at work. It has not turned his skin green at all or rusted or tarnished and he even wears it when he showers. Both chains are very sturdy. I really liked how the clasp is also in the shape of the links so it lays really nicely with the rest of the chain. This is a great set to buy for a gift or yourself. I did recieve this product at a discount in exchange for my honest and unbiased review and all opinions are my own.

Nice piece

Don't like the product, in the pictures of the items they look better and not so dull. The items fit, I don't like that are dull and just look dirty

This Chain Necklace feels very high quality and it feels very durable and doesn't feel like it's gonna break anytime soon and it has some weight to it which I like and I just like the complete style to it. Very Impressive

Its too bold. Definitely not for women. It could overcome you. More for big men! I won't keep it for myself but give it to someone.

If I could leave a 0 star I would. The item is not like what is advertised. It's not shiny! Its more like a grey piece of metal than silver. I hate it. False advertising! And I will be rereturning them

When item arrived links ans size of chain & bracelet very large-good for large person. Should include diameter size in description, waste of $. Could not give as gift

Did not receive polished stainless steel, received some kind of weird matte silver marked s. steel. Very unhappy. My husband wanted the shiny "
B00LGIWXWS,Punk Goth Men Stainless Steel Polished Wing Winged Grenade Bomb Star Pendant Necklace,,,$5.29,"Nice pendant. Chain is too short to put over your head. I had ordered this for someone who was in the Army for 14 years, but he didn't reply to my messages that it arrived. I gave it to my boyfriend. He loves it & said the chain isn't too short to wear it comfortably. I'll update with the exact measurements when he takes it off. Please keep in mind that the ball chain is the same chain used in bathtub drains & ceiling fan pulls, but don't let that keep you from buying this. The loop on the pendant is quite large & can accommodate many other chains or cords. I don't know if it will chip or turn his skin green yet. It's a bit pricey with the ugly chain, but we love the pendant. I recommend this for men, not ladies, only because the pendant is heavy, but I highly recommend it for anyone that plays the GTA series of games because you get to throw hand grenades & you get stars when the police are chasing you lol. I also recommend it for anyone that is or was in the Army because I did a search for Army symbols & Army jewelry & this is the only one that I liked. It arrived in a small zip baggie with the pendant beside, not on the chain, inside a square bubble lined white envelope approximately 6"" x 6"". Much faster than several other companies in China."
B0071BRFWM,Stainless Steel Men's Gold Plated Large Cross Necklace on 22 Inch Ball Chain,,,,"This cross is much thicker than it looks like in the picture. And much heavier too. It`s more of a cross for show then for actual wearing use. What i mean is, it`s just too blingy. But if showy is what you`re looking for, then it is a fine cross. The gold colored metal is shiny, as is the steel. It looks higher quality than you wold get for 10 bucks, so as long as you know that you are getting a heavy, blingy cross, this necklace is fine. The chain isn`t great, but it holds, and you can easily replace it if you would like.

I love this cross I wear it every day it felt a little heavy at the beginning but i get use to the weight, I cut the chain to 18 inches, it came with a 24 inches chain. looks great with open shirts or v neck t shirts the metal is made of steel so it won't get rust except by the chain, doesn't look very water resistant but the cross is made from a very good material.

The looks of the chain its nice it's not for an adult more for kids real small and its very weak it broke easy. I can't rate this chain sorry.

This product is made of great quality for the price. Worth the money. Did not think I was going to receive it but post man made a mistake and came back. I love it. Very happy.

all metal(a little heavy), maybe cold if you do not warm it before wear If the seller can lettering on it for buyers, can not be better

It is very beautiful. It is more than what I expected. The sad truth is I need a new one because I mailed it to the person I was giving it to and someone somehow got it outof the envolpe and stole it. So contact me when ican get a new one. Email- loryntony0403@aol.com

I bought this cross for my 24 year old son. He is hard on everything so this tough necklace should hold up. It is very good looking just the right heaviness and I like it that it has a heavy chain too.

This was a good looking cross on a sturday chain. It was just as I expected and worked great for my special needs son to wear

Perfect gift for a boy that is turning into a teenager ""man""!! The cross is a beautiful symbol of life and a reason to live a good life!!

This is a beautiful cross, however, it comes with a cheesy chain. Well worth the money if you don't mind spending a little extra to replace the chain.

Great solid crosses. I am using them for a costume photo shoot and they show up great on the pictures.

cross is a good, substantial weighted piece. The chain isn't quite sturdy enough, but is adequate if you'r not rough.

this is a duplicate review but I love the cross that's a nice way to it is real pretty we love it

Love the look and feel of this cross. ought it fir a e, and he will love it. Great quality.

I bought this because I needed a new Cross necklace. The material and quality is just amazing! Just as the picture shown. Great buy!!

I love the chain because it is exactly what I wanted it looks very good around my neck. Great product

THE CROSS CAME APART THE FIRST DAY MY SON WORE IT. I DO NOT RECOMMEND IT. NOT WORTH THE MONEY.

It fell apart 5 minutes after wearing it. No way of fixing it because it is an issue with soldering and not worth taking to jewler

I bought this cross just to wear, because I love cross necklaces, and this one serves it's purpose. It is quite sturdy, and not built as cheap as the price may lead you to believe, and I really like it!

I love the cross. Its very well made and heavy. The gold accent is cool. Just what I wanted! Thanks. :D

My son love it he said this was the best gift that he received on father day.even it were after father day when he got .he love it he said his friends ask, man where did mom get it from.they love it. the other chain made look so different. not the roll ball chain it look cheap but other chain made look with class.thanks a magnificent look

I love it! It really stands out! I'm not crazy about ball and chain connector but that is very minor, not a big deal at all.

well made, heavy cross. you can have it engraved no problem. its a charm. only thing is the c"
B011ISH622,Vintage Brass Ball Locket Necklace Secret Message Necklace,ASA,,$3.99,"It's very nice and I love the idea of little notes that you can keep to yourself

Very nice necklace. Timely delivery too

This necklace is so vintage looking. perfect gift item for this coming Christmas.

I love it, you can write a message in for a loved one, or a friend. An it looks great!

The paper in the necklace I got was nothing like pictured. It was a couple of folds, paper wasn't attached to the ball, and it had a grammatically incorrect sentence printed in a mock handwriting font that was attempting to say something about 'the secret is I love you'.

Absolute junk!! Not an antique finish as shown, also no actual space inside for actual messages ect. Not worth the price at all!!

Silliest thing I ever bought. Sooo not what I imagined based off description. But win some, lose some.

Both pieces broken... Won't close

Arrived over a month late, and isn't worth the money. You could make one better than this for $2

Don't bother with this! Was shiny with no patina, very cheap looking, took forever to receive, though I knew it was going to be after Christmas, this thing didn't show up quite some time. I bought two of them, one for my daughter and one for my soon to be daughter-in-law. The chains are cheap looking, also. And get this....the reason I bought these necklaces were to write uplifting messages on the little paper inside the locket and someone wrote a weird message on the paper, so it was not usable! I can't remember what the message was and I threw both of these necklaces away, after trying to work with them and make them usable, I just couldn't.

Save your $5. It looks like one of those mini journal lockets. When I got it, it had a written note inside that fell onto the floor, I picked it up and the multi-folded strip of paper said: ""I Love You.., it's a secret"" I just laughed, because it was a cute idea, but it's a junkie little toy.

The only thing that CREEPED ME OUT is that I think my locket had been returned. It had a sheet o paper in it(which I was fine with) but the fact that it said ""I love you it's a secret"" made me think of all the women that died in a criminal minds episode. If that is something that is in every locket fine but it was not in the description ANYWHERE! I currently have it in my jewelry box hoping that one day I can get over the fact that it had a love note that seemed to be written my a 14 year old to his secret girlfriend. I would post a photo of the scrap of paper but my fianc was so weirded out by it he tossed it out.

Smaller than I thought and some of the words in the secret message came spelled wrong. Like the word secret

Cheaply made and hollow. Mine came with a sort of discoloration on it that makes it look scratched. Complete disappointment.

For the price it is a fun little gift.

my daughter love it

cute ball locket but very cheap looking chain and the paper inside was poorly folded trash. this item took a long time to arrive.

Assumed paper was attached and it wasn't but no big deal. I like the charm. You will prob want to put it on a better chain BUT for the price I'm very happy.

My daughter loves this Necklace and it was inexpensive and arrived faster than expected.

I bought two of these for my 3 year old and 6 year old girls. I think it looked cheaper than in the photo here (not really vintage, just cheap metal) it was very lightweight and the chains broke within one hour of wearing them. Both of them. Buyer beware I would say. Took a long time to arrive. Not really worth the wait.

I got this for my sister for Christmas... and she cried when she read the note inside and thought it was from me. Needless to say, she cried when she found out it wasn't too. She was very very emotional, but she loved it!

cute little necklace!

It's cuter in person. The chain is thinner than I thought but it seems durable.

A litlle bit too cheap

Looks like something from a gumball machine. VERY low quality

This necklace is so cute. But when I opened it there was no paper inside. Yes I "
B00B2VQCGM,3D Silver Volleyball Necklace,,,,"Nice piece and nice size but has tarnished so bad after only one season of club vball (so not that long) that I now have to replace.

love it, well made

This was a nice gift for my niece. The volleyball pendant was smaller than expected, but I loved that it was 3-d. The finish is nice and smooth and the silver was very pretty. My niece plays volleyball and liked it so I am pleased.

Granddaughter liked it!"
B00TGPBR4I,Flesser Womens Charm Fashion Jewelry Leaves Choker Chunky Statement Bib Collar Necklace Pendant Earring Set (Purple),,,,"Nice set but look a little cheap

My girlfriend really likes it

Beautiful and unique piece of jewelry.

The purple part of the necklace was beautiful. However, the pighter leaves were to be a pinkish/light purple. The four lighter leaves look like there was ugly pink glue on them and the big leaf looks like the purple flaked off. Pretty necklace (and would have kept it too) if it were all the purple leaves and not four pinkish leaves.

Won't recommend! Some of the enamel was chipped before I took it out of the box. I'm very disappointed! Would send it back but hate the hassle! ! PH

This necklace is beautiful. A statement piece but not over the top. It was delivered so quickly it surprised me. The clasp did stick and I had to work to get it open the first time; but given the price I'm okay with that. Very unique."
B01DLTJZ0C,Fashion Jewelry Blue Crystal Inlaid Turquoise Pendant Necklace Earrings Set,,,,"The jewelry itself is very pretty, the antique detail looks really nice and the turquoise actually felt like stone. My complaint: the set arrived, I took it from its packaging (bubble mailer and a plastic ziplock bag) carried it upstairs to take photos of it, when I picked them up to take to my room, the charm loop (the one that attaches to the necklace) broke in half... it is made of a spray painted plastic. Also, the earrings should have a stronger support, the little hooks bend and the earring eventually slips from my ear.

I received there earlier than expected as well. Light-weight. Pretty looking.

This necklace and earring set really shines! The blue stones are bright and compliments the turquoise. The pieces are set in a pretty patterned diver setting and are lightweight .... Won't weigh you down!

Beautiful turquoise color and good quality. Looks exactly as pictured and wears wonderfully. Well worth the money and can't wait to have my mother try them out. She loves the turquoise and silver jewelry."
B015ZH1S4O,Snowman Lee Teardrop of Jade Eye Punk Style Amulet Pendant Necklace,,,,"Best jewelry purchased yet.

Great craftsmanhip

I may have to buy another one for my granddaughter... I think this one is my next choice. They're so unique... If I was a teenager I think I would like it too

Looks great nice quality for the price. Great for girls or guys just a fun piece of jewlery to spice up a casual outfit.

Our purchase went as advertised with the item arriving on the estimated arrival date. Thank you"
B00V9042QI,"SMITCO Jewelry for Girls - Stretch Flower Necklace Ring and Bracelet Set, Ages 2-10",SMITCO,,$8.99,"Very cute, but quite small. Don't buy this for a girl over about 8 years old. The bracelet especially is very short. We bought this to put in a Christmas gift box for a Christian charity that sends shoebox-sized packages to children in need in places like Haiti. We thought this little set fit the bill for being bright and cheery and fun.

This set is so adorable for a little girl! I was able to buy this at a discount for an honest review....glad I had the chance because I would recommend this to anyone needing a gift for a girly kind of girl!

Beautiful gift set for little girls!

This Multi-Color Wood Beaded Jewelry Set by SmitCo LLC. is Adorable! The Necklace I received offers 72 - 1/8"" Rounded Beads in Orange, Green, Dark Pink, Red, Yellow and Light Pink, 6 - 1/2"" Elliptical Beads in Red, Blue, Orange and Light Pink and a 1"" Hand-painted Light Pink Flower. (Flower Color May Vary As Stated In Product Description) The Accompanying Bracelet I received features 28 - 1/8"" Rounded Beads in the same colors as the necklace as well as 3 - 1/2"" Elliptical beads in Red, Blue and Orange. The Beads in Both Pieces are strung on a Heavy Duty Elastic Cord. The non-stretched measurement on the bracelet is 2"" and the necklace is 5 1/2"" before stretching, however the elastic is able to stretch quite a bit. My order arrived promptly and was packaged in a very nice Ready to Gift Box. PLEASE NOTE: Although the elastic is very strong on these pieces, I would Not Recommend this for children under 3 yrs of age or a child with a tendency to put things in their mouths due to choking hazard should they somehow manage to break the elastic cord. I received this Multi-Color Wood Beaded Jewelry Set in exchange for testing and review and am pleased to give it a Well Deserved 5 Star Recommendation.

Very cute, but should be less expensive. My granddaughter loves jewelry. She'll enjoy this.

Very cute for little girls!!

Bought this as a gift. It was a huge hit.

Perfect for my 4 year old granddaughter

Love it! Beautiful wood...nice quality...not cheap looking! Classic! Order placed and shipped in less than a week!

Bracelet broke the first time it was worn and little non-toddler friendly beads went everywhere. Will be returning. Sadly not safe for toddlers.

Well made and colorful. Think my granddaughter will love it.

I knew as soon as I saw it that my two-year-old would be able to break it, but I gave it to her anyway. Within a few hours, she had ripped it in half and was putting the beads in her mouth. It was cute though.

Well made, our 2 year old loved them!

My granddaughter will just love this! The colors are so bright & cheery . . . just perfect!!!

Very brightly colored and cute. Small beads so not for a child under 3.

My daughter loved this for her third birthday. I like that the beads are wooden and not cheap looking so many kids necklaces. The elastic, however, is terrible and will break. I restrung it on basic jewelry elastic and it will hold up. Still a good deal and product even with the extra step of re-stringing the beads.

Sweet necklace...daughter loves it!

Great set for my kids to play with. Love the colors and the quality.

Very colorful

Very colorful and they have lasted since Christmas, which says a lot for the quality. These are actually pretty small. Not what I expected for my 6 year old granddaughter.

Very cute and it was perfect for my 6 year old grand daughter, who loves it!

Daughter likes it. It stretches to help prevent breakage.

For my granddaughters !!! Love them

Ive never given a poor rating on Amazon before. I feel bad, but the necklace and bracelet are not well suited for small children. My four year olds broke the necklace pulling it over their head (stretchy band) and 35 minutes later the bracelet stretchiness was totally gone. While its cute and colorful and was delivered timely, its not well made.

Bought for my granddaughter who loves jewelry and I was very surprised how cute they actually are. She just loves "
B014AO6QKO,TD Men Boys Vintage Retro Deadpool Black Quartz Pocket Watch Pendant Necklace Sweater Chain + Gift BOX,TD,,,"I love it. Very good quality.

Beautiful watch. will be buying more soon!!!

This arrived about three weeks before expected date! Which is AWESOME!!!! Good product, comes from overseas.

Cool watch my nephew loved it

If you want this for display then buy it. I was going to carry it around however every hour to hour and a half the clock loses about six minutes making it useless as a time piece, and nothing more then a display piece. Also to note it came with two extra batteries that were the wrong size which makes no sense?????

I love it!

Wel... it is deadpool.

Love this stopwatch! Very good quality. Especially for the price.

Chain broke the first day. Seller would not offer refunded or replacement

My son loves Deadpool and its really hard to find stuff for him. This watch was a great find. Its built really well. He has had it for 2 months now and it has taken the abuse from a 9 yo really well. Still looks new and he carries it in his pocket daily.

Awesome better than the picture

Cool time piece!!! Eye catcher!!! Conversation piece, lots of looks and conversation starter!!

My daughter loved it!

Bought this for my husband for our wedding day. He loved it. Unfortunately, it only worked for two days. Now I'm stuck finding a place to get it fixed. Guess it's only meant for show, not for everyday use.

Amazing! I love it

Good clock but the chain broke very fast.

I like deadpool

My friend loved it

Great product, except the time changes on its own every now and again

very nice quality for the price

I bought this for a friend who LOVES Deadpool and has watched the movie over 7 times. She is very happy with it!"
B0172PCLFM,Kendra Scott Women's Kiri Necklace Rose Gold/Brown Mother Of Pearl,Kendra Scott,,,"Ordered two necklaces from this boutique and only got one Kendra Scott bag. These were Christmas gifts for two separate people. Each item should come with its own bag. Necklace and price were ok. Next time I'll pay extra and order straight from Kendra Scott like I have done in the past.

was as exspected"
B017IEZFM8,Tagoo Tibetan Tribal Pendant Statement Necklace Red&Blue Beaded Turquoise Gold Plated for Women&Girls,,,,looks good BUT was to be to me in 2 days got it in 6 prime member unhappy with that
B00YCR6K2Y,Alkemie Music Symbols with Butterflies Cameo Pendant Necklace,,,,"Beyond beautiful.

Exquisitely beautiful"
B00KVUGKLW,Aokdis Hot Selling 1pc Sweet Elegant Women Bohemian Necklaces Bib Choker Necklace Pendant (green),aokdis,,$5.60,"LOVE IT!!!!!

This was beautiful

Very nice

Just as pictured, arrived earlier than expected.

I liked this. The color leans toward the ""neon"" green side, but it is a nice piece that goes with a lot of items in my wardrobe. Great price.

It's so pretty!! I love the vibrant colors of the necklace! Since there are different shades of green, you can wear it with any green shirt. It is not so heavy and really looks good when you wear it. Been getting lots of good compliments by this. :)

Love this necklace. It looks very elegant and I can't wait to wear it.

Its much more beautiful than I expected. The colors are vibrant. You'll love it!

This is a cute price goo c spring time look

Well worth the price"
B00BK6A9B8,Hand Carved Bone Stylised Maori Infinity Fish Hook Necklace with New Zealand Paua Shell,,,,"Chiped from when the abalone was set into the bone. Slightly noticeable. Nice cord though.

I loved this. I bought as a gift. It was everything I wanted and more. Its just like the picture. It is very BEAUTIFUL. it also was delivered fast. Loved it!

I love this necklace! I can't say that enough. It is beautifully made. I wear it all the time. The only issue that I have is the cording for it. Sometimes, the pendant flips around while I have it on. Otherwise, it is a lovely product. The shipping time was quick and flawless. The info card inside the package describing the history of the jewelry was a wonderful touch."
B010IW0F9U,"Hello Kitty Children's Watch Hello Kitty Pink and Crystal Necklace Pendant, HK:3",Hello Kitty KT,,,Niece loved it.
B007ZF55JE,Le Premium® Four Leaf Clover Pendant Necklace Heart Shaped SWAROVSKI Peridot Green Crystals,,,,"Item looks very high quality for the price. The chain it is on shimmers very bright and the stones are a nice color. I would buy this item or others from this company again.

very,very nice

Love the necklace

i was so exited when I saw this. it arrived at 4;30 BEAUTIFUL..

love this necklace that I bought for my girlfriend, its perfect!! You couldn't tell the difference between this and an expensive one. Really really good quality and it came with the beautiful gift box as a 5 stars jewelry.

Besides being a gorgeous necklace, it came in very pretty packaging and a black velvet holder. The gems are bright and sparkly, the metal is lustrous, and it is a good size and weight. This was a gift to my redheaded irish friend, and she has been wearing it almost daily for several weeks without any signs of wear or damage. I am completely satisfied with this product, as well as the price. You couldn't ask for a better deal.

Absolutely beautiful! Very good quality. Love them.

Very nice and it looks good.

The stones are lively and the color attractive. I have received positive comment when I wore it. I just wish it was 925 silver. I hope the chain and backside remains attractive thru many wearing.

Love it! This is a very pretty necklace and was surprised by the quality. It has a nice weight, the crystals are lovely and it has a nice shine.

This is very pretty, but if you're less than 3 feet away from it, it's pretty cheaply made/quality

For the price, this was much nicer than I expected. It sparkles just like in the picture, the chain is nicer than what is shown in the picture.

necklace looks good and has a solid feel. The color was perfect for St Patties Day. Arrived on time and in perfect shape. Very good product.

I got this for my mom. She absolutely loved it. She has not took it off and loves showing it off to friends.

My girlfriend really loved this inexpensive (but looks expensive) piece of jewelry. She could not believe her eyes when seeing this dazzling necklace. She liked the chain it was on and it fit perfectly. I have to thank Le Premium, I made points with this one!!!

I'm so happy with this purchase! Absolutely beautiful! I bought 2. . One for a gift and one for me!!"
B01GS9V5RS,Basketball Heart Silver Basketball Necklace - Personalize With Your Jersey Number! (21),,,,grand daughter loved it
B00TY7451K,Beancase(TM) Fashion Skull Cow Boy Necklace(1 Pc),,,,"Nice and in good shape

love my cowboys but way too large for earrings and that is why i bought 2"
B00KA3ROE2,Colorful Flower Cluster Festoon Y-Necklace Bib Statement Necklace Earring Set,aiene,,,"The necklace arrived quickly and is good quality. It is very pretty.

Looks like a little girls set.

very pretty. looks expensive.

This is very pretty. I get many compliments on it.

This is just as cute as can be and did you notice the cute little lady bug?

perfect

So bright and colorful, very fun and not too heavy

This is such a feminine necklace set. The colors are soft and flattering, and the enameling has a slightly pearl quality to it. Most of the flowers have pearls centers, and the deeper blue flower has transparent stones. The chain has a lobster claw, so it's adjustable. I wore this yesterday with an ombre turquoise top, and got lots of compliments. It will work with so many colors and necklines...it would be especially perfect on soft pink, imo. It hardly weighs anything, but it's very showy and bold. And this is a great daytime piece...not glittery at all, just a quiet gleam that draws the eye. I love it!

E excelente

SOooo beautiful! I can't wait to wear it! It looks very expensive, but cost very little. Love it!

nice

Great bargain but a piece fell off as soon as I got it. Easy repair though as far as the price goes real bargain.

I love it!!

I love my new necklace. The colors are pretty and bright. I did have problem with opening the clasp. They forgot to release it causing it to be stuck together.

I missing yellow flower, and clasp won't open! It would be pretty otherwise. I can't wear it

Price, quality and colors, all are great

This is a great set that I get tons of compliments on!

perfectly cute!

I love this necklace! It is perfect for spring. It is prettier in person, it is not heavy to wear. I love it.

This is a really adorable set! It's a bit ""over the top"" with the earrings and the necklace together, but both on their own are really cute and fun. I've worn the necklace twice now and have received tons of compliments. A great piece whether with jeans or other casuals, or to add a bit of pizzazz to a dressier look. Lots of fun, and a great buy, as it seems really well made! Go ahead and buy it; you know you want to! Note: This product was received at a reduced rate for reviewing purposes.

Looks cheap!

Cute!!!

I do love this necklace for the price but it does not have the black out-lining around the flowers that the picture shows which is it's best feature. I will buy some paint suitable and put them on myself. But still it's very nice for the price

Although it's very inexpensive and pretty I just think you can tell it is inexpensive. It's wearable though. I didn't easy my very little money

Very pretty set! I really like it and have received a lot of compliments.

Not as expected. Small

Nice piece of jewelry for the price! Lots of compliments.

So pretty! great price and reasonable quality.

very pretty

Very nice

Beautiful

Beautiful and well made

Very good

nice

Love it! Earings are lovely!!!

smells weird. but nice otherwise for the price i guess.

Very colorful.

Darling!

good quality!

Love it.

Cheap, cheap and cheap!

Very nice! Thank you!

great item no complaints

Cheap, but fun

Very feminine

Very cute. Makes a nice statement. Goes with a lot in my wardrobe. It was a good buy. I would recommend it.

very nice would buy again

Super cute and a great deal. Packaging damaged the necklace though (not padded enough). I fixed it on my own.

Looks a bit cheaper than the picture

I love this necklace set!!! I get many compliments. I've worn if with different outfits. The little lady bug is so cute.

Pretty for the price.

I love it an it looks expensive

It was a gift . My aunt liked very much .

Very pleased with the quality of the product, price, and shipping.

I love it! It's so cute and not too heavy. The blue flowers are more of a minty color to me.

Kinda sloppy workmanship (overlapping paint, especially on the back), but it's okay. Don't think I'll wear the earrings, and they were the deciding factor for purchase. These are dangly earrings, not close to the ear as posted.

V"
B01GODHTVE,Assassins Creed Silver Skull and Swords Necklace,,,,"I ordered 2 of these necklace, both the same. I received the wrong product, but I like what I recieved. I wish that my other product came thought, but I will not be returning them"
B01CR7VP48,"Cruz Accessories Celtic Symbol Pendant Necklace on Cord, Health, 24""",Cruz Accessories,,$40.38,The pendant is nice but the rope scratches my neck. I contacted the vender because I thought I purchased one that had a leather rope. Unfortunately the vendor basically told me tough luck you purchased it. The two stars is for the rope and the lack of customer service.
B000J4FP7A,"Sterling Silver 8mm Genuine Onyx Stone Bead Beaded Dangle Hook Earrings Stretch Bracelet Necklace 16-19"" Jewelry Set",SilverSpeck.com,,,Bead size is smaller than 8mm. Took 2 months to get response from seller about how to return them.
B016URV99W,Women Multilayer Irregular Pendant Chain Statement Necklace,HuntGold,,$5.45,"beautiful.

Really cute & delicate with a hint of turquoise color, dresses up jeans

beautiful gold necklace

Nice necklace

Overall outstanding

I really like this piece but it tangles easily. It looks great when you get it on just right.and I have no regrets about my purchase."
B019XPHWQ2,Fullkang Tattoo Saturn Choker Necklace Stretch Double Layer Henna Vintage Torque,,,,"cute

Just got this and its well worth the money I love it so much

It's a necklace :I yay"
B00G3XUPKI,Full Rhinestones Cute Panda Pendants Sweater Necklaces Fashion Unique Jewelry,C.N.,,,"Chain very cheap. Panda also looks very cheep. Hope it does not fall apart as fast as i fear it will. This is the second thing from this seller that was not a disappointment

My Granddaughter, a Panda admirer, reported that this necklace is ""A Home Run"". She proudly wears it. My daughter and I would have liked for the delivery time to have been faster. This product must have been sent from overseas and,if so, that information should have been provided before I bought the item.

Much bigger than I imagined (probably 2 inches long) and on a very long chain. The piece itself is hollow (good thing or it would be very heavy). The back side (the head and the body) is gold with heart shaped cut outs. The hearts are very cute and the design also helps cut down on the weight so the piece isn't too heavy for a young girl. The panda has a sweet little smile that is hard to see in the picture. Overall, good quality. Order well in advance, shipping takes awhile from China but it arrived well within the stated dates."
B00GFV8H3K,Sports Accessory Store Alabama Crimson Tide Red Teardrop Clear Crystal Silver Necklace Jewelry UA,,,,"My mom is 82 years old - we live in California now, but she was born and raised in Alabama. She was so happy to get this necklace.

I brought this as a gift for my granddaughter and she loved it.

Nice a bit less of quality than expected but over all was a nice gift.

very nice

This was a gift and I loved it and the person I bought it for loved it as well. Beautiful item."
B01DQP7QMK,Green Plant Rattan Pentagram Necklace Tree Pendant Wiccan Star Pentacle Jewelry Occult Pendant Necklace,,,$3.01,My daughter loved it!!! Much prettier than the picture shows!!
B00HMYE6U2,Jane Stone Fan Necklace Personalized Fashion Necklace Crystal Necklace Cloths Modern Jewelry Statement Bib Necklace(Fn1135),,,,I just received this necklace and it looks like a museum quality piece from Aztec Royalty. This company is amazing - their faux gemstones look so real and their craftsmanship is beautiful. They ship and package with so much much bubble wrap and care. You can tell they put a lot of love into each piece. I love this necklace so much and this company is great. I am a repeat customer because they exceed my expectations every order.
B015UJX6FG,U & Me Titanium Pendant Necklace Couple Matching Set We Love Each Other Love Valentine one Pair (womens & Mens),,,,"Adorable and perfect for couples

This was brought as a birthday gift and its shared between myself and my boyfriend. This is real stainless steal and it does not change. We wear them all day every day even in the showers.

Broke

I bought it as an anniversary present for my girlfriend, to show her that I'm thinking of her even when we aren't together. And she and I adore it. Awesome gift, and extremely thoughtful even as an 'I'm thinking of you' type of statement."
B01AO0P47E,Harry Potter Glasses And Lightning Bolt Scar Chain Necklace,,,,"Great

Bought this as gift for my child's friend. It was a nice little necklace but the lightening bolt makes it top heavy and flips down all the time. It stays in places as long as it's against your skin but as soon as you bend forward and it hangs loose it flips."
B00KREP1D0,Qiyun (TM) Y Small Beaded Bib Fringe Tassel Pyramid Triangle Collar Choker Necklace,,,,"The necklace wasn't as long as the picture showned very unhappy!

Another great buy from QIYUN; beautiful fresh pearls necklace (not plastic, real stones). This bib can be worn with any colored outfit because of the many colored beads used in creation.

Lovely

nice

Item was good for two wears... It looks exactly like the pic...

This was supposed to be as pictured, with purple beading. It arrived with all white beads, no purple ones at all! I purchased so it would match my daughter's regalia for the Pow wow. But since it arrived in the wrong color it didn't match at all! Was not happy.

advertised as purple beads, but they are a very pale pink. I may never wear it, so will give it to someone who likes and wears pink.

UNBELIEVABLY BEAUTIFUL. GOOD QUALITY AND WORKMANSHIP. WILL ORDER MORE FROM THIS COMPANY

Love it!"
B016BKN28O,Lingstar Chunky Oval Turquoise Tibet Silver Pendant Torque Necklace Earrings Choker Set,,,,"I love it.

LOVE IT, PEOPLE CONTINUE TO ASK WHERE DID I GET THIS PIECE FROM!"
B00FPZWU76,Addicting Charms 3d Statue of Liberty Charm for Bracelet or Pendant Necklace,,,,I like it
B00ZDRSM9G,"Crucible Black IP Stainless Steel Carbon Fiber Cross Pendant Necklace - 24""",,,,Bought this cross a few months ago and the bracket to attach the connecting piece to the necklace broke. The cross looks very nice but that bracket is too thin and frail. I recommend looking elsewhere.
B0169KEMOE,Boston Terrier named Duke Necklace,,,,"It arrived as promised. I gave it to a Boston Terrier lover as part of her Christmas gift, nd she loved it. The detail is good and the Boston is really cute."
B005KKCCHY,Playboy Y Necklace Bunny Logo Swarovski Crystals Pink Rose Gold Plated Gift Boxed Genuine Authentic Licensed Jewelry Jewellery,,,,So i got this as a christmas gift for my 16 year old sister. She loves playboy and shes a model. I have already given her all of my playboy items from my bdrm set when i moved in with my boyfriend. But I had purchased a dofferent one before this for my dog to eat it. So as a replacement I went with this. She absolutely loved it! After showing her the first one i bought she loved this one even more. She loves that it is classy and elegant. The chain is adjustable. I would definately repurchase this item more then once.
B01FMMVBR6,Steven Universe Cookie Cat Best Friend Necklace Set,,,,"This is a great necklace! It is durable and super cute. I bought this for my friend and I and she wears it everyday. Great present/accessory.

It's cookie cat! My girls love love love the necklaces. They sing the cookie cat song when the put them on. LOL."
B00GR1RA40,montana silversmith Crystal Clear Lucky Horseshoe Necklace - NC62,montana silversmith,,$94.00,The girlfriend loves it
B00Y6YY8RC,Layla Jewelry 18k White Gold Plated Alloy Swarovski Elements Crystal Jewelry Set include Pendant Necklace and Stud Earrings for Ladies Cobalt Blue,,,,"I am not in the dog house

Product is really nice"
B005ZVI0QK,Koranic Surah Necklace Islam Muslim Lovers Islamic Gift Koran Quran Symbol Allah Stainless Steel FREE Nice Chain,,,,"I like it a lot!

I brought one for me , my wife and son. We are very happy with our purchase. We will purchase more items."
B00QV3OJDY,CharmSStory I Love You To The Moon and Back Live Love Laugh Silver Plated Photo Beads Charm For Bracelets,,,,"NOT PANDORA BUT CLOSE

Great

Wife loves it very nice

I've always wanted a Pandora bracelet. Unfortunately, they're a bit out of my budget. I came across this charm and I really liked it. It's a really nice addition to my growing collection. I've been wearing my bracket for a little over a month now, and I see no signs of damage or discoloration. I wear my bracelet a few times a week and wash my hands frequently. I would recommend this product to anyone looking for a cheap alternative to the Pandora charms. They definitely look like knock offs when compared to authentic charms. As long as you have modest expectations you want be disappointed. If you're looking for something that looks completely authentic you may want to look elsewhere.

Very nice

gave it to my fianc (then girlfriend) and she loved it! it was a perfect!

The front part has a tacky feeling and it is difficult to read what it says

My girlfriend loved it. I would definitely buy it again.

Great quality charm and very fast shipping!

Solid built

Buyer beware!!! The charm tarnished in less than 2 months. It is ruined. When I contacted the seller, I was told that this was normal and the plating will only last about 6 months depending on conditions. I would not buy this for myself or as a gift. I do NOT recommend

As expected.

I love this

It tarnished very quickly

something my son could give my wife from a book they read together. reminds me of little rabbit.

love it

I'm sending it back , it was supposed to be real silver, authentic but its not

i got a thing for pandora that is why i got this one in addition to my collection. great find indeed. i did not even expected it to be this nice. great buy indeed.

wrong choice of item. It wasn't what I expected"
B019AURF58,Cosplay Fashion Theme Pendant Vault 111 Refuge Bronze Quartz Pocket Watch Box Xmas P337,KDJ STORE,,,"Bought as a Christmas gift for brother. He loves it. His cat tried to destroy it, and the cat now has a slightly chipped tooth from the attempt. It's tough! Very well made. Even if it did have to get here by camel apparently!

Great! My boyfriend loves it!"
B00GJXEZ7G,Tree of Life ChubbyChicoCharms Adjustable Wire Bangle Charm Bracelet Set of Two Bangles,ChubbyChicoCharms,,$15.02,"Very nice granddaughter loved it.

Love it ! all My friends, loved it !

Not to good with horror I love it

Beautiful pieces would recommend to a friend and order again.

just perfect love this one very much, giving to a very close friend of mine...

Came discolored charms look like plastic one fell off first time I wore it. very disappointed in this bracelet overall"
B01GI1GO54,Catty Kelly Silver Infinity Retro Pearl Angel Wings Jewelry Dove Peace Bracelet,,,,"Poor quality, was broke in 3 pieces when I received it, white peeling off bead in center. Looks nothing like picture,

The look is beautiful"
B00Y4POKG2,"Rush Dance One Piece Super Hero Baby Muscle Superman Superboy Romper Onesie Cape (70 (0-6M), Red & Blue (Superman))",Rush Dance,,,"Very cute! Fits as expected. My son looked so cute in this little outfit

12/5000 good buy

It was super cute on my little guy, but it was missing the snaps to attach the cape.

Looks great and fits good.

Very cute

i did the size chart and it still came too big

Good for one night like Halloween or a birthday but not regular use. The outfit ran small looked to be and made of good quality until it was washed. First washing started showing holes and the design started peeling off. I very much like the cape and the snapping buttons were reinforced the outfit was also made of two separate fabrics red and blue but the decal started peeling very quickly and that was a huge disappointment. .

Loved it! Perfect! Nice comfortable and light fabric!"
B00N2BEEE2,YAZILIND 1115mm Emerald Cut Red Created Ruby Spinel Silver Plated Size 6 Ring,,,,"Nice all around piece of costume jewelry, especially for the money. Ring fit and finish are good. I have purchased several rings from this company and never been disappointed yet.

Very pretty. Nice big stone. Color is prettying

Love this ring. Disappointed its a ruby and not a garnet...i didn't realize when i bought it...cuz i was looking at what was supposed to be garnet rings... love it anyway though

I love this ring. It's even prettier than the picture. Definitely worth the price.

It was liked

I love it nice

When I received this ring it came with a piece chipped off the underside. When you are wearing the ring the missing chunk isn't too noticeable but It still bothers me it arrived like that.

Great price, good quality, ""ruby-like."" For costume jewelry, a great buy on a great product. Looks very nice on my long, thin fingers. I just wish the rest of me was long and thin! Ha! :)

Really beautiful ring and looks really expensive definitely more than I expected most of all because of such a low price.. also arrived before expected which is always a plus

It's a pretty ring but the ruby is not ruby like color when it's in light! The ruby is more like kinda orange/red like...but I Like-It! O:+)

Grab this one ladies, its beautiful!

This picture doesn't do this ring justice. The color is such a rich magenta.

Inexpensive sparkly ring. The stone is a faintly orangey red color. Worth the price.

Much nicer than I expected. For the price it's an awesome ring. Very sparkly.

It's a beautiful ring and it fits very well. The only thing I don't like is that it silverplated and not sterling silver. Thank you.

Beautiful

Good

I do like it however it's a little bit big but I just wear it on my other hand."
B00266MGS0,"Drop of Blood - Vampire Lovers Ring, Size 5 in Sterling Silver - Other Sizes ...",,,,"It was good until a few weeks passed. Then it turned rusty.

bought this for my daughter and she loved it, looks much better in person, fit was perfect, looks so cool"
B00SGUE4BM,Huan Xun Open Love Charm Expandable Wire Love Bracelet Antique Silver,,,,"very beautiful, but breaks easily

Not the best quality! Cheaper quality than expected, very light in weight and some have rusty spots, don't think its worth the money"
B006ZYSBBU,Adidas Adi Firebird Tracktop #X41202,adidas,,,"AWESOME

Awesome fit

I originally purchased this item as a gift for my husband. It did not fit and I paid $12 to return it to seller. Once they received it they claimed first it was a 'worn' item (he only tried it on once) and later that the zipper was discolored and therefore no refund would be issued. In the end, no refund was issue, the seller was horribly rude and unhelpful. He did send the jacket back which was pointless since it does not fit. So I was out $59 dollars plus the shipping. Thanks Sneaker Doctor"
B014V960ZO,Elephant Head 14kt Gold Plated 14GA Navel Belly Ring,Pierced Owl,,$7.99,"much small then I thought but overall it was nnice

This item looks good and isn't cheaply made, but I did get an allergic reaction to the metal and because of that, I obviously can not wear it.

Awesome!

Sorta dull but cute.

Not this gold...has a copper bronze tarnish look

It squishes up against your belly button & it might not even really be gold plated Bc it was irritating:( guess with it being so inexpensive...

Very nice. Fast delivery

Looks tarnished!

Came in perfect!

Horrible! Do not buy! Will give you a nasty belly button infection

Wish I could rate this Zero stars. When item arrived it looked just like the image above. I wore mine for maybe 3 or 4 days before the color started to fade and I had to take it off.

Personally, I found that I'm not compatible with this metal, as it is colored. I need to stick to the regular stainless steel.

I painted over the elephant head ONLY with clear nail polish before wearing it So the color didn't fade BUT it's too short for my piercing. I wish I could take the elephant head off"
B00NNXNO0E,"Wonder Button, Collar Expanders, Collar Extender (10-Pack)",Metal Collar Extenders,,$7.98,"Works perfect on my Express 1MX shirts. These allow me to have the form fitted shirt designed for a ""hipster"" while still allowing my athletic build neck to fit. UPDATE- half of these have broke since purchase. Reduced from 5 star to 2 star.

big neck, helps with my uncomfortable work shirts

These are rather cheaply made. They are small and difficult to attach. I broke one the first day. The package says you can use more than one and attach them together but that makes it even mor cumbersome. Once on though they do work.

using these as shirt cuff extenders. my husband has large wrist and can't find long sleeve shirts with cuffs to fit unless he gets too big to fit him.so these work excellent as a cuff expander also.

Very misleading. I purchased 1 pack believing there'd be more than one in the package. Spent $8.00 for 1 button.. You'll notice if you increase the packs up the 10, the price only goes up to $10.00 meaning it's a 1.00 a button, but if you happen to choose 1 pack, it's $8.00 a button. At $1.00 a button it would be a good buy. At $8.00 a button it's a complete ripoff. Very much dissatisfied with this pricing model.

As advertised.

I had another set bought from store (different brand) that did not work as well as these did. I am glad I got them.

So far so good....they work like they're supposed to. Only issue is that they're fragile and can easily break if mishandled or overly used....that's why buying a 10 pk. is the way to go!!!! Great price and worth it.

These things can save you several dollars (because you don't have to buy new shirts when you gain a few pounds) and work very well. You can't tell you're using them and they don't physically her you while wearing them. The only reason for the 4 star review is they do stretch over time. That might be expected, however, it seemed like mine stretched faster than I would have expected.

Good product. Have ordered a couple times. Have had others that rusted, which is never a good thing with a white shirt. This one hasn't yet.

Your two chins will thank you!

These work as advertised. They are great and I really appreciate the spring side that stretches to allow you to put it over any size button.

Perfect! Helps me wear the new shirts with too-tight collars!

Love these little things

Very handy keeps collar in place.

Not a lot of give on these. First time using this brand and it broke. Second time, it stayed stretched out. Now, yes maybe trying to extend a 16 1/2 neck to a 17 causes some tension, but I still have other extenders I have used for well over a year that are still usable. So, probably best to skip this brand if you plan using these more than once.

The collar clasp are great.

Does what they're supposed to. Although now my husband lost weight an no longer needs them.

little tough to get attached when you do get it buttoned its good

They work great. Gives you the extra room you need.

Ececellent rapid and very helpful

These extenders get the job done, however, there much smaller than they appear in the photos. As such, they are a bit difficult to install in dress shirts. Overall, however, they are good value for the price and I would recommend them to anyone looking to add an extra bit of space in their dress shirt collars.

Works good but a little hard to fasten.

A little tiny...but gets the job done."
B01AFPMB56,YALUXE Women's Large Capacity Leather Work Tote Zipper Closure Shoulder Bag Grey,YALUXE,,,"This is a great work bag. It has nice structure and will hold file folders. Good zipper compartments and cell phone or cbc pens in side pockets. It holds shape well.

All of these bags looked very promising when I first saw them, however, the quality is not very good in my opinion and does not meet the expectations I had in mind.

The color is slightly off. Lighter than picture

Love the tote & great value! Roomy & fashionable for office. Looking forward to using it on vacation too.

I bought this bag because it was bigger than my purse and I wanted to stop carrying around a diaper bag, so I decided to combine them. My son is getting older, so I didn't need to carry around as much for him but still needed a few diapers, wipes and snacks. This works great for that. The only thing I didn't like was that it came with a pouch of something horribly scented in it. But after a couple days of it sitting outside, the strong chemical smell was gone. I would have returned it if the smell didn't go away.

This is a really, really pretty tote bag that is just the right size. However, within the first few days of using the bag, the zipper pull broke. I knew that this was a fairly inexpensive bag but I didn't expect this. BUT after sending a picture of the broken zipper the bag was cheerfully replaced by the seller. The replacement has held up well, I am happy with it and I receive compliments about this bag daily.

Nice bag, not as large as I thought it would be. Gave to my daughter for her birthday. Overall satisfied

Nice leather and stitching!

Love this tote. Very roomy with large divider zippered area, a side zippered pocket and 2 open pockets on the other inside wall. Big enough to carry a laptop. The leather is thick and smooth. The tote can stand up on its own. The color is a deeper than I thought which is just perfect for me. The photo makes it appear lighter. I love it so much I bought 3 more in different colors.

Like very much. Only negative for me is that the lining is plastic.

This bag is perfect for my iPad or 13"" laptop. I love the gray color because it matches everything. And it has an interior zippered section for security and the entire bag can be zipped up.

This had a permanent stain / discoloration on one side of it when I received it.

I love this bag. It is real leather. The storage and organization is great. I ordered the gray color and it is slightly darker in person than it appears in the picture, but I think it's still a great neutral color. The bag seems well constructed after a weekend of use. I will update my review after more wear and tear, but I am happy with the bag. The only reason this isn't a 5 star rating is because I find the liner fabric heart print to be a little cheesy.

perfect bag - very roomy and very attractive"
B0056B84TC,"8mm Tungsten Wedding Band Inlaid Celtic Dragon Pattern Beveled Edges Comfort fit, Comfort fit, sizes 7 to 14",,,,"I purchased one of these back in 2010 for my husband's engagement ring, and we've been happy with it ever since. The inlaid dragon pattern isn't (from what I can tell) made of the same material as the rest of the ring (which is apparent from the metal's slight discoloration after 5 years), and the pattern does cut off abruptly at one point, but I'm certain this is inevitible depending on the ring's size. I'm rather surprised by the amount of negative feedback this ring as has received, as it's proven to be very practical without losing its appeal; except needing a polish, the integrity of the ring is as good as it was new. Would purchase again if we needed to replace it for some reason. Edit: It's worth noting that the photo's contrast is much stronger than the eye perceives naturally (this is especially true of the ""black"", which is in fact shadow and in person can look darker or lighter depending on the lighting). This may be why people are complaining about the color and detail (neither of which are lacking on the actual product).

Really nice ring. I am a 12.5 and the fit does seem to be right for 12.5. If you are worried about the sizing, not everyone is the same, go to multiple places to have your ring sized and take the average. That always seems to work. Its very smooth and shinny. I think it looks better in person then in the picture.

I got this ring as an engagement ring for my fiancee (we kinda went against tradition and got engagement rings for both of us :D ). For the price, this ring is amazing! Yes, there is a line where the ""engraving"" doesn't exactly meet, but if you wear that part towards the back, you'd never be able to notice it. I got the ring very quickly after I ordered it, and I am very satisfied with it. He absolutely loves it, and he says it's incredibly comfortable."
B01A4YFKHE,"Lacey Single Opal 16g Septum Hanger Clip On Non No Piercing - Choose Blue, White, Pink or Purple Synthetic Opal",Pierced Owl,,$8.99,"This is a gorgeous false septum. However, it does not have a good grip, I had to tighten it to make it hold and that tweaked the decorative lace. Too bad :( I'm glad I ordered a spare that was a little less pretty as it had the grip I needed.

I love this! Only problem was it was a big and I had to push the edges closer together to get it to stay on my nose. Otherwise I would buy again.

Bought this for my daughter who wants to know how she'd look with a nose ring, before she gets the piercing. She LOVES it, and it looks exactly like the photo. It fits perfectly on her septum and it's very shiny. 10/10

<div id=""video-block-RXWLRP6CCS45Y"" class=""a-section a-spacing-small a-spacing-top-mini video-block""></div><input type=""hidden"" name="""" value=""https://images-na.ssl-images-amazon.com/images/I/81FNDV0TlmS.mp4"" class=""video-url""><input type=""hidden"" name="""" value=""https://images-na.ssl-images-amazon.com/images/I/91JsN-5edzS.png"" class=""video-slate-img-url"">&nbsp;So cute, good size, looks real!!

Love it! So cute, good quality, and fooled my friends ('till I told them). ;)

I've received a lot of good compliments wearing this. Very lovely.

This is beautiful! Well made, doesn't irritate the skin and the metal seems to be high quality.

Amazing looking and isn't too big i love it! Def considering buying other colors in the future

I love it!! Glad I tried this before I got the actual piercing because I don't feel the placement works with my face. HOWEVER. This jewelry surpasses all expectations. It is legitimate steel, with intricate design work and a gem that looks like the real thing. The fit is snug but not too snug, and easily wearable for long periods of time. Not to mention, the opal goes so well with my opal snakebites! I love it!

high quality and very athentic looking, the opal was fake but you couldn't tell unless you were the one buying it. when wearing the nose ring it looks very real.

Beautiful! Just like the picture! Good quality

I like it . I have big lips it hangs on my lip But oh well Pros:small Snuggy Looks as picture Pretty Cons: could be a bit more snugly

So pretty and such good quality! It looks very real and feels comfortable. I've gotten a couple complements on it already.

To big. Not just for my nose but too big for my face. Just a personal thin also rusted quickly. Very flimsy at the stone.

Absolutely loved how it looked but was little large for my nose. Also when you smile the ring moves out of place.

Really cute but have to adjust to close it a bit more tightly. It also likes to flip upwards so doesnt lay just right

This looks absolutely stupid on me lol. I have it two stars because who knows, maybe I just don't have the nose for it. I will not be wearing this. But maybe it would look better on your nose. I know its supposed to go higher up, but it looked even more ridiculous that way so here is a picture of it lower

it is such a beautiful piece of jewelry. looks like just as shown in the picture

My GF ordered this because she said she liked the look of septum piercings and was curious as to how she would look with one, but didn't actually wanna take the leap with getting an actual piercing. Clip ons certainly helped fix that issue. She had read previous reviews on this particular piece being too big for most, but liked that it could be easily fixed with a pair of pliers if need be. She's happy to announce that she didn't need to adjust the sizing at all -- just that it's tickling her a bit, and is taking some getting used to. Even our friends thought she had really gone out and got it pierced on a whim!

Very nice. It's lightweight and the Opal shines really nicely. My only gripe is that it does have to be adjusted to be a bit tighter, but that's not worth taking off a star.

Looks exactly like it does in the picture :)

It's so gorgeous! had to tighten it because the gap was too large, but i find that a plus in the product because not all septums are the same size and it was no trouble, i used "
B004UR8FS8,"Polishing Cloth for Silver, Gold, Brass & Most other Metals, 12""x15"" Largest ...",,,,"This works great on all my sliver. Do not have much gold...Really getting my use out of it..Thank you again

My jewelry looks great. Nice sized cloth and easy to use for the little and the big peices of silver that I needed to polish.

I keep all of my items in a velvet covered jewelry armoire but they still get a little dull. I mainly have fashion jewelry because I lose everything. The few items of fine jewelry I have I don't use a lot for the same reason (if I could only get back the money of the items I've lost...)but even sitting there, protected, they still get a little dull with time. This cloth helps bring the shine and sparkle back but even my fashion jewelry comes out great. I use an ultrasonic jewelry cleaner (Rayn Ultrasonic Jewelry Cleaner - Model 24, roughly $60) with a jewelry cleaning solution (Caribbean Gem Banana & Coconut Oil Jewelry Cleaner Refill, roughly $20) for a few minutes to dislodge anything from the crevices I can't get into, then I use the polishing cloth interior to remove any tarnish. On the fashion jewelry, I do this very lightly, then polish with the exterior cloth. Its a small initial investment to make but even my fashion jewelry isn't exactly cheap, $50 for a necklace here and there adds up and this helps it last much longer. Before I bough these, I used to throw things away because they lost their sparkle and they just didn't look good anymore and if I really liked it, I could never find an exact replacement. Now I just bring them back to life. I've even gotten some items at the store really cheap because they lost their luster and I brought them home and cleaned them up and they looked great again so in the long run, its paid for itself. I have a few smaller sized polishing cloths that also do a good job but they usually go MIA. I don't think it takes a genius to figure out that losing things is an issue for me so the larger size of this item makes it harder to misplace. The larger size gives you more surface area to use up so you get more use out of it as well. The 12""X16"" is the size unfolded, it comes folded in half.

I used these often for my gold and silver jewelry, but I haven't had one in years. After a few minutes of polishing, my gold rings were left with a sheen that makes them look nearly as beautiful as the day I bought them. Now I remember why I used to use them regularly, the cloth removes the filmy tarnish that builds up from soap, lotion, etc. Highly recommended. Even once the towel turns black, it can still be used, simply rinse of the gold or silver afterwards with hot water and use a soft cloth to polish to a high sheen.

Used it as soon as it arrived and it work well even on son plated jewelry and had it shining. I will purchase another one.

This is the best polish cloth I have ever bought. Cleans silver and gold to a bright polish! A very good buy!

This works nicely (especially for the price), but I have gotten a higher shine on silver jewelry from other clothes."
B01870E9WY,"SEXYARN Lady's Deep V-neck Long Sleeve Knited Romper Jumpsuit Overalls (XXL, Grey)",SEXYARN,,,"Got it for my helix. Way too long and was very hard to screw the back on. My ear swelled and turn green within a couple days. Put it right in the trash

Very Very small...xxl is like a medium.

Ill give it five stars for the material, but i am 5'6 and 165 lbs, it stretches but it is way to small from shoulder to crotch. i recommend for girls 5 foot to maybe 5'2 max."
B00FT9SWFW,Bravest Warriors I'm Catbug Wallet,Buckle Down,,,"It was much smaller than expected. It's still amazing, but it only barely fits one card per pouch. And that was after loosening it up. Super cute wallet, but if you like to carry lots of cards or cash, maybe look elsewhere.

All the stitching has held up for the 6 months that I've had it, but some of the plastic coating has cracked and peeled at the top and bottom of the wallet's folding point. Overall, I'm pleased.

this is the most cool or coolest thing i have ever seen it is like wow i got so exited when i saw it"
B00NGIWES4,[Golden Carving]Fashion Durable Nobility Bronze Men's Cigarette Case Cig Holder,Black Temptation,,$22.01,"Can only hold 12 cigs but get a lot of complements on this

Friends admire it!

This case is amazing when you first get it, but is easily damaged. It refuses to close after being dropped once, and I can't seem to fix it so that it closes again.

Not at all what I expected and now I can not return it. Did not arrive on time. So now I am stuck with a crap box

Very stylish way to carry your cigarettes. Shows a little sophistication in your individual style.

Disappointed. It took over a month to receive. Item shipped from China. I ordered other items from china and I was able to receive them within 2 weeks, not sure why this took longer. Besides that, which I was willing to overlook, the ""cigarette case"" is too small to be even used as a wallet. Also the color is not as the one that appears in the picture. I was hoping for a shiny glossy gold/bronze but the box has an aged/vintage rusty look to it. The reason why it looks shiny in the picture is because of the lighting. Anyways, I wouldn't recommend it if you want to use it for cigarrettes; it is overpriced and too small for that purpose. I will be returning this item for a refund.

Its the right size."
B01H3IFGNM,YALUXE Women's Double Zipper Soft Hobo Style Cowhide Leather Purse Shoulder Bag Brown,YALUXE,,,"Exactly what i was looking! Description was exactly as described. Room for all of the junk I need to carry. Love it.

This is a beautiful bag. The leather is very soft and smells wonderful. The color is beautiful. The pockets on the sides are big enough to fit my standard smart phone, but one of the new, larger smart phones would not fit. It does have some drawbacks, but not enough to subtract a full star. If I could give it 4.5 instead of 5, I would have done that. The shorter of the two straps, which is the one attached to the bag when they send it, is cushioned for comfort, but the longer strap, which is the one I will use, is not, so it won't feel as comfortable as if it were made like the shorter one. Another drawback is that it is heavy to begin with, so I know it will feel very heavy when I'm done putting my stuff in it. I don't think this can be helped, though, because of the material and size. What I really wish is that it had more small compartments. It's certainly big enough to accommodate many more compartments than it has. That would be a huge help in getting things organized inside and found quickly when you need them. All in all, I do really like it and will enjoy using it.

I absolutely love this bag ! It is just what I wanted. I only like bags with one strap and the length is perfect...tho it can be adjusted. The size is a little larger than I thought, which is great ! It is perfect for me....thank you !!

love it! lots of compliments on color and style.

I like the color - a soft natural beige leather and I like all the silver hardware. I prefer one-strap purses and I like the 2 separate zipper pockets so I can compartmentalize my stuff. The outside pockets on either end are great for ipods/cell phones or anything you want to keep ""easy to reach"". I wish the strap was longer so there was more room for my arm/shoulder when carrying. That's really the only complaint I have. I'm hoping it will last at least 2 years+ since my $20 purses from Ross last me at least a year, so for the price and being real leather, it should last at least twice as long. We'll see.

Really nice bag! Well made and looks great!

Leather: Yes, without ripping it a part I would say so - it is hard to tell though the little key chain is definitely leather, but there is NO TAG inside stating what it is made out of... this is why I gave it 4 stars... Smell: Not really, however there was a rose scented packet inside (not terrible but not appealing either), but the purse/leather itself doesn't have a terribly bad smell, some slight odor but not overpowering or unexpected - nothing I would return it for. Placing it in some cedar, airing it our or maybe even wiping with a damp cloth may help eliminate it, I would expect it to disappear in time though. Size: True to measurements, but a bit larger seeming in person, it can hold a lot, some customer pics of black purse look smaller to me. Color True to Picture: YES, Pebble/Stone/Beige color is just as pictured (to my monitor)- exactly the same color as my Coach brand purse in the same shade it is not cheap looking. Pros: 2 Separate Top Zipper Compartments, 1 Exterior Side Zipper Pocket, 2 Inside Slip In Pockets, One Interior Zipper Pocket, 2 Outside Side Slip In Pockets - the two outside pockets were the main reason for buying this purse for sunglasses/cell phone use, Flat bottom, Includes Extra Long and Regular Shoulder Straps, interior satin fabric is nice quality not super thin or cheap, nice complimentary color. Zipper teeth are metal, however the zipper closure may be a silver-colored plastic from the looks of it but I can't be sure (this would be a con if they are). Cons: Purse is saggy (won't stand on own) it may if it had a lot in it - this doesn't bother me personally but the person it is for prefers the bag to stand up so I may exchange based on this, Snaps on straps seem slightly cheap and have just a pin prick of tarnish on them - but its hard to find a purse like this regardless, and t"
B01HCEMDZQ,"Men Black Gun Plated 12mm Chain Bracelet Wristband Women Bangle , 7.5 Inch",U7,,,"Like it

Very nice bracelet

The title of the listing says 8 inch, but after ordering it shows 7.5"" (Which my measurements show a little less than 7.5 inch) So it didn't even fit without pinching my skin. To top it off, the under side of the bracelet had the black coating chipped off. The overall quality of it felt cheaper than the price. I have purchased play bracelets from the dollar store for my daughter that felt higher quality. My expectations were not very high at the price I paid, but even with lower expectations, I was still very disappointed.

Very hard to take off and put clip on. A very raw finish compared to expectations. Lying gathering dust.

100% Best bracelet I ever brought.

Leaves a black mark after use, but I wear it to work daily."
B00GPUGDR8,Addicting Charms Standing Pretty Hello Kitty with Blue and White Enamel Accents with Lobster Clasp,,,,"This charm is super cute and exactly what I was looking for at a great price! It arrived in quickly and in excellent condition. I love the lobster-claw clasp on it which makes it very easy to attach it to a charm bracelet or necklace without any additional tools or the need to visit a jeweler. I chose to use my charm to decorate my Midori Traveler's Notebook and it not only looks great I really appreciate being able to just clip it on without having to re-string the elastic and I can just as easily move it to other notebooks and planners. It has been on the notebook I carry with me for almost a month, in and out of my purse everyday, and there are no signs of dulling or chipping on the enamel and the back is still shiny and pretty with no dents or scratches. Planner charms are very popular right now and there are dozens to choose from in craft stores and hundreds available online but it is very hard to find Hello Kitty, especially in blue. This one is different than everything else out there and really nice quality. I am looking forward to more of these charms to match other planners, to add to my charm bracelets, and give as gifts. Highly recommended!"
B00SF4MV0A,Scheppend Women's Handbag Navy Stripes Shoulder Bags Pu Leather Contrast Color (Pink),,,,"The only good thing about this is that it came on time. The zipper and handle was broken before my first use and the handles were frailes horribly. I would never buy this bag again.

This purse was super cute but the quality was disappointing. The weird plastic smell dissipated within a week. But the trim on the handles peeled off within the first week. The second week the zipper pull tab came completely off the teeth of the zipper. It was nice and roomy inside but the liner material was a little cheap. I wouldn't have minded paying a little bit more for a little bit better quality for it to last longer.

Like the bright pink. Lining is very cheap. Hope this lasts through the summer"
B01E2A066G,"Danify Vintage Sailor Pin Up Swimsuit One Piece Skirtini Cover Up Swimdress, Red, M(US8)",DANIFY,,,"Bought 4 of these for my 3 sisters and myself. ABSOLUTELY LOVE THEM!!!!

It looked exactly as pictured, and it was well-made. From the packaging to the suit itself, this item was a good value. I got the vintage-inspired look I wanted without breaking the bank.

This swimsuit is very cute on. It fit good. But even after soaking in salt water for two hours as suggested the colors still ran. The red Stripes faded on the white. Also my suntan lotion discolored the fabric yellow. I was able to get that out with baking soda. However I am unable to get out where the red dye faded the white. I only wore it one time on Memorial Day. I'm sad that happened because it is a very cute suit. I spent hours trying to get this right. I finally just gave up!"
B01CJHP9UW,1st First Birthday Baby Boy Colorful Pom Pom Party Hat Girl Cake Smash Party Decorations,Birdy Boutique,,$12.99,"This birthday hat is perfect. It looked so cute on my son. Worth every penny!

Very cute! Everyone at the party loved it.

Super cute!!

Adorable, but some of the dots peeled off before it was even put on the baby! Fine for one time use.

Great little hat. Make sure you give it time to retain its shape before wearing (place on round object a day or so in advance). Loses shape very easily when not worn. Super cute in pictures though and my son kept it on during cake so it was a win.

It's very cute, but the colorful circles won't stay glued down and the ribbon around the bottom won't stay glued together. It's still usable and cute, I just wish it would stay together a little better.

I loved this product came out super cute in the pictures...

My guy looked so cute and it actually stayed on. Great for photos!

I love it

Loved this hat!! Went so well with a shirt I bought for him. It was really nicely made! I even let my sister use it for her sons a birthday and its still really nice.

Worked great for my little guys first birthday photo shoot!

a little cheesy but cute intentions behind its creation.

So cute for photos!

This was perfect in every way except that it was flattened when it was shipped so some of the dots don't stick to the hat and pop out a little when it's on him which doesn't look great but it's minor. Otherwise it fits great and matches the theme very well.

Just as described! Perfect for pictures!

Our birthday boy looked so cute with this party hat!

Very cute well made nice special touch only complaint it was a little to big but not big deal"
B011U2GKQ4,Women Dream Believe Achieve Print Casual Cotton Short Sleeve T-Shirt Black,Popbop,,,"Letters on this shirt was peeling off, letter are small!"
B01DUO3AQS,Igor kid's Tenis Silver Jelly Sandal 32M EU/1.5 US TODDLER,Igor,,,Love these shoes cute and comfy.......my little one adores them.
B00BEMJVR6,Horton Hears a Who Blue Striped Onesie 9Month,,,,"Very happy withbthenproduct and experience :)

It will be darling to hang on the clotheslines for the baby shower, but it will look cuter on my grandson :)"
B00O70FF0E,Swarovski Stardust Blue Bracelet,Swarovski,,,"Gorgeous!!!!! Fits like a dream and sparkles like crazy. Wonderful gift.

Great color---love it!"
B01GFNTWSQ,Braceus Womens Ruched Bowknot Decor Snood Net Bun Cover Barrette Hair Clip - Purple,,,,"Great stocking stuffer.

My daughters LOVE this. So cute and works perfectly. Doesn't even need bobby pins to hold it in once it's placed around the bun. Works perfectly for my 3yr old's tiny bun as well at my 11 yr old's larger bun. Definitely will be ordering more!"
B018T1KNJ4,Caldore Boys GoldTapestry Vest Set Size 4,CALDORE USA,,,My 3 yr old grandson loves it and looks so dapper!
B0137Z54QE,Summerwhisper Women's Little Deer Print Sweatshirt Pink Large,Summerwhisper,,,Adorable
B00IK4AQI4,SOARING RAPTORS ADULT T-SHIRT MEDIUM,Wild Cotton,,,Cool as expected :)
B00UVHJST6,XCOSER Masquerade Face Mask Props for Halloween Cosplay Latex The Thing,xcoser&reg;,,,"It's ok, but the guy I gave it to has a really big head.

Excellent quality. Color was pale, not as orange as expected."
B01AROAQ8Y,Persun Women's Black Polka Dot Sheer Panel Keyhole Back Tulle Dress,PERSUN,,,It's smaller than appears.
B000E8WKJ2,"4-Pack Newborn Socks in Washbag, White",,,,"Very versatile...not too tight nor too loose/won't fall off. Only negative is that after multiple washings over the past 2 months they have become a little fuzzy.

What can you say about socks...? Cute & conveniently in their very own laundry bag. Good Deal..!!!! Bernice K. ps GREAT GIFT!!!"
B018SV5K3Y,Red Bull KTM Factory Racing Mesh Fitted Hat Grey 7 5/8,Red Bull,,,"I like the hat, but the 7 5/8 was a bit larger than normal. I would suggest a size down from the preferred size to get a snuggly fit."
B0054S0I3M,Cruise-6- 7.5 B- Black Croco Print,DeBlossom,,,Love these sandals. Own them in every color in this style. Value is great and the sandals are extremely comfortable.
B00WGG11XG,Sexy Beach Swimsuit Swimwear Push Up Tank Tops and Shorts,Buywish,,,"so so

I order a women's large but the suite that was sent would barley fit a twelve year old girl!

It's just a little tight, even though I ordered the largest size available. :( Will wait and see if it fits after I lose more weight or I will pass it on to my daughter.

exellent

Didn't know this was for a small kid!!!!! Need to be specific.....

I have purchased the large size and I weight 100lbs, but it doesn't fix."
B0154ZWHM4,"Ekouaer Mens Knit Sleepwear Lightweight Short Spa Robe Bathrobe X-Large, Grey",Ekouaer,,,"great

good quality.

way too small, and fabric was not what I expected

Good!

I love this robe!!! It fits perfectly! I washed it right away when I received it, and it came out perfect, not a single flaw!!! Super product for a great price!!! Highly recommend!!!

Would have been at least a four if there were pockets. My husband finds pockets a necessity

Has pockets. Washes well. Good lightweight material. Not for cold winter zones.

Great transaction. Love it!

I bought this a size up for my husband and he really likes it. It's a lightweight jersey material that is perfect for summer, and it gets warm here in Oklahoma. It would be even better if it had pockets.

too small got a full refund

Quality robe, soft, summer weight fabric, very well made. However, sizing is a bit small. Otherwise my husband loves it.

Nice fabric, it would fit a small lady nicely.

Nice robe. Good value."
B00J8OOK6E,"Colored Skinny Leg Jeggings Women Pants (Small, Red)",LS,,,"Love it

wear all the time

Love these! They fit great and are super comfortable. I have to say, I thought I was buying color jeans because that is what I typed in but I realized they were jeggings. I could care less, these things are comfy and I think they'll keep me warm in the winter. I'll probably be buying the mint ones now too

These were so tiny that I could barely button them. They gave me a huge muffin top! Gag. I usually wear a small, but these were more like an xxsmall. I ended up giving them away to someone who is a 00. Too bad because they were super cute. Order up if you are going to buy these!"
B01G8IDGB2,Unisex Cycling Outdoor Holbrook Sunglasses Black,Holbrook Sunglasses,,,"They fit pretty snug

These sun glasses are amazing! They fit well and are very comfortable.

MY favorite pair,a retro look back in the day of Rock and Roll,very comfortable,dark enough for the brightest days.

Just like real oakleys

Symbol on side fell out before 4 weeks

I love this product. Fits great it got delivered earlier than expected.

For a knock off great"
B003MAME5O,Synrgy by DXL Big and Tall Slub Stripe Knit V-Neck T-Shirt,Synrgy,,,"Well, folks, it's a t shirt. I bought the royal navy and the black, and the slub stripes are subtle, but nice. I have been wearing them as a base layer with v neck sweater vests and have gotten a lot of compliments. The only possible negative - the cloth is a little thin. Personally, I like this, but will have to see how well they hold up."
B007K3H9SG,Girls Kids Beach Toddler 2+ Summer Sun Crushable Bucket Hat Cap 52cm Lt Pink,SK Hat shop,,,Really cute hat!
B01AKHQ96G,Zillionmall Television Installer By Day Zombie Hunter Cool Job T Shirt 2XL Black,Zillionmall,,,Husband wears it all the time
B0079PVZBM,Les Poulettes Jewels - Sterling Silver Charm- Orange Disco Crystal Ball with Lobster Clasp,Les Poulettes Jewels,,,I was surprised by the unusual color and brilliance. I've worn it alone and with other charms. It's very pretty and I'd like to get another one when it's back in stock.
B019SYO2FW,"Shelbi Damon Women Sexy Push Up Deep Plunge Convertible V BRA Max Cleavage Booster Shaper Black, 70B",Fullness,,,Ummmmm....it is cute but the underwire in this bra came crooked. It won't bend back into the shape the underwire should be...
B01HBME2QC,"Crispy Rainbow Elastic Turban Headband,Hipster, Fashion, Gift, Show, Party, Holiday",Crispy,,,I love this turban! The colors are vibrant and will match anything. The fit is great and I have a bug head so I'm always a little wary but it's snug and comfortable. It's flexible and well made so any head size could wear it! It got here quick too!
B00M89YYAI,Yecan Women's Cotton Flower Petal Scarf Green,Yecan,,,"Beautiful scarf! I am very pleased :)

A nice scarf. Only issues are that it needs to be washed before 1st wear (stiff, wrinkles, etc... ) and that the colors are quite a bit darker than the image here. The dark blues are navy blue in reality. Those gray/turquoise splotches are much more blue/gray. Otherwise, however, 4 stars. It is exactly what it claims. A nice, large, well made scarf."
B01FIOT3IW,"Wm554-vp Style Vault Metal Cateye Sunglasses (L1554E Red/Gold-Gold Mirror, uv400)",Style Vault,,,"OK. The black version of these is AWESOME. I had a pair for three years and got tons of compliments. However, the red ones come with a lovely Prop 65 warning on them saying something in them causes cancer, birth defects, etc. Possibly cadmium paint? Not the kind of thing I want around me or my baby (who, incidentally, destroyed my pair of the black glasses when he found them and smashed them and probably chewed on them)."
B016RWJ1BS,"My Wardrobe Women's Elegant Geometric Print Drape Front Knit Cardigan (XL, Purple)",My Wardrobe,,,"This item goes to the model's knees in the photo. In reality, it goes to just below the belt buckle. I wasn't expecting anything TOO nice for the price, but I was disappointed in the length. It is a vey thin shirt like material. Not a sweater at all. I'll wear it, but it might be a deal breaker for others.

I read all the reviews and ordered a larger size and it was still almost to small. But I have washed it and the colors and size did not change.

I was disappointed in this cardigan. The colors were off and it had way more of a southwest look then I expected. It was also shorter then it shows as well as ran small.

<div id=""video-block-R395UN2AL0DZIS"" class=""a-section a-spacing-small a-spacing-top-mini video-block""></div><input type=""hidden"" name="""" value=""https://images-na.ssl-images-amazon.com/images/I/C1vCN5tRqSS.mp4"" class=""video-url""><input type=""hidden"" name="""" value=""https://images-na.ssl-images-amazon.com/images/I/01crZDWE6PS.png"" class=""video-slate-img-url"">&nbsp;The Geometric Print Drape is light-weight, comfortable and surprisingly true to size! The cut of the drape of the opening makes it flattering for all body shapes. The cotton blend material makes the cardigan breathable and soft. I have washed this many times without seeing any ""pilling"" or threads coming off. It is absolutely adorable and looks great! Thanks for watching! This cardigan was purchased at a discount in return for this honest review!

I fell in love with this sweater when I first layed eyes on it on my computer screen! It took about 3-4 weeks for it to get to my door since it came from China. As you also could already imagine, their sizes are smaller which in turn, leaves this running about a size too small. I normally can fit a large to extra large, I went with an XL because I wanted it to me a little loose like most XL's are for me. This fits like a rather tight large. I am a bustier female as well, an it doesn't sit too well on my chest which leaves an unflattering look. HOWEVER I gave it to my daughter, and it looks great on her! We both agree it really compliments her. The colors are exactly as described and shown (I ordered purple) and they are vibrant and bold, The material is sort of thin so don't expect to keep very warm with it on in the winter, this is more of a fall suitable cardigan, well here in MI it is anyway. The only reason I gave 4 star instead of 5 is because I really wish it would have been true to size, then I could have kept it for myself and not had to give it to my daughter. **I received this at a discount in exchange for my honest review**"
