repetition,implementation,mode,model,wall_seconds,engine_seconds,cpu_seconds,llm_calls,cheap_calls,expensive_calls,final_answer_rows,true_positives,false_positives,false_negatives,precision,recall,f1
1,trummer_heterogen_v2_cascade,llm,ollama/gemma3:270m->ollama/gemma3:1b,43.44996500003617,43.44996500003617,0.128105,60,50,10,25,4.0,21.0,9.0,0.16,0.3076923076923077,0.2105263157894737
2,trummer_heterogen_v2_cascade,llm,ollama/gemma3:270m->ollama/gemma3:1b,23.33538333303295,23.33538333303295,0.12115999999999999,60,50,10,25,4.0,21.0,9.0,0.16,0.3076923076923077,0.2105263157894737
3,trummer_heterogen_v2_cascade,llm,ollama/gemma3:270m->ollama/gemma3:1b,23.60158829204738,23.60158829204738,0.12125099999999997,60,50,10,25,4.0,21.0,9.0,0.16,0.3076923076923077,0.2105263157894737
4,trummer_heterogen_v2_cascade,llm,ollama/gemma3:270m->ollama/gemma3:1b,23.213040875038132,23.213040875038132,0.12057599999999999,60,50,10,25,4.0,21.0,9.0,0.16,0.3076923076923077,0.2105263157894737
5,trummer_heterogen_v2_cascade,llm,ollama/gemma3:270m->ollama/gemma3:1b,22.942015750100836,22.942015750100836,0.11810900000000002,60,50,10,25,4.0,21.0,9.0,0.16,0.3076923076923077,0.2105263157894737
6,trummer_heterogen_v2_cascade,llm,ollama/gemma3:270m->ollama/gemma3:1b,23.036870625102893,23.036870625102893,0.13238899999999998,60,50,10,25,4.0,21.0,9.0,0.16,0.3076923076923077,0.2105263157894737
7,trummer_heterogen_v2_cascade,llm,ollama/gemma3:270m->ollama/gemma3:1b,23.155566000030376,23.155566000030376,0.120748,60,50,10,25,4.0,21.0,9.0,0.16,0.3076923076923077,0.2105263157894737
8,trummer_heterogen_v2_cascade,llm,ollama/gemma3:270m->ollama/gemma3:1b,22.874239125056192,22.874239125056192,0.127458,60,50,10,25,4.0,21.0,9.0,0.16,0.3076923076923077,0.2105263157894737
9,trummer_heterogen_v2_cascade,llm,ollama/gemma3:270m->ollama/gemma3:1b,25.20575329195708,25.20575329195708,0.084169,60,50,10,25,4.0,21.0,9.0,0.16,0.3076923076923077,0.2105263157894737
