repetition,implementation,mode,model,wall_seconds,engine_seconds,cpu_seconds,llm_calls,cheap_calls,expensive_calls,final_answer_rows,true_positives,false_positives,false_negatives,precision,recall,f1
1,trummer_heterogen_v2_cascade,llm,ollama/qwen3:0.6b->ollama/qwen3:1.7b,63.63785508298315,63.63785508298315,0.151853,60,50,10,40,13.0,27.0,0.0,0.325,1.0,0.4905660377358491
2,trummer_heterogen_v2_cascade,llm,ollama/qwen3:0.6b->ollama/qwen3:1.7b,21.908771082991734,21.908771082991734,0.11248199999999998,60,50,10,40,13.0,27.0,0.0,0.325,1.0,0.4905660377358491
3,trummer_heterogen_v2_cascade,llm,ollama/qwen3:0.6b->ollama/qwen3:1.7b,21.457867291988805,21.457867291988805,0.128172,60,50,10,40,13.0,27.0,0.0,0.325,1.0,0.4905660377358491
4,trummer_heterogen_v2_cascade,llm,ollama/qwen3:0.6b->ollama/qwen3:1.7b,20.19631979195401,20.19631979195401,0.13306199999999999,60,50,10,40,13.0,27.0,0.0,0.325,1.0,0.4905660377358491
5,trummer_heterogen_v2_cascade,llm,ollama/qwen3:0.6b->ollama/qwen3:1.7b,19.111667459015734,19.111667459015734,0.131734,60,50,10,40,13.0,27.0,0.0,0.325,1.0,0.4905660377358491
6,trummer_heterogen_v2_cascade,llm,ollama/qwen3:0.6b->ollama/qwen3:1.7b,20.39749399991706,20.39749399991706,0.13277699999999998,60,50,10,40,13.0,27.0,0.0,0.325,1.0,0.4905660377358491
7,trummer_heterogen_v2_cascade,llm,ollama/qwen3:0.6b->ollama/qwen3:1.7b,19.23957283294294,19.23957283294294,0.11826199999999999,60,50,10,40,13.0,27.0,0.0,0.325,1.0,0.4905660377358491
8,trummer_heterogen_v2_cascade,llm,ollama/qwen3:0.6b->ollama/qwen3:1.7b,18.623277749982662,18.623277749982662,0.13244299999999998,60,50,10,40,13.0,27.0,0.0,0.325,1.0,0.4905660377358491
9,trummer_heterogen_v2_cascade,llm,ollama/qwen3:0.6b->ollama/qwen3:1.7b,20.285802124999464,20.285802124999464,0.13708199999999998,60,50,10,40,13.0,27.0,0.0,0.325,1.0,0.4905660377358491
