product_id,title,brand,category,price,review
B00XDPY0P0,Women Plus Size Padded Bikini Bandeau Swimwear Swimsuit Beach Bathing suit,Popbop,,,"Did not fit!

The top does not provide as much coverage as the photo shows, which is why I bought this swimsuit in the first place. And I ordered a 2XL, which was quite small. More like a medium in U.S. Sizes. It does say that they run small however, so keep that in mind when ordering. I might wear the bottoms, probably won't wear the top though.

Top fit ok but bottom were not even close!!! Will not purchase this brand again.

dont like"
B01F9EKEMK,AMiERY Women's Black and White Stripes Bikini Top Split Swimsuit Swimwear Sets (XXL),AMiERY,,,"One wash fell apart

Let me first say, My wife like the look and style of the Bikini is very different from what is sold out there. She really like the idea of how they place a semi shirt right in front of the bikini, it hides the stomach area, It's a good product specially for woman who have had several pregnancy and want to hide life's signatures. Now here are the negatives; when the bikini arrived she was excited and pumped until she tried it, the upper and lower part of the bikini ran too small, we were under the impression that this wasn't going to be an issue because we order the largest size available. My is 5'8 and 170 pounds. I hope this review help make your mind.

Everything, it is zgorgeous. The straare a little long!!! Otherwise it is perfect...

I received this bating suit Saturday, just in time for my forth of July picnic! I love this is swim suit, but there are a few cons for me. This bathing suit runs just a little small, so i would highly recommend getting the next size up. The ""bra"" part is kinda made for people who do not have large breasts, mine pop out the bottom and top of it. :/ But there is pros about this item as well! I love the color of it and how it is almost like a shirt, my belly and tiger stripes do not peek out too much either. The bottoms are very adjustable with strings on the side. The top have straps that can be adjusted as well. Overall i like the bathing suit and would probably buy it again. Disclaimer: I got this product for a discounted price in exchange for my honest opinion.

Well... the problem with this product is that is plus but is for plus size with no boobs. If you have big Breasts or at least you have some this is not for you. Disclosure: I received this product at a discount in exchange for my honest review.

I ordered this in US 14-16 (tag xxl). I usually wear around a size 14. I'm 5' and weigh 160 so I'm short and chubby. This bathing suit is perfect for my body type. The bottoms are a little smaller than I like. The top fits well but there's not much support so it hangs a little low. It would help if the straps would tighten more, they're quite long, a little too long and loose. The black part that goes over the belly is just the right size. A little loose and not tight. I really like this bathing suit. If the straps could be tightened more I would have given it 5 stars. I highly recommend this. Disclosure: I was offered this product at a discounted price in return for my honest review. In no way did this alter my opinion of the product.

Bottoms got good top fits but it only covers not even half my boobs. I seeee a bra to it so I can still wear it I wear normally a xl and I ordered xxl

I ordered this bathing suit to wear to the beach in a few weeks. I definitely agree with the other reviews on this product. I am normally a medium and ordered this in a XXL. It fits well. I really like the top and how it hides the front of my belly. I'm not a big fan of the string ties holding the bottoms together, but it does fit good. I did receive this product at a discounted rate to give my honest opinion on the product. I would recommend it to my friends but would definitely tell them to order it in three sizes larger than you would normally wear.

The top is way to big and the bottoms are way to small. The bottoms look a a small or medium and the top is more like a 2x. They are really off"
B01FS4IISI,AisuVolvo Women's Stripes Lined Up Double Up Tankini Vintage Pin Up Swimsuits Halter Bikini Sailor Dress One Piece (XXX-Large(US16)),AisuVolvo,,,"How adorable is this suit!! We are going to the beach for the 4th of July and when I seen this suit I knew it would be the perfect suit for this trip! It gives me all the coverage I need. The suit has a skirt like feature, I like this. I am a bit bigger so I don't like things that conform to my body. There is still a reg suit underneath, the skirt just sits prettily on top There is removable puddings in the chest area. I was given this product at a discount for my honest feedback. The material is super soft and dries really quickly. I like also that it does ride up, I am chasing two little boys around the sand, The last thing I want is to have to keep adjusting my suit. This suit is perfect to it does ride up some times, but not as much as other suits have on me!"
B01DAFK0OC,"RUNBOX Women's Plus Size Pleated Push up Two-Piece Swimsuit Swimwear Bikini Set (XL(US16-18), Light Blue)",RUNBOX,,,"I am a plus size chick, but this 2 piece made me forget all about that. It made me feel sexy, cute and fun all rolled up in one. It hugged my DD breast nicely and the bottoms sat just right on my hips. The material with stood the water. No fading or sagging in the bottom like with other swim suit I have worn.

I had to order 2 suits to equal 1 suit to wear. I had more issues with getting the top to fit. The cup size seems to be very large on the top.

MY STRAP BROKE AS SOON AS I PUT IT ON BUT I HAD IT SEWED BACK. BOTTOM RUNS REALLY SMALL

Great fabric and color. Fits great hides my tummy!!!

HORRIBLE quality. I'm convinced these positive reviews are fake. Literally the worst bathing suit I've ever seen. Dollar store quality.

Great suit. Glad I purchased.

pretty, true to size

Oh man I love this suit! I wasn't expecting it to be so well built and the color is so Bright. I got a 2x I'm usually a size 38dd and a 14 in bottoms. Reading the reviews I decided to go up a size. The material is strong and good. The top is perfect fit. It's a molded cup so it's hard but put it to wash and it will soften up. I love it! Definitely going to run box for more suits

I was so excited to find an affordable suit that might fit a big-busted girl like myself (I am a 34/36DDD depending on the brand). The cups were HEAVILY molded, yet the straps and back support were non existent!!! It was like wearing 2 styrofoam coffee cups with a string to support them! The bottoms fit fairly well ( I wear a 10/12 in women's pants & ordered the XL just to be safe) but the back was unlined. I ordered it in the "" light blue"" (actually a very pretty shade of green) and I was afraid it may be see-thru when wet. I am disappointed and returning it.

The only reason I am not give it 5 stars is because the cups are not big enough fits great everywhere else and still wearable. I am happy with it love the style and color and the side adjustable bottoms are get some days I have more of a tummy pouch then others so I can wear bottom higher to cover or adjust if I am feeling more confident"
B01A0VGV0Q,Angerella Women Vintage One Piece Monokinis Swimsuit Swimwear (SST037-B1-M),Angerella,,,"This is a stylish and unique swimsuit, I'm 5'6"", 125 pounds with a longer torso and a medium fits great, the material is somewhat stretchy but fits tight. The crochet potion of the swim suit is see through to the skin in the stomach area, however the swimsuit is classy, it doesn't come off looking like lingerie. The crochet material is soft and the bra does have some padding to it, but not any lift. The swimsuit is made in China, but shipped from the US. I received this product at a discount in exchange for my honest, unbiased review.

I got a lot of compliments on this. I got a medium because even though I am petite, I am bigger at the bottom then an Asian woman and have bigger hips too. However I think a small would have been good too. I weigh 110lbs and usually wear a size 2 if that helps.

This is really cute and I'm very happy with it. I have bought a lot of bathing suits on line and not always with the best results. This fits perfect and looks like the picture.

My wife likes it

I like it

Fits as expected.. Super flattering and good quality I received this product at discount through Amz review

Beautiful suit! But, being a one piece, it can be a bit deceiving. The front bottom covers more than the back ""bottom"" part. It's bit of a Brazilian cut in the back so just expect A LOT of your buttocks to show.

Wayyyyyy too big. Maybe I was confused about the special sizing chart. Quality was what I expected for the price. Because it fit so strangely, I will be returning this suit.

Isn't cheaply made.

I am so sad. This swimsuit is amazing and I want to love it sooooo badly! I'm a taller girl and slim so was excited to find that it fit my body perfectly. I love the sheer center portion. It's very sexy and not made of rough fabric at all so it didn't feel scratchy. It comes with attachable straps so it can be worn as a halter or as a strapless suit. The only problem I had was that it comes with built in bra support, which normally is great but I'm not very well endowed. The cups are for quite big chests! The top section ended up looking very strange because I could not fill them out. This suit would be perfectly amazing if the cups were not so big or if they were at least removable or adjustable. I'm going to need to end up returning the suit because I can't wear it as it is which is so disappointing. It's only the chest area that is an issue. This suit is great for tall girls with large chests!

This swim suit would look gorgeous on only a mannaquin or a very specific body-type. I bought this product at a discount in exchange for my honest review, and I'm about to break it down so buyers know what to expect with this product and can shop accordingly. IF you find my review helpful, please vote ""Yes"" below. Here goes. The big beef first: sizing is all over the place. Like I said, it'll fit somebody, but not everybody. It will work for you though if you have a large chest, long torso and a small butt. My wife, who this was for, has a smaller chest, a shorter torso, and a nice-sized booty. Which hangs out of this swim suit in a pleasant way for me but not for her. Unfortunately, the sizing chart that this product's amazon page provides doesn't adequately or accurately describe how this item will fit you. My wife ordered a US 2-4 (small) she is 5'3"" and weighs 113 lbs. Otherwise, the suit is very nice. The pattern is cool and the material is quality and quick-drying. Let me emphasize again that the butt is on the smaller side. Good luck!

I really liked the design, but the material is not as stretchy as I would have wanted so it was a bit difficult to put on. Not that the sizing is small, it fit great when I wore it. The straps are bit hard to put on because they always come loose. The padding I think is a bit thicker than some swimsuits I've had.

I'm about 5'3"" and only 95lbs. I read the reviews to be sure I'd get the right size, and they did not fail me! The netting is a tiny bit loose on me since I'm a little underweight, but"
B00KHX4D44,"Injoy Women Sexy Push up Padded Swimsuit Bikini Set and circular metal (M, Black)",InJoy,,,"I'm 5'1, 106-107 lbs, 34 b, 25 inch waist. I ordered the medium black. I can't believe how cheap it was. The quality seems good enough. Very happy with purchase. The bikini bottom is also very flattering (not too big, but covers just enough of my rear to make it look OK.)

My medium fit like an extra small except for long strings around neck. I gave the top to my 14 year old. The bottoms I kept because I actually wear smalls and I'm in process of losing weight so will fit in them soon. I knew better though. Asians have small frames and I know clothes I have ordered from China usually run small. Very cute though.

Bikini set is very cute and very good quality considering it is so inexpensive. Shipping came surprisingly very fast. I ordered a medium but it was too small. Waiting for the next size up to come in.

A little bit small... but great!

Amazing job by Injoy! I emailed them that the size was a little off, they got back immediately and addressed the issue! I will for sure be doing business with them again.

Not the best material and a little confusing to put on at first, but it fits well and looks great.

Can't wear this top being that it barely covers my nipples and I bought the largest size they had for my DD chest. Terrible top; kept the bottoms however.

Okay

sizes run small

I am a 34b and ordered a medium, the top was a little weird fitting but the bottoms fit nicely. (i'm 5'4 and about 120 pounds). Nice material for the price! :)

I read all the reviews and found many people with similar sizing as me. I am 5'2 125lbs, athletic, 32DD and hippy. I ordered a medium based of reviews and that typically is a safe size for me. Could barely get the bottoms on, the top fit ok but wasn't flattering on my build, not enough support for the girls.

I didn't really like this swimsuit, maybe if you're a twig wth big boobs it would work, but otherwise I would shy away from this product

love it!

130 lbs 5'7"" Ordered the medium. I should have got the large but then would have been too big in the chest. The bottoms are VERY small and ill fitted. The straps on the side of the bottoms looks NOTHING like the pic. Do not bother with this swimsuit. The material always very cheap.

Great suit. Flattering fit!"
B01G39B1E0,Taydey Women's Hand Knitted Crochet Bikini Bra Set Swimsuit Yello,Taydey,,,"Super cute suit, but only good if you are VERY thin with no curves. I'm 5'8"" and 125, and this top didn't cover my boobs and looked like a child's swimsuit on me bc it's cut so small. Too bad.

Items was just tiny string and was already torn.

Wow this swimsuit is tiny! I can't believe this is advertised as one-size-fits all! This is coming from a small woman, so it is only somewhat small for me but would be impossible for an average to large sized person to wear. The suit technically fits in that I can fit it on my body, but the bottoms are teeny tiny and pretty much fit like a thong bikini. That being said, I still really like the swimsuit and think it's really cute. I just have to reserve wearing it for times when I'm not self-conscious about people seeing my entire booty! The craftsmanship is also very good, it seems like a well-made garment. So, if you're looking for a tiny little swimsuit to really show off your body, I would recommend this.

Fits my cat perfectly. Not made for humans.

It was way too small for me and I'm 5'4, 115 pounds. There is not much fabric covering you up so be forewarned. It may fit somebody smaller than me with a top size smaller than an A cup.

Great quality. I'm 5'5"", 129lbs, 34dd. The bottoms fit perfect, but I like the more cheeky type of bikini bottoms. If you like full coverage, these aren't for you. The top covers my boobs perfect, but it does slide so I wore them with pasties to avoid any nudity. This bikini is beautiful, but it isn't a bikini to swim, and do activities in. It's more of a bikini to just look pretty in and not do much other than stand and walk around. The top has adjustable ties on the top around the neck, and on the back. The cups do not move, they stay in place. The bottom has a string which you can make it tighter if needed. Both pieces have a thin white fabric which helps from seeing any of the private areas. Material is crochet. Looks exactly like the picture. Very pretty colors. I wore this bikini for about 4 hours, and washed it in delicate, and hung to dry, and it still looks like new.

very see through and skimpy. Unless you have no butt and boobs this will look very showy.

Bottoms fit just right and as an added bonus they are double lined! Can't say the same for the top though. The top seems like it was probably made for an A to B cup boobs. My double D's definitely won't fit... Luckily I ordered a different white crocheted top! The bikini is definitely quality for how cheap it was. Love"
B00K7CISSM,RedExtend Women's Digital Print Oil Painting One Piece Swimsuit Swimwear,RedExtend,,,"Best suit I ever bought.

I'm very mediumish (medium weight, height). Fit great. I liked the coverage; very basic, covered the booty and lower front nicely - so rare in swimwear these days. Great to wear under a skirt like a tank top. Bought it for going on the water-rides at an amusement park, but love it in general for swimming because it stays in place. (I'm the buyer's wife, actually). Flexible fit to a point. I'm 5'5"" and 130 lbs (about a size 10), but my100lb, 4'9"" daughter bought another pattern and it fit well also (petite size 6). Seems to have enough stretch for someone slightly larger than myself; I wouldn't push it past a size 14."
B00YC5UXBU,SEXYARN Women's 2015 Bandage Sporty Bathing Suit Boyleg Short Swimwear Swimsuit,SEXYARN,,,"Way too small

The suit was really nice in colors and the pattern was what I expected like the picture. Only complaint I have is I got a size bigger thinking it would come a little small, but I wish I had gotten my actual size instead cause it seems it sizes are correct and if you wear a large get a large. Plus it don't have pads but I just took the pads from an old suit n used them.

I thought it would be smaller since I assumed Asian sizing. But it was a little on the bigger side for me, but that was my mistake when ordering. There is no support at all for the top and it looked almost like a jogging outfit. It was still cute, but maybe if I had ordered a smaller size, it would've been cuter.

Very cute, however, material is very thin. The top does not fit well and does not have any support, I am larger at the bottom than top so I did still give it 3 stars. This issue is easily fixed with a nude or coordinating sports bra, and is good for show but I wouldn't recommend actually swimming in it...or getting it wet. I am 5'0'' approx 150 lbs pear shaped."
B00W3JFIC6,Sexy Women Ladies One-piece Swimwear Bandage Monokini Swimsuit Bikini Set (M),MAXIMGR,,,"Great quality! Thank you for such an amazing product!!

To small doesn't fit true to size

I had to go two sizes up, and it still does not fully cover my booty. I am 5 8' 145 pounds 34b breast. Has to get a large. I gave e away the small and medium. It's still cute though....

The suit itself is cute, of course it varies from the picture a bit. The small strap in the back is the real problem... There is absolutely no stretch in it to be pulled up any higher than your mid thigh. According to all the measurements listed it should have been spot on, I ordered the correct size for me. Very disappointed in the purchase, it was returned immediately.

This bathing suit looks like the picture besides the fact that the front is a VERY deep V. If you have really narrow hips it would look good on you. Not for curvy women. Ordered a small and besides the deep v, it fits well. Almost no breast support.

I am 5'3"" and 120 lbs. This swim suit would not fit me at all. I normally wear mediums in swimware but this suit was extremely small.

I am absolutely in love with this monokini. Very stylish, sexy and affordable! GREAT customer service!! Contacted the seller to ship it faster and they were very kind and professional. Great purchase.

I mean.... If you can make it work do it. However, I am small! Didnt' work..

super sexy and fits very well for hourglass figures. Lots of compliments. The backside is cheeky but not like a thong. No support for the girls though so if you are saggy up top, this one may not be for you.

Don't buy this swimsuit. It doesn't fit and the stitching is so weird. It looks like a blind folded person made this.

Love love love

I loved this Bathing Suit. I felt so sexy on my vacation to Cabo. Held everything in and was made with good material.

This is very sexy!! The fit was too small but I already took it on my trip. Glad I kept the item though.

120 lbs, 5'7"", size small was too small. Medium was much better.

I read the reviews before i got it so i went one size up!! i love it:)

The bathing suit I received was not this one .

Small on bottom. Okay on the top."
B01DALRE4K,Mansy Women's High Waisted Swimwear Push up Padded Gothic Two-piece Swimsuit Black M,Mansy,,,"I purchased the suit for the bottoms only as I had a top that matched. I'm 4'11"", 115 lbs, 34A-26-36, XS top and size 4 pant. After reading the reviews I purchased the Large size and I'm glad I did! The bottom fits like a glove. The top is too big, but that's because I'm small in the chest. No big deal, I had a top already. The material is decent, about what I'd expect from a F21 bottom. A word of warning, the top I got didn't really look like the picture. The photo looks like a flimsy fabric bandeau with removable straps. It's more like a molded push up bra bandeau with removable straps. The large would probably work best for a B or C cup. If it doesn't fit, you won't be able to make it work. Still worth the money in my opinion!

It's cute and the quality is good. But runs small. I'm a 34C and the top was suffocating my girls. I suggest you order 1 size up.

Cute but too small, especially the top, it only covers half of my breasts and I'm not that endowed.

Loved the top and it fit me perfectly but the bottoms were too small. Very tight around leg holes and over all not flattering on my body. Still great for the price.

I overall love the swim suit it does run very small I'm 5'3 and 135lbs and I got a extra large and it fit pretty good.

I ordered a swimsuit for my 14 year old daughter. Going shopping with her is a headache and it took her 3 days to find this particular suit online. The bottoms are really small for a large. So I would say the bottoms run small the top really doesn't have a whole lot of support for heavy busted teenagers. For the price we were able to use the bottoms with another top. If you need a quick swimsuit and you have lots of tops and bottoms this is the way to go. The bottom print is very very pretty and everyone complimented her on the print. She wore the bottoms with another time from another swimsuit and it really looks good. Not something I would buy again but not everyone's body is the same. The quality of the material was really good. Even though the bottoms were small they were very stretchy and they did not rip while still giving her a lot of support.

Super cute! My daughter loves it

Thought it would have some sort of spanx type support but is thin and doesn't hold anything in ;)

This is super cute on!! Im 50 and weigh 122 I bought a size M and was nervous the top would be a little big but it fit perfect. The bottoms are a little tight but it still looks good

I love this suit! I am 5'5"", 125 lbs. I wear a 34 B bra, size 4 pants, and medium or large shirts (usually I go for a long loose fit, so I am probably more of a small or medium). I bought an XL, because I wanted to make sure the bottoms didn't squeeze my legs. The bottoms fit perfectly and look just like the last 3 pictures (not as high fitting as the first pic, which is not the same suit). The top is too big, but gives me full coverage and looks great. The top has solid foam lining and curves over my boobs, so when I'm wearing it, you can't actually tell that it doesn't fit. I've been pairing the top with other bottoms, because I like it so much. I have gotten lots of complements and my sister keeps borrowing it because she loves it (she is shorter and curvier than me).

The bra is like two cups to small.

Wasn't really happy with it. I probably won't ever wear it but it will still probably live it my closet cause I hate trying to return things.

Perfect! Thanks.

After reading all the reviews I ordered 2 sizes up and was sadly diappointed. I am 5'4 130lbs and I got the extra large. It fits but it needs to be a bit more snug, I would have been better off with a large or even a medium. The bottoms were a bit thinner and more faded than expeccted. I usually wear a large top and the extra large top fits perfectly. I would recommend just ordering one size up.

Great swimsuit! Fit a little tight around the legs but I'll wear it anyway. The top fit great but I'm smaller up top (B cup). I wear a 6 in bottoms and I ordered a lg.

Order one s"
B01AFZORM6,Womens Two Piece Swimsuit Green Striped X-Large,AM CLOTHES,,,"I wasn't sure how it would fit. But, I'm happy it was what I expected.

I ordered a size larger than what I would normally wear, and found this to fit perfect! The fabric is soft and very comfortable and perfect for a ""lazy"" suit, or one to wear for comfort. The legs do have ties on them so you can change how tight they sit on your thighs, which work out great!

way too small on top

Decent fit

What a joke! Waaayyyyy too small! Unbelievable waste of money! I'm very disappointed.

Very cute on. I usually wear a US L or XL and the US XL/4XL fits. I wish the top had a little more coverage for my 36D chest but fits well everywhere else. Covers the post baby belly and still has a fun modern look.

By the front of the waist and the back it's just too loose...

As a curvy girl, it is often hard for me to find a bathing suit that I feel good in. This one is PERFECT. Fits great, and I look and feel great in it. Awesome!

Did not meet my expectations. If it should fit a size 14&up they need to account for the thigh size..

I really want to like this suit! It's really cute, however, the bottom part (brown material) is tight around the legs and doesn't flatter if you have any pudge between your hips (as I do). Also, the crotch rolls inside out when you walk. Not sure what that's all about. The top is really cute, and could possibly drape down to cover some of the bottom, but I felt that it more ballooned out, making me feel bigger. The back is wide open down to the top of the butt, so if you have any problem with your back being bare, this is not the suit for you. I'm going to keep it as I'm in the process of losing weight, so I'll try it on again once I've lost a little weight. I ordered a 4x because they are in Asian sizes--I'm usually a 12-14 pants in US sizing.

I didn't realize that this is a one piece for some reason. Not for those with bigger boobs. Offers no support up top."
B01G71P4ME,NINEWE Women's One-Piece Swimwear Retro Vintage Swimsuit Cover Up Swimdress RedBanana US8-10,NINEWE,,,"My favorite bathing suit! so cute.

Love it

This swimsuit is just OK. I was a little disappointed that there was practically no boob support. For the price it is a decent swimsuit.

Great"
B01FQJQ3IM,CharmLeaks Women's Pro One Piece chlorine resistant swimsuits for women 12,CharmLeaks,,,"I ordered a replacement 12 Cup Carafe Black for a JWX31 Mr. Coffee Maker. However, the one that arrived is too tall.

It fits very well.

Great fit. Great for exercising

I haven't used it enough yet to see whether the color and elasticity last but so far no complaints. I think it is too soon to award 5 stars and that's the reason for my 4 stars.

This is a great suit. I have been lap swimming for 40 years and know a good suit when I put it on. This fits great and despite a high back it is stretchy enough that it is very easy to get in and out of. Will buy again for sure.

Nice fit. I like the swimsuit

the size of those swim suits does not math US size. It's one size smaller, so if you need to buy one you need to order one size bigger than what it is.

This is a beautiful bathing suit but it was just too small for my long torso. I'm 5'10 so to find a one piece that fits can be a challenge. Unfortunately, this bathing suit didn't work for me. Besides that, it is a really nice bathing suit, feels well made and it has support cups in the bust. I ordered a size 12 and it fit my body really well (besides being too short) - I'm about 200 lbs and it seemed to slim the areas that I like slimmed. I would definitely recommend this if you don't have a long torso.

it is my go-to suit when the occasion calls for it

I strugled to put on the upper part"
B01EWPUMGA,LaLaMa Womens Bikini Set Swimsuit Sexy Push Up Chest Zipper Swimwear Beachwear,LaLaMa,,,"Cute

I am 5'6"" 145 pounds, 34C. Ordered Medium in the Orange color. I loved the color, but the material was very cheap and didn't not have any stretch, and the top and bottom fit completely differently. The bottom fit good, the top was huge and didn't not have nearly any shape to it, so the boobs were just sort of incased in the material but there was no support of any kind. Also, the top was very narrow which, for those of us who have softer breasts, created an underboob leakage. Not good quality, not sturdy, not what was shown in the picture."
B00KIC6UO0,Women's Sexy V Neck Tropical Floral Printed Tank Top One Piece Swimsuit (M),Moonbasa,,,"This has become my favorite swimsuit!!! I wanted a swimsuit that would cover me up without looking boring or silly and this does it. I am a between a size 6 and 8 so I got the medium and it fits wonderfully. This swimsuit fits just like it shows in the photographs, and it looks like you are wearing a cute dress. It is so pretty that I even wear it with shorts or pants on my way to go swimming and it looks like a regular blouse. The outfit is durable, machine washable and it does not loose it's white coloring even when mixed with colored clothing. I even wore this swimsuit to a waterpark and it was strong enough to withstand all the rides and all day use and is not heavy on the body as it dries. I didn't feel exposed like I was in underwear, as I feel in normal two piece swimsuits, and my thighs and rear were not out as with normal one piece swimsuits. I was covered and yet I still felt sexy and trendy because of the cute design and beautiful patterns and coloring. I LOVE this swimsuit and recommend it to everyone!"
B0194SSOJC,"Uplure Women Sexy 2 Pieces Padded Bathing Swimsuit Swimwear Bikini Set Beachwear (M, Green)",Uplure,,,"Bottoms to small and top was to big. Beautiful color and good material.

Color is perfect. Fits a little tight but still comfortable enough for me to wear it.

The top wouldn't even fit a DOLL. Never mind a human. Loved the color but horrible quality and top WAY too tiny. You get what you pay for I guess....

I love the bathing suit and the material it's made with. The only problem is the the top of the bathing suit has size issues. I ordered a medium and the cup size fit but the band around the chest area does not. It is really really small (22 inches). I was able to exchange it for a large and it fit much better, but it's still tight around the same area. I'm 5'2"" 123 lbs if that helps anyone. With a little bit of altering the band on the top on my end I absolutely love this bathing suit. Definitely runs small though... I would order a size or two larger.

Worst bathing suit that I've ever ordered. The top piece isn't even sewn together correctly, I can't even begin to explain how messed up the top was and the bottom was way too small, if you need some motivation to workout by feeling horrible about yourself buy one of these.

Looks like image just order a size up runs small but happy with the item especially the price!

This is going to be my new obsession. I love this bikini, it fits small in the bottoms but the top is perfect, good material, great quality, it came earlier than expected. The padding in the top is sturdy. I bought two and I love them!"
B00LZDIINW,FourCatz Womens PLUS SIZE One Piece Swimwear/Swimsuit With Polka Dots US 14,Fourcatz,,,"This is a pretty swimsuit that fits as expected. I will recommend this to anyone seeking an attractive swimsuit

It's a really cute bathing suit but runs very small, be on mind that iteam came from China and there smaller size that American sizes, I really recommend to get it a 2 to 4 sizes bigger, cuz it's really cute, use my example I'm 240 5'6 I'm sizes 18 to 20 l, i get it 22 and still don't fit the top part it's the smaller one, I'm 42 D if you are more than C it's won't work"
B00W9LFPN0,Difyou Women's Modest One Piece Professional Swimsuit Plus Size Black Large,Difyou,,,"I am pleased with this suit, despite the poor placement of the breast pads! I will have to remove them, but overall it's a great fit, and attractive!

I like to cover up when I'm out in the sun and the beach (unless I'm tanning, of course) and this is perfect. Sits comfortably, I can ride the boogie board, swim, snorkel etc... without readjusting anything. I was worried that the zipper might look awkward, stick out or something, but it was fine. The little design doesn't seem to be coming off after multiple washes. I've washed it by hand and in the washing machine and so far so good!"
B01827XLO4,"Polovi Women's One Piece Bikini Shark's Mouth Swimsuit Bikini Beachwear Grey, US12-14, Grey",Polovi,,,"Love this swim suit but is a little small.

The white teeth of the shark are a bit flimsy. I plan on stiffening them. The strap is a gold chain that makes it look cheap and uncomfortable on shoulder. I plan on changing the strap to match the suit."
B00ZZO38KA,Nature Beauty Women Loose SwimSuit Swimwear Tassel Bikini Cover-up,Nature Beauty,,,"I buy this for my sister, and she loves it."
B01EHP765A,Sandistore Women's Bikini Set Sexy Bra Floral Swimsuit Push-up Swimwear (S),Sandistore,,,Bought for the wife and she loves it! Fits her perfect in a small.
B01EQ9BW8Y,PEGGYNCO Womens White Caged Cutout Nude Illusion Bikini Swimsuit Size L,PEGGYNCO,,,Don't waste your money! There's something wrong with the way they sewed the straps...some are loose and some are tight. It doesn't look anything like the picture.
B00WW8YYGY,"Pretty Show 2pcs Bikini Sets Sexy Swimsuits for Women (Medium, blue)",Pretty Show,,,"No. Nothing like picture. Not same color and like workout material

The product doesn't look anything like what it does in the picture. I was hoping for more of a brighter blue but it was more of a dark navy. I also ordered a size up knowing it ran small and it still didn't fit. Very disappointed."
B00T4C3K98,TRURENDI One-Piece Sexy Women Monokini Bikini Swimsuit Swimwear Bodysuit,TRURENDI,,,"nothing like the picture

Fits very awkwardly. I got medium & I think it fits fine at the bottom (a but on the tight side) but it's VERY oddly fitted at the top. Never wearing this rag looking thing in public in fact, I'm returning it. Do not buy this unless you have a rectangle shaped torso or a huge torso & small hips.

doesn't look anything like the picture"
B01CHUX908,Gritu Womens Halter Tankini Two Piece High Neck Bikini Beach Swimsuit Beachwear,Gritu,,$8.00 - $8.20,"Was skeptical because of the price but the material was not cheap looking. I got a medium and the top fit perfect. The bottoms are a different story they were to small and more like a thong not a normal swimsuit bottom.

Great quality material for the fabric! I am ordering 2 more suits for friends.

Beautiful bikini! Would buy from again!

I'm 5'8""-173 and I got a medium! Fits perfect. Not cheap material. Let's see how it lasts this summer! Very nice for the price! Oh..very cheeky!

Fits Great and Super Cute-Was Very pleased I Ordered this item and the Hot pink/black looks great with the wrap halter t

Extremely happy with this bathingsuit - good quality

very good bathing suit for only be 3 bucks but top is cheap and the fit is small

Really cute and fit well but please beware that the bottoms are closer to a thong fit than a bikini......

I bought a large and the top fits really well but the ""large"" bottoms fit like a small! Not impressed with bottoms size or the way the straps look around waist. The top is perfect though.

this was way too small, provider said was Asian fit... what's that ... no mention in advertisement.

Was not even close to the style pictured. Was a regular bra-style top with a very low and narrow bikini bottom. I usually wear a small but like to buy my bathing suit bottoms in a medium. These were not even close. They didn't even fit my daughter. For the price I paid it was not worth sending the suit back. Disappointing since the suit pictured is very cute.

This was way to small. Luckily my 10 year old was a able to wear it. I barely got in the top and the bottom was smaller than average.

I ordered a small and was given a medium I was upset so I gave it away.

MY DAUGHTER LOVE IT

3 because fits in the category of you get what you pay for. Cheap material

cheap! very very cheap looking! the quality of fabric looks to be china made and faded straight from the package

Not true to size.

The top fits great and I love the colors but I needed to buy new bottoms as they were much too small.

I don't think I will be buy and more of these not a fan of the top love the bottom though and fits well. Size 6

It is so cute and fits perfectly

I love this suit.

I ordered extra small, it seems to fit, but not as I would have wanted. The bottom fits alright, but the top is a little lose. I guess, my bust is not big enough for the top, but oh well, i still wear it for my wake board, it doesn't seem to bother me,because the life vest keep it in place, but my only complain is the padding that comes with it, it is too thin.

Top fits great and is cute. Hoeven the bottoms to ALL of these swimsuits (bought more than one) wouldn't fit my 13 year old sister. And all the women in my family are petite. They are just too short, leaving half of the butt hanging out. I did mention this to the seller but as shipping is expensive there was nothing to be done for it. I'd be paying the amount I paid to get the product to get it back to them. Overall don't be scammed by way too short bottoms unless your just looking for a cute swim top.

My daughter Loves this swim suit. Fits great.

I thought the bottoms were gonna be a lot more cheeky! which makes me sad. Because thats what i was looking for!

Bottoms are small

Love this! I was not a fan of the bottoms as much though they are a little smaller and narrow fitting.

The bottoms are a little revealing for my 13 year old but she loves the top

Bottoms a little small... top fits a little weird but for the price it was close to what I expected and I still like the top a lot to wear with other bottoms...

Really loving this bikini. Even though the other reviews were raving, I find this fits well, and pattern is as shown. It's the kind of low key bathing suit you can wear everyday and feel both comfortable and stylish.

The top fits weird. The material is really cheap. Product is from China and not well made. would not purchase again.

Nice product. Good value for the price.

way too big

"
B01EW6UYXA,"DreamsEden Women's Black White Striped Swimsuit, Two Piece High Waisted Navy Style Swimwear (M ( US 5-7 ))",DreamsEden,,,"This swimming suit does fit smaller than expected so if you wear a size medium, I would definitely recommend you purchase an extra large. I bought a medium and I literally could not pull it up."
B01CG004Z2,Super Modern Women's Super Sexy Swimsuit Set Charming Swimwear Beach Swimsuit Sexy One piece Bikini S,Super Modern,,,"Fits perfect the only thing is that the top part, sometimes the lining move and can be seen. But it's defenitly worth it!

cute, great quality but runs small

Perfect fit!! Very sexy too!"
B01BMWFI0Q,Swimsuits for All Women's Plus Size Grove Side Tie Blouson Top 26 Multi,Beach Belle,,,"Great swim top--very flattering on a full figure. I ordered the wrong size, so reordered.

love, love, love this bathing suit top. fit well, is flattering, and can't beat the price."
B01DNQN23E,"Uideazone Womens High Waist Bikini Beachwear Stripe Swimsuit 2 Piece,stripe2,Asia S= US XS",Uideazone,,,"It fits quite okay except the top. I don't know why they made the top so short, but I tried to make it work somehow. The bikini bottom fits okay."
B01G3KO99I,Sovoyant Womens Bandage Straless No Pad High Waist 2PCS Swimsuit Army Green M,Sovoyant,,,Was not as advertised at all. This is a picture of a bikini but I was sent a one piece bathing suit that was 5x too big.
B01CQJ7PCS,"Fxford Women's Backless Splice One Piece Swimsuit FX5512 (Black, XS)",Fxford,,,"Great fit, great quality, great service."
B00T7GBU16,womens Push Up two piece Sexy Biniki Swimsuit Triangl Beachwear l,Honour Fashion,,,bottom is quite loose
B01C9RLC1M,"Lemorecn Women Swimsuit One Piece Short-sleeve Surfing Suit Sun Protection (Large, Orange)",Lemorecn,,,Not as expected and not comfortable.
B01CV53ADA,CharmLeaks Bandeau Tankini Swimsuit Two Piece Tankini Set Swimsuits for Women,CharmLeaks,,,"Love it, fits great and when swimming feels good.

This swimsuit is beautiful and was very well made. My only complaints are that the legs ride up in the top and there was a lot of black fuzz in the swimsuit itself when I first tried it on. Other than that, it's great. It fit well. I ordered a size 12 and I weigh 150 pounds and it fit great.

I was pleasantly surprised, it is a great fitting suit one of the best fitting I,ve ever owned. You can,t beat the cost and it is modest just like I like a swimsuit to be. Great service too."
B01DBVNB3C,AiSiC Women Two Piece Bikini Tankini Set Swimwear Swimsuit,AiSiC,,,"Unless your a very tiny person it's a no...I'm 5'3....120lbs and it was to small...boooooo

Yaw I'm suit is beautiful . It is a little to small though ."
B00WBG9UZ2,Summerwhisper Women's Hot Spring Two Piece Tankini Swimsuit Swimwear Dark Blue XX-Large,Summerwhisper,,,"It is the size I wear and I was a kids size when I received it

I guess when something comes from China our sizes differ."
B01FD23DFS,Women's tassels Bikini 2 PCS Tube Dress Swimsuit,Topwigy,,,"Top is cute but the bottoms were too small. Have to send them back.

Tassels were to long so I had to trim them. Overall I like the top after I trimmed the tassels but not the bottoms.

Bottoms are a little small and top doesn't have straps.

Fits perfectly"
B00Z9SOJB4,SEXYARN Women's 2015 Bandage Sporty Bathing Suit Boyleg Short Swimwear Swimsuit Emoji S,SEXYARN,,,"more like a pajama too see through

Do not buy from this company total rip off first time they sent my daughter a large then i had to pay them a second time for the supposed right size a small it fits nothing like on the picture if your over weight the fit well work maybe"" I'm posting pictures of the front and the back so everyone can see how badly made these suits are made as well it's like they took left over material and sewed them together!

wasn't small enough

Looks as expected"
B01DF3MC0O,Womens Halter Sexy Two Piece High-neck Top Bikini Beach Swimsuit Bathing Suit Medium Flower A,Kranchungel,,,The bottoms are WAY too small.
B007K8IO58,Women's Bra Top With Extra Padding Plum Swimsuit Size 14 by Eliana,ELIANA,,,"I purchased this for a trip to Hawaii, and was pleasantly surprised by the fit and quality. The color is a deep plum/purple and the cut of the suit - especially the bottom - is flattering even if you're not a size 3. I wanted a 2-piece for sunbathing purposes and something that wasn't a thong, string bikini suit that I would look ridiculous wearing. This one actually covers your buns! I was happier with this suit that some others I have that I paid much more for."
B01D2U2SCM,"CANIS Women's Sexy Printed Bandage Bikini Set Swimsuit (XL, Style 1)",Canis,,,Fits at least 2 sizes too small
B00K54RZWM,Women's New Thong Swimsuit Bottom By Gary Majdell Sport Yellow Large,,,,"I bought this for my girlfriend and it fit well, but the fabric at the side hip attachment eyelet in front broke at the seam when she first tried it on. Poor craftsmanship, flimsy and can""t be trusted to stay attached at the beach. I will have to see if it can be repaired."
B01ASOPMNM,ilishop Women's Swimsuit Plus Size Retro Two Piece Tankini Swimwear Navy 4XL-US8-10,ilishop,,,"Great swimsuit. Great fit! My daughter loves it!

I ordered a 4xl and it fits more like a large."
B01F75PDHW,VintageRose Womens Halter Bandage Cut Floral Rompers Swimsuit Swimwear,VintageRose,,,"I can be a size 8 or 10, depending on the clothes, but I am always a L or XL in swimsuits. 36C cup and a booty/hips. I got the XL in this floral swimsuit and while I thought it looked really cute from the back, I just didn't like the print as much in person. The colors are much brighter and more ""Hawaiian-shirt""ish in person. Also cut into the love handles a little too much. Had to return."
B00ZWPR6BY,"Zxzy Women's Plus-Size Maxi Swimsuit Super Size Swimwear, Black, US L(Asian label 3XL)",ZXZY,,,"Use the sizing chart and reviews for sizing here. I ordered the 3XL and I am a size 12, it fit well. Nicely lined and good quality. Would love to have this in white so if you ever have it available in a 3XL let me know!

It's sized small but makes you want to lose weight to fit it. Beautiful suit. Great colors.

It's really small!

I ordered a 3x and a friend was with me when I opened it. She's smaller than I am and she frowned and said, ""I don't think I could fit that."" I was very disappointed in how small it was for a 3x. I'm hoping it was tagged wrong; there is no way it could have been that size.

This bathing suit is beautiful the fit is wonderful but after ordering it twice,because the first size was too small . I ordered the 3X I normally wear a size 12 or 14 In regular clothes and the 3X was too tight in the breast area so I had to reorder the 4X and that fits perfect when ordering please check your sizing ."
B01E3SK2CK,Yonas Women's Ethnic Printed Strappy Bikini Swimsuit(SIZE XL),Yonas,,,Great cut and not too fancy material
B01CE31A36,JudyBridal Women's Sexy Side Slit Mesh Beach Skirt Swimsuit Cover Ups Swimwear (Green),JudyBridal,,,"I love this. Now I want it in black.

Really short. Provided length is not accurate. I am a size small and i find this is an XS only as it stretched further just looks bad. Material rolls on the sides and there is also not as much of it as it looks in the picture. just some straight pieces of mesh sown on an elastic band. No pretty flowyness to it., at all

Very cute for the beach.

Wish I would've read the reviews. This looks nothing like the picture. Very cheap looking. Just pieces of fabric joined at the waistband. No stitching around edges of fabric. Looks very thrown together and unfinished. For the price should've known it was polyester.

Skirt looked cheaply made, definitely small and short. I'm 5'2 and it was above my ankles."
B00Y7JM84Q,DELIMIRA Women's Slimming Swimwear V-Neck Swimsuit Solid One Piece Bathing Suit Black US 12,,,,I used this item in Hawaii. I was reluctant to buy a swimsuit off the internet but it fit and I felt great in it. It came fast too.
B01BXX4OX6,Uniquezone Womens Halter Tankini Swimwear Swimsuit,UNIQUE BRIGHT,,,"Love the suit. If you wear a C+ cup, order a larger size than suggested.

Sizes are not comparable with US..Customer service was great.

Very cute, but runs WAY smaller than it says. Not even close to fitting :("
B01D8AFXU0,Zhenhui Stainless Steel Mix Color White Crystals Piercing Nose Studs Rings Pins Jewelry,,,,"I have a very hard time finding rings and studs for my nose piercing. My nostrils are small so those coiled type do not work well for me and the hole in my nose closed up a bit from not regularly wearing something in it, so it's difficult finding a gauge that will fit. Zhenhui Stainless Steel Nose Studs are pretty much perfect for me. I was able to get them into my piercing hole without any discomfort and pain. These are the type that have a little ball on the end to keep it from falling out, also known as a nose bone or a nose pin. The ball did keep the stud in place and prevented it from falling out but it wasn't so large that it was a pain to get out of the piercing hole. You may want to secure it with one of those clear silicone backings that are on most earrings when you buy them if your piercing is a little larger. The posts are a little too long for me which makes either the stud itself stick out from the piercing or the post to stick into my nose. That isn't a flaw in the nose ring at all since the length is stated in the description but if you have smaller nostrils, these may not work well for you. I had no issues with the metal, which I expected from stainless steel. I have allergies to certain metals so I have to stick with either stainless steel. Had I had any reaction I would have known if the description of the metal was misleading, which it was not. While the posts are quality stainless steel, the crystals do not look well attached. I'm worried they will fall off of the post easily. But for the price you are getting 48 studs (24 clear and 24 assorted colors) if I lose a crystal here or there, or even lose the entire nose ring I don't find it to be much of a loss. 9 dollars for 48 nose rings is a steal. I'm considering buying another set but in the 1.8mm crystal size since the 2.5m crystal size was a little too large for my taste. I'll still wear them but I do like a smaller crystal, especially since I'm with a toddler practically 24/7 and the larger crystals attract him, so he tries to pull it out of my nostril which hurts! Personally I find the Zhenhui Stainless Steel Nose Studs to be a fantastic buy. I don't think you can find this quantity of studs for cheaper anywhere else, especially not at any big chain stores like Hot Topic, Claire's or Spencers. I received this product at a discount in exchange for my honest and unbiased review. These words, thoughts and opinions are entirely my own.

This set of nose rings comes with two packs of nose studs (24 per package). They are the nose rings that push in with a ball at the end to keep them secure (pictures are in product listing showing stud style). I got several different colors in the mixed set. The colors and amounts are as follows (pictures also included): 5 light pink, 2 light purple, 2 teal, 2 red, 1 black, 1 lime green, 1 periwinkle, 1 light blue, 1 dark blue, 6 crystal/diamond colored, 2 iridescent/rainbow colored crystals that reflect all different colors in different light. I usually get packs at hot topic or from little vendors in NYC. At hot topic they have buy one get one free or half off deals and run about $12 for a set of 3 for the ones I pick out. In NYC I get single ones for $5 each or 5 for $20. The nose rings from the vendors can be hit or miss and have always broken relatively soon after getting them. I can tell they are charging more than they are worth in my opinion but they do have some cute styles. Because of those prices in comparison to $9 with prime shipping for 24!!! I was really happy to get this set. I know I won't run out of rings anytime soon. They are a great price for what you get. PROS -Thin post/small gauge that fits comfortably in my nose. -Small ball at the end of the post makes it slide in comfortably without any irritation or pain. -Have been wearing one since I got them (almost a week) and it still looks great and the gem is secure. -Metal doesnt irritate my sensitive skin. -Great price for the amount of nose rings in the"
B00G9GYUFA,Hawaiian Tropic Large Wide Brim Chin Strap Floppy Sun Beach Straw S/M Hat Cap,Hawaiian Tropic,,,"i love this hat and the fit is great.ty

This was a gift for my husband, (he's bald) and enjoys being outside. This hat is perfect for him. It is a straw hat and is breathable, which my husband says is great and it fits perfect. Thanks sooo much for making a hat that is comfortable, breathable and fits.

I like this hat because it looks good, not corny. It has a wide brim providing me good shade on my neck and a little on my shoulders. My head does not get hot since it allows some airflow. I wear about a 7.5"" hat or slightly smaller; this hat fits me perfectly. It is manufactured in China.

great hat

Style of the hat is great; however, the material/straw cracks and breaks terribly.

But a beautiful wide-brimmed cover

Great summertime hat for a very reasonable price. As I get older I worry more about skin cancer and this hat provides better coverage than the ball caps and duckbills I usually wear.

if you touch it it breaks

I read the advices of other buyers before ordering. S/M size fits well although I am rather bigger size altogether. Large would be too big for me. This is a nice hat, I like it.

I found the hat to be very useful for the hot sun.

Purchased to wear while cutting the grass. The wide brim does the trick for keeping the sun blocked. Only drawback is on windy days that wide brim acts like a sail but the chin strap will keep it with you. All in all not too bad.

a nice hat, that would have worked better for me if just a little bit smaller. other then that it seems well made. still use it on a daily bases just wish it fit better."
B009I2BWNA,Like a Girl - Cancer Awareness Ribbon - Adult T-Shirt-pinktiedye-medium,Trenz Shirt Company,,,"My daughter loves her shirt. Again, it has a sassy saying and she gets to support her Mom at the same time."
B00MJ730OK,Genie Bra 3 in Set Summer Pack w/ Removable Pad,As Seen On TV,,,"Really comfortable with decent support. I use them for yoga and they are perfect!

These are great bras even if they run small. The material is so soft and smooth. I am going to wear these outside as sun tops this summer. They really don't look like bras, so you could wear them for sun tops. I have 3 already and one Genie Zip bra. They are a challenge to get in and out of, but it's worth the struggle. Try one you will like it.

The bras are a bit warm, which is why I gave them only 4 stars. Other than that minor complaint, they do what I hoped for: Long travel is comfortable, and I've been using them post surgical biopsy for 3 days and nights now. They look good, provide adequate support without wires or binding. I'm a D cup size and these are the first non-wire bras I found that look as good under a shirt.

I ordered a three pack. Colors are nice but the fabric and bra pads are not as substantial as the regular Genie Bras. There're ok, just cheaper quality, not as much support.

I like soft stretchable bras with no under wires or hooks."
B002D16AGW,"var aPageStart = (new Date()).getTime(); var ue_t0=ue_t0||+new Date(); window.ue_ihb = (window.ue_ihb || window.ueinit || 0) + 1; if (window.ue_ihb === 1) { var ue_csm = window, ue_hob = +new Date(); (function(d){var e=d.ue=d.ue||{},f=Date.now||function(){return+new Date};e.d=function(b){return f()-(b?0:d.ue_t0)};e.stub=function(b,a){if(!b[a]){var c=[];b[a]=function(){c.push([c.slice.call(arguments),e.d(),d.ue_id])};b[a].replay=function(b){for(var a;a=c.shift();)b(a[0],a[1],a[2])};b[a].isStub=1}};e.exec=function(b,a){return function(){if(1==window.ueinit)try{return b.apply(this,arguments)}catch(c){ueLogError(c,{attribution:a||""undefined"",logLevel:""WARN""})}}}})(ue_csm); var ue_err_chan = 'jserr-rw'; (function(d,e){function h(f,b){if(!(a.ec>a.mxe)&&f){a.ter.push(f);b=b||{};var c=f.logLevel||b.logLevel;c&&c!==k&&c!==m&&c!==n&&c!==p||a.ec++;c&&c!=k||a.ecf++;b.pageURL=""""+(e.location?e.location.href:"""");b.logLevel=c;b.attribution=f.attribution||b.attribution;a.erl.push({ex:f,info:b})}}function l(a,b,c,e,g){d.ueLogError({m:a,f:b,l:c,c:""""+e,err:g,fromOnError:1,args:arguments},g?{attribution:g.attribution,logLevel:g.logLevel}:void 0);return!1}var k=""FATAL"",m=""ERROR"",n=""WARN"",p=""DOWNGRADED"",a={ec:0,ecf:0, pec:0,ts:0,erl:[],ter:[],mxe:50,startTimer:function(){a.ts++;setInterval(function(){d.ue&&a.pec<a.ec&&d.uex(""at"");a.pec=a.ec},1E4)}};l.skipTrace=1;h.skipTrace=1;h.isStub=1;d.ueLogError=h;d.ue_err=a;e.onerror=l})(ue_csm,window); var ue_id = 'B3GMC6FBQSEV2QBKDHD2', ue_url = '/gp/uedata', ue_navtiming = 1, ue_mid = 'ATVPDKIKX0DER', ue_sid = '138-5954849-1916844', ue_sn = 'www.amazon.com', ue_furl = 'fls-na.amazon.com', ue_surl = 'https://unagi-na.amazon.com/1/events/com.amazon.csm.nexusclient.prod', ue_int = 0, ue_fcsn = 1, ue_urt = 3, ue_rpl_ns = 'cel-rpl', ue_ddq = 1, ue_fpf = '//fls-na.amazon.com/1/batch/1/OP/ATVPDKIKX0DER:138-5954849-1916844:B3GMC6FBQSEV2QBKDHD2$uedata=s:', ue_rsc = 2, ue_mcimp = 3, ue_sbuimp = 1, ue_swi = 1; function ue_viz(){(function(c,e,a){function k(b){if(c.ue.viz.length<p&&!l){var a=b.type;b=b.originalEvent;/^focus./.test(a)&&b&&(b.toElement||b.fromElement||b.relatedTarget)||(a=e[m]||(""blur""==a||""focusout""==a?""hidden"":""visible""),c.ue.viz.push(a+"":""+(+new Date-c.ue.t0)),""visible""==a&&(ue.isl&&uex(""at""),l=1))}}for(var l=0,f,g,m,n=["""",""webkit"",""o"",""ms"",""moz""],d=0,p=20,h=0;h<n.length&&!d;h++)if(a=n[h],f=(a?a+""H"":""h"")+""idden"",d=""boolean""==typeof e[f])g=a+""visibilitychange"",m=(a?a+""V"":""v"")+""isibilityState""; k({});d&&e.addEventListener(g,k,0);c.ue&&d&&(c.ue.pageViz={event:g,propHid:f})})(ue_csm,document,window)}; (function(a,g,u){function x(a){return a&&a.replace&&a.replace(/^\s+|\s+$/g,"""")}function q(a){return""undefined""===typeof a}function y(a){try{var b=u.cookie.match(RegExp(""(^| )""+a+""=([^;]+)""));if(b)return b[2].trim()}catch(c){}}function A(d,b){d&&(a.ue_id=h.id=h.rid=d,a.ue_fpf=a.ue_fpf.replace(/((.*?:){2})(\w+)/,function(a,b){return b+d}));b&&(a.ue_fpf=a.ue_fpf.replace(/(.*?:)(\w|-)+/,function(a,d){return d+b}),a.ue_sid=b);a.ue.tag(""accelerated-experience"")}function t(d,b,c,k){var g=k||+new Date,n; a.ueam&&a.ueam(b,d,k);if(b||q(c)){if(d)for(n in k=b?f(""t"",b)||f(""t"",b,{}):a.ue.t,k[d]=g,c)c.hasOwnProperty(n)&&f(n,b,c[n]);return g}}function f(d,b,c){var f=a.ue,g=b&&b!=f.id?f.sc[b]:f;g||(g=f.sc[b]={});""id""==d&&c&&(f.cfa2=1);return g[d]=c||g[d]}function C(d,b,c,f,g){c=""on""+c;var n=b[c];""function""===typeof n?d&&(a.ue.h[d]=n):n=function(){};b[c]=g?function(a){f(a);n(a)}:function(a){n(a);f(a)};b[c]&&(b[c].isUeh=1)}function D(d,b,c){function k(b,c){var e=[b],J=0,g={},n,k;c?(e.push(""m=1""),g[c]=1):g=a.ue.sc; for(k in g)if(g.hasOwnProperty(k)){var l=f(""wb"",k),h=f(""t"",k)||{},p=f(""t0"",k)||a.ue.t0,m;if(c||2==l){l=l?J++:"""";e.push(""sc""+l+""=""+k);for(m in h)3>=m.length&&!q(h[m])&&null!==h[m]&&e.push(m+l+""=""+(h[m]-p));e.push(""t""+l+""=""+h[d]);if(f(""ctb"",k)||f(""wb"",k))n=1}}!z&&n&&e.push(""ctb=1"");return e.join(""&"")}function B(b,c,d,e){if(b){var f=a.ue_err,k;a.ue_url&&(!e||!a.ue.log)&&b&&0<b.length&&(k=new Image,a.ue.iel.push(k),k.src=b);K?a.ue_fpf&&g.encodeURIComponent&&b&&(e=new Image,b=""""+a.ue_fpf+g.encodeURIComponent(b)+ "":""+(+new Date-a.ue_t0),a.ue.iel.push(e),e.src=b):a.ue.log&&(k=g.chrome&&""ul""==c,a.ue.log(b,""uedata"",a.ue_svi?{n:1,img:!e&&k?1:0}:{n:1}),a.ue.ielf.push(b));f&&!f.ts&&f.startTimer();a.ue.b&&(f=a.ue.b,a.ue.b="""",B(f,c,d,1))}}function n(b){if(!ue.collected){var c=b.timing,e=b.navigation,d=ue.t;c&&(d.na_=c.navigationStart,d.ul_=c.unloadEventStart,d._ul=c.unloadEventEnd,d.rd_=c.redirectStart,d._rd=c.redirectEnd,d.fe_=c.fetchStart,d.lk_=c.domainLookupStart,d._lk=c.domainLookupEnd,d.co_=c.connectStart,d._co= c.connectEnd,d.sc_=c.secureConnectionStart,d.rq_=c.requestStart,d.rs_=c.responseStart,d._rs=c.responseEnd,d.dl_=c.domLoading,d.di_=c.domInteractive,d.de_=c.domContentLoadedEventStart,d._de=c.domContentLoadedEventEnd,d._dc=c.domComplete,d.ld_=c.loadEventStart,d._ld=c.loadEventEnd,c=d.na_,b=""function""!==typeof b.now||q(c)?0:new Date(c+b.now())-new Date,d.ntd=b+a.ue.t0);e&&(d.ty=e.type+a.ue.t0,d.rc=e.redirectCount+a.ue.t0);ue.collected=1}}function s(b){var c=r&&r.navigation?r.navigation.type:w,d=c&& 2!=c,e=a.ue.bfini;a.ue.cfa2||(e&&1<e&&(b+=""&bfform=1"",d||(a.ue.isBFT=e-1)),2==c&&(b+=""&bfnt=1"",a.ue.isBFT=a.ue.isBFT||1),a.ue.ssw&&a.ue.isBFT&&(q(a.ue.isNRBF)&&(c=a.ue.ssw(a.ue.oid),c.e||q(c.val)||(a.ue.isNRBF=1<c.val?0:1)),q(a.ue.isNRBF)||(b+=""&nrbf=""+a.ue.isNRBF)),a.ue.isBFT&&!a.ue.isNRBF&&(b+=""&bft=""+a.ue.isBFT));return b}if(!h.paused&&(b||q(c))){for(var p in c)c.hasOwnProperty(p)&&f(p,b,c[p]);t(""pc"",b,c);p=f(""id"",b)||a.ue.id;var e=a.ue.url+""?""+d+""&v=""+a.ue.v+""&id=""+p,z=f(""ctb"",b)||f(""wb"",b),r= g.performance||g.webkitPerformance,l,m;z&&(e+=""&ctb=""+z);1<a.ueinit&&(e+=""&ic=""+a.ueinit);!a.ue._fi||""at""!=d||b&&b!=p||(e+=a.ue._fi());if(!(""ld""!=d&&""ul""!=d||b&&b!=p)){if(""ld""==d){try{g.onbeforeunload&&g.onbeforeunload.isUeh&&(g.onbeforeunload=null)}catch(y){}if(g.chrome)for(m=0;m<ue.ulh.length;m++)E(""beforeunload"",ue.ulh[m]);(m=u.ue_backdetect)&&m.ue_back&&m.ue_back.value++;a._uess&&(l=a._uess());a.ue.isl=1}ue._bf&&(e+=""&bf=""+ue._bf());a.ue_navtiming&&r&&r.timing&&(f(""ctb"",p,""1""),1==a.ue_navtiming&& t(""tc"",w,w,r.timing.navigationStart));r&&n(r);a.ue.t.hob=a.ue_hob;a.ue.t.hoe=a.ue_hoe;a.ue.ifr&&(e+=""&ifr=1"")}t(d,b,c);c=""ld""==d&&b&&f(""wb"",b);var v;c||b&&b!==p||L(b);c||p==a.ue.oid||M((f(""t"",b)||{}).tc||+f(""t0"",b),+f(""t0"",b));a.ue_mbl&&a.ue_mbl.cnt&&!c&&(e+=a.ue_mbl.cnt());c?f(""wb"",b,2):""ld""==d&&(h.lid=x(p));for(v in a.ue.sc)if(1==f(""wb"",v))break;if(c){if(a.ue.s)return;e=k(e,null)}else m=k(e,null),m!=e&&(m=s(m),a.ue.b=m),l&&(e+=l),e=k(e,b||a.ue.id);e=s(e);if(a.ue.b||c)for(v in a.ue.sc)2==f(""wb"", v)&&delete a.ue.sc[v];l=0;ue._rt&&(e+=""&rt=""+ue._rt());c||(a.ue.s=0,(l=a.ue_err)&&0<l.ec&&l.pec<l.ec&&(l.pec=l.ec,e+=""&ec=""+l.ec+""&ecf=""+l.ecf),l=f(""ctb"",b),f(""t"",b,{}));e&&a.ue.tag&&0<a.ue.tag().length&&(e+=""&csmtags=""+a.ue.tag().join(""|""),a.ue.tag=a.ue.tagC());e&&a.ue.viz&&0<a.ue.viz.length&&(e+=""&viz=""+a.ue.viz.join(""|""),a.ue.viz=[]);e&&!q(a.ue_pty)&&(e+=""&pty=""+a.ue_pty+""&spty=""+a.ue_spty+""&pti=""+a.ue_pti);e&&a.ue.tabid&&(e+=""&tid=""+a.ue.tabid);e&&a.ue.aftb&&(e+=""&aftb=1"");e&&a.ue.sbf&&(e+=""&sbf=1""); !a.ue._ui||b&&b!=p||(e+=a.ue._ui());a.ue.a=e;B(e,d,l,c)}}function L(a){var b=g.ue_csm_markers||{},c;for(c in b)b.hasOwnProperty(c)&&t(c,a,w,b[c])}function s(d,b,c){c=c||g;a.ue_pel&&window.EventTarget&&window.EventTarget.prototype&&window.EventTarget.prototype.addEventListener?window.EventTarget.prototype.addEventListener.call(c,d,b,!!window.ue_clf):c.addEventListener?c.addEventListener(d,b,!!window.ue_clf):c.attachEvent&&c.attachEvent(""on""+d,b)}function E(d,b,c){c=c||g;a.ue_pel&&window.EventTarget&& window.EventTarget.prototype&&window.EventTarget.prototype.removeEventListener?window.EventTarget.prototype.removeEventListener.call(c,d,b,!!window.ue_clf):c.removeEventListener?c.removeEventListener(d,b,!!window.ue_clf):c.detachEvent&&c.detachEvent(""on""+d,b)}function F(){function d(){a.onUl()}function b(a){return function(){c[a]||(c[a]=1,D(a))}}var c=a.ue.r,f,h;a.onLd=b(""ld"");a.onLdEnd=b(""ld"");a.onUl=b(""ul"");f={stop:b(""os"")};g.chrome?(s(""beforeunload"",d),ue.ulh.push(d)):f[N]=a.onUl;for(h in f)f.hasOwnProperty(h)&& C(0,g,h,f[h]);a.ue_viz&&ue_viz();O&&s(""readystatechange"",P,u);s(""load"",a.onLd);t(""ue"")}function P(){""complete""===u.readyState&&(Q?setTimeout(G,0):G())}function G(){var d;if(!(d=ue.isl)&&(d=R))a:{d=u.images||[];for(var b=0;b<d.length;b++)if(!1===d[b].complete){d=!1;break a}d=!0}if(!d)a.onUl()}function M(d,b){a.ue_mbl&&a.ue_mbl.ajax&&a.ue_mbl.ajax(d,b);a.ue.tag(""ajax-transition"")}a.ueinit=(a.ueinit||0)+1;var h={t0:g.aPageStart||a.ue_t0,id:a.ue_id,url:a.ue_url,rid:a.ue_id,a:"""",b:"""",h:{},r:{ld:0,oe:0, ul:0},s:1,t:{},sc:{},iel:[],ielf:[],fc_idx:{},viz:[],v:""0.202589.0"",d:a.ue&&a.ue.d,log:a.ue&&a.ue.log,clog:a.ue&&a.ue.clog,onflush:a.ue&&a.ue.onflush,onunload:a.ue&&a.ue.onunload,stub:a.ue&&a.ue.stub,lr:a.ue&&a.ue.lr,exec:a.ue&&a.ue.exec,event:a.ue&&a.ue.event,onSushiUnload:a.ue&&a.ue.onSushiUnload,onSushiFlush:a.ue&&a.ue.onSushiFlush,ulh:[],cfa2:0,paused:!1},K=a.ue_fpf?1:0,O=1===a.ue_rsc||3===a.ue_rsc,Q=3===a.ue_rsc,R=1===a.ue_rsc,N=""beforeunload"",w;h.oid=x(h.id);h.lid=x(h.id);a.ue=h;a.ue._t0=a.ue.t0; a.ue.tagC=function(){var a={};return function(b){b&&(a[b]=1);b=[];for(var c in a)a.hasOwnProperty(c)&&b.push(c);return b}};a.ue.tag=a.ue.tagC();a.ue.ifr=g.top!==g.self||g.frameElement?1:0;ue.attach=s;ue.detach=E;if(""000-0000000-8675309""===a.ue_sid){var H=y(""cdn-rid""),I=y(""session-id"");H&&I&&A(H,I)}a.uei=F;a.ueh=C;a.ues=f;a.uet=t;a.uex=D;h.reset=A;h.pause=function(a){h.paused=a};F()})(ue_csm,window,ue_csm.document); ue.stub(ue,""event"");ue.stub(ue,""onSushiUnload"");ue.stub(ue,""onSushiFlush""); ue.stub(ue,""log"");ue.stub(ue,""onunload"");ue.stub(ue,""onflush""); (function(c){var a=c.ue;a.cv={};a.cv.scopes={};a.count=function(d,c,b){var e={},f=a.cv,g=b&&0===b.c;e.counter=d;e.value=c;e.t=a.d();b&&b.scope&&(f=a.cv.scopes[b.scope]=a.cv.scopes[b.scope]||{},e.scope=b.scope);if(void 0===c)return f[d];f[d]=c;d=0;b&&b.bf&&(d=1);ue_csm.ue_sclog||!a.clog||0!==d||g?a.log&&a.log(e,""csmcount"",{c:1,bf:d}):a.clog(e,""csmcount"",{bf:d})};a.count(""baselineCounter2"",1);a&&a.event&&(a.event({requestId:c.ue_id||""rid"",server:c.ue_sn||""sn"",obfuscatedMarketplaceId:c.ue_mid||""mid""}, ""csm"",""csm.CSMBaselineEvent.4""),a.count(""nexusBaselineCounter"",1,{bf:1}))})(ue_csm); var ue_hoe = +new Date(); } window.ueinit = window.ue_ihb; (function(g,h,O,pa){function k(a){w&&w.tag&&w.tag(q("":"",""aui"",a))}function v(a,b){w&&w.count&&w.count(""aui:""+a,0===b?0:b||(w.count(""aui:""+a)||0)+1)}function l(a){try{return a.test(navigator.userAgent)}catch(b){return!1}}function x(a,b,c){a.addEventListener?a.addEventListener(b,c,!1):a.attachEvent&&a.attachEvent(""on""+b,c)}function q(a,b,c,d){b=b&&c?b+a+c:b||c;return d?q(a,b,d):b}function F(a,b,c){try{Object.defineProperty(a,b,{value:c,writable:!1})}catch(d){a[b]=c}return c}function P(){return setTimeout(Y, 0)}function qa(a,b){var c=a.length,d=c,f=function(){d--||(Q.push(b),R||(P(),R=!0))};for(f();c--;)Z[a[c]]?f():(z[a[c]]=z[a[c]]||[]).push(f)}function ra(a,b,c,d,f){var e=h.createElement(a?""script"":""link"");x(e,""error"",d);f&&x(e,""load"",f);if(a){e.type=""text/javascript"";e.async=!0;if(a=c)a=-1!==b.indexOf(""images/I"")||/AUIClients/.test(b);a&&e.setAttribute(""crossorigin"",""anonymous"");e.src=b}else e.rel=""stylesheet"",e.href=b;h.getElementsByTagName(""head"")[0].appendChild(e)}function aa(a,b){function c(c,d){function f(){ra(b, c,h,function(b){!G&&h?(h=!1,v(""resource_retry""),f()):(v(""resource_error""),a.log(""Asset failed to load: ""+c,G?""WARN"":void 0));b&&b.stopPropagation?b.stopPropagation():g.event&&(g.event.cancelBubble=!0)},d)}if(ba[c])return!1;ba[c]=!0;v(""resource_count"");var h=!0;return!f()}if(b){var d=0,f=0;c.andConfirm=function(a,b){return c(a,function(){d++;b&&b.apply(this,arguments)})};c.confirm=function(){f++};c.getCsriCounters=function(){return{reqs:d,full:f}}}return c}function sa(a,b,c){for(var d={name:a,guard:function(c){return b.guardFatal(a, c)},logError:function(c,d,f){b.logError(c,d,f,a)}},f=[],e=0;e<c.length;e++)H.hasOwnProperty(c[e])&&(f[e]=S.hasOwnProperty(c[e])?S[c[e]](H[c[e]],d):H[c[e]]);return f}function A(a,b,c,d,f){return function(e,h){function n(){var a=null;d?a=h:""function""===typeof h&&(p.start=B(),a=h.apply(g,sa(e,k,l)),p.end=B());if(b){H[e]=a;a=e;for(Z[a]=!0;(z[a]||[]).length;)z[a].shift()();delete z[a]}p.done=!0}var k=f||this;""function""===typeof e&&(h=e,e=void 0);b&&(e=e?e.replace(ca,""""):""__NONAME__"",T.hasOwnProperty(e)&& k.error(q("", reregistered by "",q("" by "",e+"" already registered"",T[e]),k.attribution),e),T[e]=k.attribution);for(var l=[],m=0;m<a.length;m++)l[m]=a[m].replace(ca,"""");var p=da[e||""anon""+ ++ta]={depend:l,registered:B(),namespace:k.namespace};c?n():qa(l,k.guardFatal(e,n));return{decorate:function(a){S[e]=k.guardFatal(e,a)}}}}function ea(a){return function(){var b=Array.prototype.slice.call(arguments);return{execute:A(b,!1,a,!1,this),register:A(b,!0,a,!1,this)}}}function U(a,b){return function(c,d){d|| (d=c,c=void 0);var f=this.attribution;return function(){y.push(b||{attribution:f,name:c,logLevel:a});var e=d.apply(this,arguments);y.pop();return e}}}function I(a,b){this.load={js:aa(this,!0),css:aa(this)};F(this,""namespace"",b);F(this,""attribution"",a)}function fa(){h.body?r.trigger(""a-bodyBegin""):setTimeout(fa,20)}function C(a,b){if(b){for(var c=a.className.split("" ""),d=c.length;d--;)if(c[d]===b)return;a.className+="" ""+b}}function ga(a,b){for(var c=a.className.split("" ""),d=[],f;void 0!==(f=c.pop());)f&& f!==b&&d.push(f);a.className=d.join("" "")}function ha(a){try{return a()}catch(b){return!1}}function J(){if(K){var a=g.innerWidth?{w:g.innerWidth,h:g.innerHeight}:{w:m.clientWidth,h:m.clientHeight};5<Math.abs(a.w-V.w)||50<a.h-V.h?(V=a,L=4,(a=n.mobile||n.tablet?450<a.w&&a.w>a.h:1250<=a.w)?C(m,""a-ws""):ga(m,""a-ws"")):0<L&&(L--,ia=setTimeout(J,16))}}function ua(a){(K=void 0===a?!K:!!a)&&J()}function va(){return K}function t(a,b){return""sw:""+(b||"""")+"":""+a+"":""}function ja(a,b,c,d){if(c){b=l(/Chrome/i)&&!l(/Edge/i)&& !l(/OPR/i)&&!a.capabilities.isAmazonApp;var f=t(d,""browser""),e=t(d,""prod_mshop""),g=t(d,""beta_mshop"");!a.capabilities.isAmazonApp&&c.browser&&b&&(k(f+""supported""),c.browser.action(f,d));!b&&c.browser&&k(f+""unsupported"");c.prodMshop&&k(e+""unsupported"");c.betaMshop&&k(g+""unsupported"")}}""use strict"";var M=O.now=O.now||function(){return+new O},B=function(a){return a&&a.now?a.now.bind(a):M}(g.performance);pa=B();var u=g.AmazonUIPageJS||g.P;if(u&&u.when&&u.register)throw Error(""A copy of P has already been loaded on this page.""); var w=g.ue;k();k(""aui_build_date:3.18.16-2018-12-25"");var Q=[],R=!1,Y;Y=function(){for(var a=P(),b=M();Q.length;)if(Q.shift()(),50<M()-b)return;clearTimeout(a);R=!1};l(/OS 6_[0-9]+ like Mac OS X/i)&&x(g,""scroll"",P);var Z={},z={},ba={},G=!1;x(g,""beforeunload"",function(){G=!0;setTimeout(function(){G=!1},1E4)});var ca=/^prv:/,T={},H={},S={},da={},ta=0,D,y=[],ka=g.onerror;g.onerror=function(a,b,c,d,f){f&&""object""===typeof f||(f=Error(a,b,c),f.columnNumber=d,f.stack=b||c||d?q(String.fromCharCode(92),f.message, ""at ""+q("":"",b,c,d)):void 0);var e=y.pop()||{};f.attribution=q("":"",f.attribution||e.attribution,e.name);f.logLevel=e.logLevel;f.attribution&&console&&console.log&&console.log([f.logLevel||""ERROR"",a,""thrown by"",f.attribution].join("" ""));y=[];ka&&(e=[].slice.call(arguments),e[4]=f,ka.apply(g,e))};I.prototype={logError:function(a,b,c,d){b={message:b,logLevel:c||""ERROR"",attribution:q("":"",this.attribution,d)};if(g.ueLogError)return g.ueLogError(a||b,a?b:null),!0;console&&console.error&&(console.log(b), console.error(a));return!1},error:function(a,b,c,d){a=Error(q("":"",d,a,c));a.attribution=q("":"",this.attribution,b);throw a;},guardError:U(),guardFatal:U(""FATAL""),guardCurrent:function(a){var b=y[y.length-1];return b?U(b.logLevel,b).call(this,a):a},log:function(a,b,c){return this.logError(null,a,b,c)},declare:A([],!0,!0,!0),register:A([],!0),execute:A([]),AUI_BUILD_DATE:""3.18.16-2018-12-25"",when:ea(),now:ea(!0),trigger:function(a,b,c){var d=M();this.declare(a,{data:b,pageElapsedTime:d-(g.aPageStart|| NaN),triggerTime:d});c&&c.instrument&&D.when(""prv:a-logTrigger"").execute(function(b){b(a)})},handleTriggers:function(){this.log(""handleTriggers deprecated"")},attributeErrors:function(a){return new I(a)},_namespace:function(a,b){return new I(a,b)}};var r=F(g,""AmazonUIPageJS"",new I);D=r._namespace(""PageJS"",""AmazonUI"");D.declare(""prv:p-debug"",da);r.declare(""p-recorder-events"",[]);r.declare(""p-recorder-stop"",function(){});F(g,""P"",r);fa();if(h.addEventListener){var la;h.addEventListener(""DOMContentLoaded"", la=function(){r.trigger(""a-domready"");h.removeEventListener(""DOMContentLoaded"",la,!1)},!1)}var m=h.documentElement,W=function(){var a=[""O"",""ms"",""Moz"",""Webkit""],b=h.createElement(""div"");return{testGradients:function(){b.style.cssText=""background-image:-webkit-gradient(linear,left top,right bottom,from(#9f9),to(white));background-image:-webkit-linear-gradient(left top,#9f9,white);background-image:linear-gradient(left top,#9f9,white);"";return-1<b.style.backgroundImage.indexOf(""gradient"")},test:function(c){var d= c.charAt(0).toUpperCase()+c.substr(1);c=(a.join(d+"" "")+d+"" ""+c).split("" "");for(d=c.length;d--;)if(""""===b.style[c[d]])return!0;return!1},testTransform3d:function(){var a=!1;g.matchMedia&&(a=g.matchMedia(""(-webkit-transform-3d)"").matches);return a}}}(),u=m.className,ma=/(^| )a-mobile( |$)/.test(u),na=/(^| )a-tablet( |$)/.test(u),n={audio:function(){return!!h.createElement(""audio"").canPlayType},video:function(){return!!h.createElement(""video"").canPlayType},canvas:function(){return!!h.createElement(""canvas"").getContext}, svg:function(){return!!h.createElementNS&&!!h.createElementNS(""http://www.w3.org/2000/svg"",""svg"").createSVGRect},offline:function(){return navigator.hasOwnProperty&&navigator.hasOwnProperty(""onLine"")&&navigator.onLine},dragDrop:function(){return""draggable""in h.createElement(""span"")},geolocation:function(){return!!navigator.geolocation},history:function(){return!(!g.history||!g.history.pushState)},webworker:function(){return!!g.Worker},autofocus:function(){return""autofocus""in h.createElement(""input"")}, inputPlaceholder:function(){return""placeholder""in h.createElement(""input"")},textareaPlaceholder:function(){return""placeholder""in h.createElement(""textarea"")},localStorage:function(){return""localStorage""in g&&null!==g.localStorage},orientation:function(){return""orientation""in g},touch:function(){return""ontouchend""in h},gradients:function(){return W.testGradients()},hires:function(){var a=g.devicePixelRatio&&1.5<=g.devicePixelRatio||g.matchMedia&&g.matchMedia(""(min-resolution:144dpi)"").matches;v(""hiRes""+ (ma?""Mobile"":na?""Tablet"":""Desktop""),a?1:0);return a},transform3d:function(){return W.testTransform3d()},touchScrolling:function(){return l(/Windowshop|android.([3-9]|[L-Z])|OS ([5-9]|[1-9][0-9]+)(_[0-9]{1,2})+ like Mac OS X|Chrome|Silk|Firefox|Trident.+?; Touch/i)},ios:function(){return l(/OS [1-9][0-9]*(_[0-9]*)+ like Mac OS X/i)&&!l(/trident|Edge/i)},android:function(){return l(/android.([1-9]|[L-Z])/i)&&!l(/trident|Edge/i)},mobile:function(){return ma},tablet:function(){return na}},p;for(p in n)n.hasOwnProperty(p)&& (n[p]=ha(n[p]));for(var X=""textShadow textStroke boxShadow borderRadius borderImage opacity transform transition"".split("" ""),N=0;N<X.length;N++)n[X[N]]=ha(function(){return W.test(X[N])});var K=!0,ia=0,V={w:0,h:0},L=4;J();x(g,""resize"",function(){clearTimeout(ia);L=4;J()});var oa={getItem:function(a){try{return g.localStorage.getItem(a)}catch(b){}},setItem:function(a,b){try{return g.localStorage.setItem(a,b)}catch(c){}}};ga(m,""a-no-js"");C(m,""a-js"");!l(/OS [1-8](_[0-9]*)+ like Mac OS X/i)||g.navigator.standalone|| l(/safari/i)||C(m,""a-ember"");u=[];for(p in n)n.hasOwnProperty(p)&&n[p]&&u.push(""a-""+p.replace(/([A-Z])/g,function(a){return""-""+a.toLowerCase()}));C(m,u.join("" ""));m.setAttribute(""data-aui-build-date"",""3.18.16-2018-12-25"");r.register(""p-detect"",function(){return{capabilities:n,localStorage:n.localStorage&&oa,toggleResponsiveGrid:ua,responsiveGridEnabled:va}});l(/UCBrowser/i)||n.localStorage&&C(m,oa.getItem(""a-font-class""));r.declare(""a-event-revised-handling"",!1);var E=navigator.serviceWorker;E&&x(E, ""message"",function(a){a&&a.data&&v(a.data.k,a.data.v)});p={reg:{},unreg:{}};p.unreg.browser={action:function(a,b){var c=E.getRegistrations();c&&c.then(function(c){c.forEach(function(c){c.unregister().then(function(){v(a+""success"")}).catch(function(c){r.logError(c,""[AUI SW] Failed to ""+b+"" service worker: "");v(a+""failure"")})})})}};(function(a){var b=a.reg,c=a.unreg;E&&E.getRegistrations?(D.when(""A"",""a-util"").execute(function(a,b){ja(a,b,c,""unregister"")}),x(g,""load"",function(){D.when(""A"",""a-util"").execute(function(a, c){ja(a,c,b,""register"")})})):(b&&(b.browser&&k(t(""register"",""browser"")+""unsupported""),b.prodMshop&&k(t(""register"",""prod_mshop"")+""unsupported""),b.betaMshop&&k(t(""register"",""beta_mshop"")+""unsupported"")),c&&(c.browser&&k(t(""unregister"",""browser"")+""unsupported""),c.prodMshop&&k(t(""unregister"",""prod_mshop"")+""unsupported""),c.betaMshop&&k(t(""unregister"",""beta_mshop"")+""unsupported"")))})(p);r.declare(""a-fix-event-off"",!1);v(""pagejs:pkgExecTime"",B()-NaN)})(window,document,Date); (window.AmazonUIPageJS ? AmazonUIPageJS : P).when('sp.load.js').execute(function() { (window.AmazonUIPageJS ? AmazonUIPageJS : P).load.js('https://images-na.ssl-images-amazon.com/images/I/61o5HuBKUHL._RC|11IYhapguOL.js,61VQRvc280L.js,21iSNz47xoL.js,012FVc3131L.js,119KAWlHU6L.js,31fv8bqHLoL.js,31ReKJl2X6L.js,51WivJzk7vL.js,11AHlQhPRjL.js,01NATrwbNUL.js,11aNYFFS5hL.js,116tgw9TSaL.js,21auxuI+dRL.js,01PoLXBDXWL.js,61GDyZ5kYqL.js,01mi-J86cyL.js,11BOgvnnntL.js,31SG6rlHlbL.js,01rpauTep4L.js,01iyxuSGj4L.js,01XI-Ief5sL.js_.js?AUIClients/AmazonUI#168183-T1.177619-T1.144375-T1'); }); .nav-sprite-v1 .nav-sprite, .nav-sprite-v1 .nav-icon { background-image: url(https://images-na.ssl-images-amazon.com/images/G/01/gno/sprites/nav-sprite-global_bluebeacon-V3-1x_optimized._CB483188077_.png); background-position: 0 1000px; background-repeat: repeat-x; } .nav-spinner { background-image: url(https://images-na.ssl-images-amazon.com/images/G/01/javascripts/lib/popover/images/snake._CB192571611_.gif); background-position: center center; background-repeat: no-repeat; } .nav-timeline-icon, .nav-access-image, .nav-timeline-prime-icon { background-image: url(https://images-na.ssl-images-amazon.com/images/G/01/gno/sprites/timeline_sprite_1x._CB276239408_.png); background-repeat: no-repeat; } .ap_popover_unsprited .ap_body .ap_left{background-image:url(https://images-na.ssl-images-amazon.com/images/G/01/javascripts/lib/popover/images/po_left_17._V1_.png)}.ap_popover_unsprited .ap_body .ap_right{background-image:url(https://images-na.ssl-images-amazon.com/images/G/01/javascripts/lib/popover/images/po_right_17._V1_.png)}.ap_popover_unsprited .ap_header .ap_left{background-image:url(https://images-na.ssl-images-amazon.com/images/G/01/javascripts/lib/popover/images/po_top_left._V1_.png)}.ap_popover_unsprited .ap_header .ap_right{background-image:url(https://images-na.ssl-images-amazon.com/images/G/01/javascripts/lib/popover/images/po_top_right._V1_.png)}.ap_popover_unsprited .ap_header .ap_middle{background-image:url(https://images-na.ssl-images-amazon.com/images/G/01/javascripts/lib/popover/images/po_top._V1_.png)}.ap_popover_unsprited .ap_footer .ap_left{background-image:url(https://images-na.ssl-images-amazon.com/images/G/01/javascripts/lib/popover/images/po_bottom_left._V1_.png)}.ap_popover_unsprited .ap_footer .ap_right{background-image:url(https://images-na.ssl-images-amazon.com/images/G/01/javascripts/lib/popover/images/po_bottom_right._V1_.png)}.ap_popover_unsprited .ap_footer .ap_middle{background-image:url(https://images-na.ssl-images-amazon.com/images/G/01/javascripts/lib/popover/images/po_bottom._V1_.png)}.ap_popover_sprited .ap_body .ap_left,.ap_popover_sprited .ap_body .ap_right{background-image:url(https://images-na.ssl-images-amazon.com/images/G/01/javascripts/lib/popover/images/light/sprite-v._V1_.png)}.ap_popover_sprited .ap_closebutton,.ap_popover_sprited .ap_footer .ap_left,.ap_popover_sprited .ap_footer .ap_middle,.ap_popover_sprited .ap_footer .ap_right,.ap_popover_sprited .ap_header .ap_left,.ap_popover_sprited .ap_header .ap_middle,.ap_popover_sprited .ap_header .ap_right{background-image:url(https://images-na.ssl-images-amazon.com/images/G/01/javascripts/lib/popover/images/light/sprite-h._V1_.png)}.ap_popover_sprited .ap_body .ap_left-arrow,.ap_popover_sprited .ap_body .ap_right-arrow{background-image:url(https://images-na.ssl-images-amazon.com/images/G/01/javascripts/lib/popover/images/light/sprite-arrow-v._V1_.png)}.ap_popover{position:absolute;outline:0}.ap_body{height:100%;min-height:36px;position:relative;background-color:#fff;margin:0 17px}.ap_body .ap_left,.ap_popover_sprited .ap_body .ap_left-arrow{width:17px;height:100%;position:absolute;top:0;left:-17px;background-attachment:scroll;background-repeat:repeat-y}.ap_popover_sprited .ap_body .ap_left{background-position:0 top}.ap_body .ap_right,.ap_popover_sprited .ap_body .ap_right-arrow{width:17px;height:100%;position:absolute;top:0;right:-17px;background-attachment:scroll;background-repeat:repeat-y}.ap_popover_sprited .ap_body .ap_right{background-position:-51px top}.ap_footer,.ap_header{position:relative;width:100%}.ap_footer *,.ap_header *{height:26px}.ap_header .ap_left{position:absolute;top:0;left:0;width:34px;background-attachment:scroll;background-repeat:no-repeat}.ap_popover_sprited .ap_header .ap_left{background-position:left -2px}.ap_header .ap_right{width:34px;position:absolute;top:0;right:0;background-attachment:scroll;background-repeat:no-repeat}.ap_popover_sprited .ap_header .ap_right{background-position:right -2px}.ap_header .ap_middle{margin:0 34px;background-attachment:scroll;background-repeat:repeat-x}.ap_popover_sprited .ap_header .ap_middle{background-position:0 -70px}.ap_footer .ap_left{position:absolute;top:0;left:0;width:34px;background-attachment:scroll;background-repeat:no-repeat}.ap_popover_sprited .ap_footer .ap_left{background-position:left -40px}.ap_footer .ap_right{width:34px;position:absolute;top:0;right:0;background-attachment:scroll;background-repeat:no-repeat}.ap_popover_sprited .ap_footer .ap_right{background-position:right -40px}.ap_footer .ap_middle{margin:0 34px;background-attachment:scroll;background-repeat:repeat-x}.ap_popover_sprited .ap_footer .ap_middle{background-position:0 -108px}.ap_popover .ap_titlebar{display:none;position:absolute;left:0;top:0;background-color:#EAF3FE;border-bottom:1px solid #C2DDF2;font-size:14px;font-weight:700;margin:8px 18px;white-space:nowrap;overflow:hidden}.ap_popover .ap_titlebar.multiline{white-space:normal;overflow:visible}.ap_popover .ap_titlebar .ap_title{padding:4px 0;margin-left:10px;overflow:hidden}#ap_overlay,#ap_overlay div{background-color:#3F4C58;width:100%;position:absolute;top:0;left:0;z-index:99}.ap_popover .ap_close{position:absolute;right:18px;top:13px}.ap_popover .ap_close a{padding:5px;text-decoration:none;outline:0}.ap_popover .ap_close .ap_closetext{display:none;margin-right:5px;line-height:1em}.ap_popover .ap_closebutton{display:-moz-inline-box;display:inline-block;width:15px;height:15px;background-repeat:no-repeat;background-position:0 -136px;position:relative;overflow:hidden;vertical-align:top}.ap_popover .ap_closebutton span{position:absolute;top:-9999px}.ap_popover .ap_close img{vertical-align:top}.ap_classic{border-top:1px solid #ccc;border-left:1px solid #ccc;border-bottom:1px solid #2F2F1D;border-right:1px solid #2F2F1D;background-color:#EFEDD4;padding:3px}.ap_classic .ap_titlebar{color:#86875D;font-size:12px;padding:0 0 3px 0;line-height:1em}.ap_classic .ap_close{float:right}.ap_classic .ap_content{clear:both;background-color:#fff;border:1px solid #ACA976;padding:8px;font-size:11px} (function(d,b,m){function c(a){return""--private-amznjqshim-""+a}function e(a,l){var b=c(l);d.now(b).execute(c(a+""-""+b)+""-""+f++,function(a){void 0===a&&d.declare(b,!0)})}function h(a){e(""markRequested"",""functionality-requested:""+a)}function g(a){e(""completedStage"",""stage-""+a)}b.goN2Debug||(b.goN2Debug={info:function(){}});""use strict"";var f=0,k=b.amznJQ=new function(){this.addLogical=this.addStyle=this.addStyles=this.PLNow=this.windowOnLoad=function(){};this.declareAvailable=function(a){e(""declaring"", a)};this.available=function(a,b){a=c(a);h(a);d.when(a,c(""jQuery"")).execute(c(""available-""+a)+""-""+f++,b)};this.onReady=function(a,b){a=c(a);h(a);d.when(a,""a-domready"",c(""jQuery"")).execute(c(""onReady-""+a)+""-""+f++,b)};this.onCompletion=function(a,b){var e=c(""stage-""+a);d.when(e,c(""jQuery"")).execute(b)};this.completedStage=function(a){g(a)};this.addPL=function(a){d.when(""a-preload"").execute(c(""Preloader"")+""-""+f++,function(b){b.preload(a)})};this.strings={};this.chars={}};d.when(""load"").execute(c(""fail-safe-stages""), function(){g(""amznJQ.theFold"");g(""amznJQ.criticalFeature"")});d.when(""jQuery"").execute(""define amznJQ jQuery"",function(a){b.jQuery||(b.jQuery=a);k.jQuery||(k.jQuery=a);e(""declaring"",""jQuery"")})})(window.P||window.AmazonUIPageJS,window,document); (window.AmazonUIPageJS ? AmazonUIPageJS : P).when('atf').execute(function(){ (window.AmazonUIPageJS ? AmazonUIPageJS : P).load.js('https://images-na.ssl-images-amazon.com/images/I/417QjYmMtBL.js?AUIClients/AmazonPopoversAUIShim#us'); (window.AmazonUIPageJS ? AmazonUIPageJS : P).load.js('https://images-na.ssl-images-amazon.com/images/I/31gnJjWvxPL._RC|21e71NrLt3L.js,11Ze1YhMgJL.js,21Wa0ZZVAmL.js,21lOtnkorWL.js,51CysS8km3L.js,21+4XneTXRL.js,517mD4yoL3L.js,31g6QUCju5L.js,01AdYLY9rHL.js,0185ITV0M6L.js,41+MVzL0WbL.js,01Gx8DhrplL.js,011qZnP-NfL.js,11ZdiaYG8gL.js,71p9tWQsHsL.js,01OrQ5AXqsL.js,31UjTApGOPL.js,01LHJt5PiyL.js,11B9yJN+bnL.js,31Ac-cQ+ZWL.js,01fEkjo0KKL.js,01HmcbFsnFL.js,01-Sz0ff1pL.js,11WBo+4152L.js,11MQqFPEK+L.js,11G4c43OZvL.js,11gAPPElxuL.js,01X2zigX4kL.js,01OtvpwikQL.js,31qpl48GBDL.js,01qXU4-2A0L.js,01ZF+ovNflL.js,31RMOYNJSHL.js,517jAXjzzNL.js,210mdW2-ZEL.js,21mymEONFtL.js,61+TkNaM7yL.js,515EXqsrGfL.js,21OJDARBhQL.js,41s+OBPxTPL.js,01IWUb29Q4L.js,01qPwv8D5hL.js,01JzE3-DfLL.js,01YivelYW5L.js,016QFWAAdML.js,017s5z---TL.js,51ldtX6xp6L.js,21w43LSQ1-L.js,01FOcSLtmBL.js_.js?AUIClients/USSoftlinesDetailPageMetaAsset_TURBO_DESKTOP#desktop.us.164772-T1.141052-T1.167162-T1.111960-T1.146883-T1.151985-T1.136850-T1.153662-T1.103061-T1.123392-T1.186073-T2.131900-T1.184660-C.162909-C.126331-T1.156391-T1.179985-T1.87783-T2.127140-T1.147075-T1.159402-T1.108343-T1.109378-T1.143147-T1.147957-T1.154031-T1.171818-T1'); }); {""deviceType"":""web""} {""widgetSchema"":""dp:widget:"",""dimensionSchema"":""dp:dims:""} #cm_cr_dpwidget .a-size-micro { font-size: 9px; } #cm_cr_dpwidget .c7yTopDownDashedStrike { border-top: 1px dashed #A9A9A9; border-bottom: 1px dashed #A9A9A9; } #cm_cr_dpwidget .c7yBadgeAUI { text-transform: uppercase; letter-spacing: 0.5px; padding: 2px; white-space: nowrap; } .nav-sprite-v1 .nav-sprite, .nav-sprite-v1 .nav-icon { background-image: url(https://images-na.ssl-images-amazon.com/images/G/01/gno/sprites/nav-sprite-global_bluebeacon-V3-1x_optimized._CB483188077_.png); background-position: 0 1000px; background-repeat: repeat-x; } .nav-spinner { background-image: url(https://images-na.ssl-images-amazon.com/images/G/01/javascripts/lib/popover/images/snake._CB192571611_.gif); background-position: center center; background-repeat: no-repeat; } .nav-timeline-icon, .nav-access-image, .nav-timeline-prime-icon { background-image: url(https://images-na.ssl-images-amazon.com/images/G/01/gno/sprites/timeline_sprite_1x._CB276239408_.png); background-repeat: no-repeat; } @media screen and (-webkit-min-device-pixel-ratio:0) { #shipToAUIButton .a-dropdown-prompt { display:inline-block; width:120px; overflow:hidden; text-overflow:ellipsis; } } #rhf .cBoxTL, #rhf .cBoxTR, #rhf .cBoxBL, #rhf .cBoxBR { background-image:url(https://images-na.ssl-images-amazon.com/images/G/01/common/sprites/sprite-site-wide-2._CB146303866_.png); } .swSprite { display: -moz-inline-box; display: inline-block; margin: 0;padding: 0; position: relative; overflow: hidden; vertical-align: middle; background-image: url(https://images-na.ssl-images-amazon.com/images/G/01/common/sprites/sprite-site-wide._CB377386094_.png); background-repeat: no-repeat; } .swSprite span { position: absolute; left: -9999px; } .sims-popunder{background:url(https://images-na.ssl-images-amazon.com/images/G/01/nav2/images/sims_atc_205px._V376380388_.png) no-repeat scroll left bottom transparent;min-height:256px} .rhfWrapper .shoveler .back-button a .bg-image, .rhfWrapper .shoveler .next-button a .bg-image, .rhfWrapper .shoveler div.disabled-button { background-image: url(https://images-na.ssl-images-amazon.com/images/G/01/common/sprites/sprite-site-wide._CB377386094_.png); } .rhfWrapper .shoveler .next-button a .bg-image { background-position: -60px -80px;background-color: white;} .rhfWrapper .shoveler .back-button a .bg-image { background-position: -30px -80px; background-color: white;} .auiTestSprite { background: url(https://images-na.ssl-images-amazon.com/images/G/01/nav2/images/sprite-carousel-btns-stars2._CB376388587_.png) no-repeat scroll 0 0 transparent; } .simsWrapper .shoveler ul { height: 218px; } .apparel .simsWrapper .shoveler ul { height: 318px;} #twister .swatches li.swatchSelect .arrow { background:url(https://images-na.ssl-images-amazon.com/images/G/01/twister/images/down-arrow-shadow-v2._CB267603003_.png) no-repeat center top; } #twister .swatches li.swatchUnavailableHover .xoverlay { background: url(https://images-na.ssl-images-amazon.com/images/G/01/twister/images/swatches._CB146859256_.png) repeat -54px -64px; } #twisterPopover .twisterPopoverArrow { background:url(https://images-na.ssl-images-amazon.com/images/G/01/gateway/csw/tri-down._CB155542082_.png)no-repeat 11px 0; } #wishlist-dropdown-content .s_plus { background:url(https://images-na.ssl-images-amazon.com/images/G/01/common/sprites/sprite-dp-2._CB384267953_.png) no-repeat scroll -140px -540px transparent; } #fg_sizing_tabs { background:transparent url(https://images-na.ssl-images-amazon.com/images/G/01/apparel/rcxgs/tabs/tab-border._CB192207177_.gif) repeat-x scroll left bottom; } #fg_sizing_tabs li { background:transparent url(https://images-na.ssl-images-amazon.com/images/G/01/apparel/rcxgs/tabs/tab-unselected-left._CB192207176_.gif) no-repeat scroll left top; } #fg_sizing_tabs li div { background:transparent url(https://images-na.ssl-images-amazon.com/images/G/01/apparel/rcxgs/tabs/tab-unselected-right._CB192207176_.gif) no-repeat scroll right top; } #fg_sizing_tabs li div.last { background-image:url(https://images-na.ssl-images-amazon.com/images/G/01/apparel/rcxgs/tabs/tab-unselected-right-last._CB192207179_.gif); } #fg_sizing_tabs li.fg_highlight { background-image:url(https://images-na.ssl-images-amazon.com/images/G/01/apparel/rcxgs/tabs/tab-selected-left._CB192207176_.gif); } #fg_sizing_tabs li.fg_highlight div { background-image:url(https://images-na.ssl-images-amazon.com/images/G/01/apparel/rcxgs/tabs/tab-selected-right._CB192207176_.gif); } #fg_sizing_tabs li.fg_highlight div.last { background-image:url(https://images-na.ssl-images-amazon.com/images/G/01/apparel/rcxgs/tabs/tab-selected-right-last._CB192207176_.gif); } #detailpage-click2call .c2c-phone-icon { background-image:url(https://images-na.ssl-images-amazon.com/images/G/01/electronics/click2call/click2call-sprite._CB156431432_.png); background-repeat:no-repeat; background-position: 0px 0px; width:57px; height:57px; margin-right:6px; } .cmtySprite { background-image: url(https://images-na.ssl-images-amazon.com/images/G/01/common/sprites/sprite-communities._CB320811603_.png); background-repeat: no-repeat; } .tagEdit { padding-bottom:4px; padding-top:4px; } .edit-tag { width: 155px; margin-left: 10px; } .list-tags { white-space: nowrap; padding: 1px 0px 0px 0px; } #suggest-table { display: none; position: absolute; z-index: 2; background-color: #fff; border: 1px solid #9ac; } #suggest-table tr td{ color: #333; font: 11px Verdana, sans-serif; padding: 2px; } #suggest-table tr.hovered { color: #efedd4; background-color: #9ac; } .see-popular { padding: 1.3em 0 0 0; } .tag-cols { border-collapse: collapse; } .tag-cols td { vertical-align: top; width: 250px; padding-right: 30px; } .tag-cols .tag-row { padding: 0 0 7px 0px; } .tag-cols .see-all { white-space: nowrap; padding-top: 5px; } .tags-piles-feedback { display: none; color: #000; font-size: 0.9em; font-weight: bold; margin: 0px 0 0 0; } .tag-cols i { display: none; cursor: pointer; cursor: hand; float: left; font-style: normal; font-size: 0px; vertical-align: bottom; width: 16px; height: 16px; margin-top: 1px; margin-right: 3px; } .tag-cols .snake { display: block; background: url('https://images-na.ssl-images-amazon.com/images/G/01/x-locale/communities/tags/graysnake._CB192250049_.gif'); } #tagContentHolder .tip { display: none; color: #999; font-size: 10px; padding-top: 0.25em; } #tagContentHolder .tip a { color: #999 !important; text-decoration: none !important; border-bottom: solid 1px #CCC; } .nowrap { white-space: nowrap; } #tgEnableVoting { display: none; } #tagContentHolder .count { color: #666; font-size: 10px; margin-left: 3px; white-space: nowrap; } .count.tgVoting { cursor: pointer; } .tgVoting .tgCounter { margin-right: 3px; border-bottom: 1px dashed #003399; color: #003399; } .c2c-inline-sprite { display: -moz-inline-box; display: inline-block; margin: 0;padding: 0; position: relative; overflow: hidden; vertical-align: middle; background-image: url(https://images-na.ssl-images-amazon.com/images/G/01/electronics/click2call/click2call-sprite._CB156431432_.png); background-repeat: no-repeat; } .c2c-inline-sprite span { position:absolute; top:-9999px; } .dp-call-me-button { width:52px; height:22px; background-position:0px -57px; } <!-- function amz_js_PopWin(url,name,options){ var ContextWindow = window.open(url,name,options); ContextWindow.focus(); return false; } //--> Amazon.com: Thorlos Unisex Postal Uniform Mini Crew Single Pair: Clothing // ============================================================================= // Function Class: Show/Hide product promotions & special offers link // ============================================================================= function showElement(id) { var elm = document.getElementById(id); if (elm) { elm.style.visibility = 'visible'; if (elm.getAttribute('name') == 'heroQuickPromoDiv') { elm.style.display = 'block'; } } } function hideElement(id) { var elm = document.getElementById(id); if (elm) { elm.style.visibility = 'hidden'; if (elm.getAttribute('name') == 'heroQuickPromoDiv') { elm.style.display = 'none'; } } } function showHideElement(h_id, div_id) { var hiddenTag = document.getElementById(h_id); if (hiddenTag) { showElement(div_id); } else { hideElement(div_id); } } if(typeof P === 'object' && typeof P.when === 'function'){ P.register(""isLazyLoadWeblabEnabled"", function(){ var isWeblabEnabled = 1; return isWeblabEnabled; }); } window.isBowserFeatureCleanup = 0; var touchDeviceDetected = false; P.when('atf').register('sp.load.js'); var CSMReqs={af:{c:2,p:'atf'},cf:{c:2,p:'cf'},x1:{c:1,p:'x1'},x2:{c:1,p:'x2'}}; function setCSMReq(a){ a=a.toLowerCase(); var b=CSMReqs[a]; if(b&&--b.c==0){ if(typeof uet=='function'){uet(a); (a == 'af') && (typeof replaceImg === 'function') && replaceImg();}; if(typeof P != 'undefined'){ P.register(b.p); if(a == 'af') { if(typeof uet === 'function') { uet('bb', 'TwisterAUIWait', {wb: 1}); } } }; } } if(typeof P != 'undefined') { P.when('A').execute(function(A) { if(typeof uet === 'function') { uet('af', 'TwisterAUIWait', {wb: 1}); } }); } var addlongPoleTag = function(marker,customtag){ marker=marker.toLowerCase(); var b=CSMReqs[marker]; if(b.c == 0){ if(window.ue && typeof ue.tag === 'function') { ue.tag(customtag); } } }; ;(function(_onerror){ var old_error_handler = _onerror; var attributionMap = { ""BrowserAddon"":{ logLevel: ""ERROR"", files:[ /^res:\/\//, /^resource:\/\//, /^chrome:\/\//, /^chrome-extension:\/\//, /^extensions\//, /^file:\/\/\//, /^chrome\/RendererExtensionBindings/, /^plugin\/amazon_com_detail\.js/, /^miscellaneous_bindings/, // plugin in china /^http.?:\/\/([^\s\.]+\.)*qhimg\.com/, // plugin in India /^http.?:\/\/([^\s\.]+\.)*datafastguru\.info/, /^http.?:\/\/sc1\.checkpoint\.com\/dev\/abine\/scripts\/inject\.js/, /^http.?:\/\/([^\s\.]+\.)*image2play\.com/, /^http.?:\/\/([^\s\.]+\.)*wajam\.com/, /^http.?:\/\/([^\s\.]+\.)*ydstatic\.com/, /^https?:\/\/([^\s\.]+\.)*googleapis\.com\/ajax\/libs\/jquery/, /^https?:\/\/www\.superfish\.com\/ws/, /^https?:\/\/api.imideo.com\/v2/, /^https?:\/\/minibar.iminent.com/, /^https?:\/\/translate.googleusercontent.com/, /^includes\/helper/ ] } }; function findMatch(f){ for(var attribution in attributionMap){ var i=0; var attributionValue = attributionMap[attribution]; var files = attributionValue['files']; while(files[i]){ if(f.match(files[i])){ var exception={}; exception.attribution = attribution; if(attributionValue.hasOwnProperty(""logLevel"")){ exception.logLevel = attributionValue['logLevel']; } return exception; } i++; } } return null; } function dpOnErrorOverride(message, file, line, col, error){ var matchingErrorFound = false; if(typeof file == ""string""){ try{ var jsException = findMatch(file); if(jsException && typeof jsException === ""object""){ jsException.m = message; jsException.f = file; jsException.l = line; jsException.c = """" + (col || """"); jsException.err = error; jsException.fromOnError = 1; jsException.args = arguments; if(window.ueLogError){ window.ueLogError(jsException); matchingErrorFound = true; if(ue && ue.count){ ue.count(""dpJavascriptAffectedErrors"", (ue.count(""dpJavascriptAffectedErrors"") || 0) + 1); ue.count(""dpJSError"" + jsException.attribution, (ue.count(""dpJSError"" + jsException.attribution) || 0) + 1); } } } }catch(exception){ if(window.ueLogError){ window.ueLogError(exception,{message: ""dpOnErrorOverride: error occurred - "", logLevel:""FATAL""}); } } } if(!matchingErrorFound){ old_error_handler.apply(this, arguments); } return false; } dpOnErrorOverride.skipTrace = 1; window.onerror = dpOnErrorOverride; })(window.onerror); var gbEnableTwisterJS = 0; var isTwisterPage = 0; isTwisterPage = 1; /* Override for Native DropDown changes */ #buybox_feature_div .a-native-dropdown, #buybox .a-native-dropdown { opacity: 1; filter: alpha(opacity=100); z-index: auto; position: static; display: inline; font-weight: normal;} #buybox_feature_div label.a-native-dropdown, #buybox label.a-native-dropdown {padding-right: 5px;} #buybox_feature_div .a-dropdown-container .a-button-dropdown, #buybox .a-dropdown-container .a-button-dropdown { display: none !important;} #buybox_feature_div #OneClickBox, #buybox #OneClickBox { text-align:center;} #buybox_feature_div #oneClickAvailable, #buybox #oneClickAvailable { text-align:center;} #defaultChildDropdown_feature_div .a-native-dropdown { display: inline;} #defaultChildDropdown_feature_div .a-dropdown-container .a-button-dropdown { display: none !important;} P.when(""p-detect"").execute(function() { var h = document.documentElement; h.className = h.className.replace(/(^|\b)a-touch(\b|$)/g,""""); }); window.weblabs = {}; window.ue_ihe = (window.ue_ihe || 0) + 1; if (window.ue_ihe === 1) { (function(e,c){function h(b,a){f.push([b,a])}function g(b,a){if(b){var c=e.head||e.getElementsByTagName(""head"")[0]||e.documentElement,d=e.createElement(""script"");d.async=""async"";d.src=b;d.setAttribute(""crossorigin"",""anonymous"");a&&a.onerror&&(d.onerror=a.onerror);a&&a.onload&&(d.onload=a.onload);c.insertBefore(d,c.firstChild)}}function k(){ue.uels=g;for(var b=0;b<f.length;b++){var a=f[b];g(a[0],a[1])}ue.deffered=1}var f=[];c.ue&&(ue.uels=h,c.ue.attach&&c.ue.attach(""load"",k))})(document,window); (function(k,l,g){function m(a){c||(c=b[a.type].id,""undefined""===typeof a.clientX?(e=a.pageX,f=a.pageY):(e=a.clientX,f=a.clientY),2!=c||h&&(h!=e||n!=f)?(r(),d.isl&&l.setTimeout(function(){p(""at"",d.id)},0)):(h=e,n=f,c=0))}function r(){for(var a in b)b.hasOwnProperty(a)&&d.detach(a,m,b[a].parent)}function s(){for(var a in b)b.hasOwnProperty(a)&&d.attach(a,m,b[a].parent)}function t(){var a="""";!q&&c&&(q=1,a+=""&ui=""+c);return a}var d=k.ue,p=k.uex,q=0,c=0,h,n,e,f,b={click:{id:1,parent:g},mousemove:{id:2, parent:g},scroll:{id:3,parent:l},keydown:{id:4,parent:g}};d&&p&&(s(),d._ui=t)})(ue_csm,window,document); if (window.ue && window.ue.uels) { var cel_widgets = [ { ""c"":""celwidget"" },{ ""c"":""feature"" } ]; ue.uels(""https://images-na.ssl-images-amazon.com/images/G/01/AUIClients/ClientSideMetricsAUIJavascript@jserrorsForester.10f2559e93ec589d92509318a7e2acbac74c343a._V2_.js""); } (function(k,c){function l(a,b){return a.filter(function(a){return a.initiatorType==b})}function f(a,c){if(b.t[a]){var g=b.t[a]-b._t0,e=c.filter(function(a){return 0!==a.responseEnd&&m(a)<g}),f=l(e,""script""),h=l(e,""link""),k=l(e,""img""),n=e.map(function(a){return a.name.split(""/"")[2]}).filter(function(a,b,c){return a&&c.lastIndexOf(a)==b}),q=e.filter(function(a){return a.duration<p}),s=g-Math.max.apply(null,e.map(m))<r|0;""af""==a&&(b._afjs=f.length);return a+"":""+[e[d],f[d],h[d],k[d],n[d],q[d],s].join(""-"")}} function m(a){return a.responseEnd-(b._t0-c.timing.navigationStart)}function n(){var a=c[h](""resource""),d=f(""cf"",a),g=f(""af"",a),a=f(""ld"",a);delete b._rt;b._ld=b.t.ld-b._t0;b._art&&b._art();return[d,g,a].join(""_"")}var p=20,r=50,d=""length"",b=k.ue,h=""getEntriesByType"";b._rre=m;b._rt=c&&c.timing&&c[h]&&n})(ue_csm,window.performance); (function(s,l){function m(b,e,c){c=c||new Date(+new Date+t);c=""expires=""+c.toUTCString();n.cookie=b+""=""+e+"";""+c+"";path=/""}function p(b){b+=""="";for(var e=n.cookie.split("";""),c=0;c<e.length;c++){for(var a=e[c];"" ""==a.charAt(0);)a=a.substring(1);if(0===a.indexOf(b))return decodeURIComponent(a.substring(b.length,a.length))}return""""}function q(b,e,c){if(!e)return b;-1<b.indexOf(""{"")&&(b="""");for(var a=b.split(""&""),f,d=!1,h=!1,g=0;g<a.length;g++)f=a[g].split("":""),f[0]==e?(!c||d?a.splice(g,1):(f[1]=c,a[g]= f.join("":"")),h=d=!0):2>f.length&&(a.splice(g,1),h=!0);h&&(b=a.join(""&""));!d&&c&&(0<b.length&&(b+=""&""),b+=e+"":""+c);return b}var k=s.ue||{},t=6048E7,n=ue_csm.document||l.document,r=null,d;a:{try{d=l.localStorage;break a}catch(u){}d=void 0}k.count&&k.count(""csm.cookieSize"",document.cookie.length);k.cookie={get:p,set:m,updateCsmHit:function(b,e,c){try{var a;if(!(a=r)){var f;a:{try{if(d&&d.getItem){f=d.getItem(""csm-hit"");break a}}catch(k){}f=void 0}a=f||p(""csm-hit"")||""{}""}a=q(a,b,e);r=a=q(a,""t"",+new Date); try{d&&d.setItem&&d.setItem(""csm-hit"",a)}catch(h){}m(""csm-hit"",a,c)}catch(g){""function""==typeof l.ueLogError&&ueLogError(Error(""Cookie manager: ""+g.message),{logLevel:""WARN""})}}}})(ue_csm,window); (function(l,d){function c(b){b="""";var c=a.isBFT?""b"":""s"",d=""""+a.oid,f=""""+a.lid,g=d;d!=f&&20==f.length&&(c+=""a"",g+=""-""+f);a.tabid&&(b=a.tabid+""+"");b+=c+""-""+g;b!=e&&100>b.length&&(e=b,a.cookie?a.cookie.updateCsmHit(m,b+(""|""+ +new Date)):document.cookie=""csm-hit=""+b+(""|""+ +new Date)+n+""; path=/"")}function p(){e=0}function h(b){!0===d[a.pageViz.propHid]?e=0:!1===d[a.pageViz.propHid]&&c({type:""visible""})}var n=""; expires=""+(new Date(+new Date+6048E5)).toGMTString(),m=""tb"",e,a=l.ue||{},k=a.pageViz&&a.pageViz.event&& a.pageViz.propHid;a.attach&&(a.attach(""click"",c),a.attach(""keyup"",c),k||(a.attach(""focus"",c),a.attach(""blur"",p)),k&&(a.attach(a.pageViz.event,h,d),h({})));a.aftb=1})(ue_csm,document); ue_csm.ue.stub(ue,""impression""); (function(k,d,h){function f(a,c,b){a&&a.indexOf&&0===a.indexOf(""http"")&&0!==a.indexOf(""https"")&&l(s,c,a,b)}function g(a,c,b){a&&a.indexOf&&(location.href.split(""#"")[0]!=a&&null!==a&&""undefined""!==typeof a||l(t,c,a,b))}function l(a,c,b,e){m[b]||(e=u&&e?n(e):""N/A"",d.ueLogError&&d.ueLogError({message:a+c+"" : ""+b,logLevel:v,stack:""N/A""},{attribution:e}),m[b]=1,p++)}function e(a,c){if(a&&c)for(var b=0;b<a.length;b++)try{c(a[b])}catch(d){}}function q(){return d.performance&&d.performance.getEntriesByType? d.performance.getEntriesByType(""resource""):[]}function n(a){if(a.id)return""//*[@id='""+a.id+""']"";var c;c=1;var b;for(b=a.previousSibling;b;b=b.previousSibling)b.nodeName==a.nodeName&&(c+=1);b=a.nodeName;1!=c&&(b+=""[""+c+""]"");a.parentNode&&(b=n(a.parentNode)+""/""+b);return b}function w(){var a=h.images;a&&a.length&&e(a,function(a){var b=a.getAttribute(""src"");f(b,""img"",a);g(b,""img"",a)})}function x(){var a=h.scripts;a&&a.length&&e(a,function(a){var b=a.getAttribute(""src"");f(b,""script"",a);g(b,""script"",a)})} function y(){var a=h.styleSheets;a&&a.length&&e(a,function(a){if(a=a.ownerNode){var b=a.getAttribute(""href"");f(b,""style"",a);g(b,""style"",a)}})}function z(){if(A){var a=q();e(a,function(a){f(a.name,a.initiatorType)})}}function B(){e(q(),function(a){g(a.name,a.initiatorType)})}function r(){var a;a=d.location&&d.location.protocol?d.location.protocol:void 0;""https:""==a&&(z(),w(),x(),y(),B(),p<C&&setTimeout(r,D))}var s=""[CSM] Insecure content detected "",t=""[CSM] Ajax request to same page detected "",v=""WARN"", m={},p=0,D=k.ue_nsip||1E3,C=5,A=1==k.ue_urt,u=!0;ue_csm.ue_disableNonSecure||(d.performance&&d.performance.setResourceTimingBufferSize&&d.performance.setResourceTimingBufferSize(300),r())})(ue_csm,window,document); (function(d){d.ue_cel_stub||(d.ue_cel_stub=function(){var b={};return{registerModule:function(a,c){b[a]||(b[a]=c,b[a].on())},replayModule:function(a,c){b[a]&&(b[a].replay(c),b[a].off(),delete b[a])}}}())})(ue_csm); (function(a,d,h){a.ue_mcm_stub||a.ue&&a.ue.isBF||(a.ue_mcm_stub=function(){function e(a){var b=c.d(),e=(d.body||{}).scrollWidth,k=(d.body||{}).scrollHeight,f;h&&""function""===typeof h.now&&a.timeStamp&&(f=h.now()-a.timeStamp,f=parseFloat(f.toFixed(2)));g.push({rawEvent:a,additionalData:{ots:b,ow:e,oh:k,odt:f}})}var c=a.ue,g=[];return{on:function(){c.attach&&c.attach(""click"",e,d)},off:function(){c.detach&&c.detach(""click"",e,d)},replay:function(a){for(var b=0;b<g.length;b++)a(g[b].rawEvent,g[b].additionalData)}}}(), a.ue_cel_stub&&a.ue_cel_stub.registerModule(""mcm"",a.ue_mcm_stub))})(ue_csm,document,window.performance); if(window.ue&&uet) { uet('bb'); } } window.P && P.register('bb'); if (typeof ues === 'function') { ues('t0', 'portal-bb', new Date()); ues('ctb', 'portal-bb', 1); } {""AUI_160684"":""C"",""AUI_157141"":""C"",""AUI_TNR_V2_180836"":""C"",""AUI_UX_114039"":""C"",""AUI_UX_113788"":""C"",""AUI_UX_145937"":""C"",""AUI_57326"":""C"",""AUI_158613"":""C"",""AUI_149818"":""C"",""AUI_72554"":""C"",""AUI_BOLT_62845"":""C"",""AUI_UX_60000"":""C"",""AUI_ATTR_VALIDATIONS_1_51371"":""C"",""AUI_ACCESSIBILITY_49860"":""C"",""AUI_152852"":""C"",""AUI_PERF_130093"":""C"",""AUI_UX_138741"":""C""}typeof uex === 'function' && uex('ld', 'portal-bb', {wb: 1}) (function(d){document.createElement(""header"");function b(e){return[].slice.call(e)}function c(f,e){return{m:f,a:b(e)}}var a=function(f){var g={};g._sourceName=f;g._replay=[];g.getNow=function(i,h){return h};function e(i,h,j){i[j]=function(){g._replay.push(h.concat(c(j,arguments)))}}g.when=function(){var i=[c(""when"",arguments)];var h={};e(h,i,""run"");e(h,i,""declare"");e(h,i,""publish"");e(h,i,""build"");return h};e(g,[],""declare"");e(g,[],""build"");e(g,[],""publish"");e(g,[],""importEvent"");a._shims.push(g);return g};a._shims=[];if(!d.$Nav){d.$Nav=a(""rcx-nav"")}if(!d.$Nav.make){d.$Nav.make=a}}(window)); $Nav.importEvent('navbarJS-beaconbelt'); $Nav.declare('img.sprite', { 'png8': 'https://images-na.ssl-images-amazon.com/images/G/01/gno/sprites/global-sprite_bluebeacon-v1._CB327533540_.png', 'png32': 'https://images-na.ssl-images-amazon.com/images/G/01/gno/sprites/nav-sprite-global_bluebeacon-V3-1x_optimized._CB483188077_.png', 'png32-2x': 'https://images-na.ssl-images-amazon.com/images/G/01/gno/sprites/nav-sprite-global_bluebeacon-V3-2x_optimized._CB474516457_.png' }); window._navbarSpriteUrl = 'https://images-na.ssl-images-amazon.com/images/G/01/gno/sprites/nav-sprite-global_bluebeacon-V3-1x_optimized._CB483188077_.png'; $Nav.declare('img.pixel', 'https://images-na.ssl-images-amazon.com/images/G/01/x-locale/common/transparent-pixel._CB386942464_.gif'); (window.AmazonUIPageJS ? AmazonUIPageJS : P).when('navCF').execute(function(){ (window.AmazonUIPageJS ? AmazonUIPageJS : P).load.js('https://images-na.ssl-images-amazon.com/images/I/41eKbH%2BV9oL._RC|71gqiQPjkVL.js,61ybdwam-8L.js,41MSv8-3arL.js,113NkCQYmFL.js,01wBjiz9OvL.js,21YI5xZWAwL.js,31SFwv+1S1L.js,51+klsvwgqL.js,31Sch+N9NhL.js_.js?AUIClients/AmazonNavigationDesktopMetaAsset#desktop'); }); if(window.navmet===undefined) { window.navmet=[]; if (window.performance && window.performance.timing && window.ue_t0) { var t = window.performance.timing; var now = + new Date(); window.navmet.basic = { 'networkLatency': (t.responseStart - t.fetchStart), 'navFirstPaint': (now - t.responseStart), 'NavStart': (now - window.ue_t0) }; } } window.navmet.tmp=+new Date(); window.uet && uet('ns'); window._navbar = (function (o) { o.componentLoaded = o.loading = function(){}; o.browsepromos = {}; o.issPromos = []; return o; }(window._navbar || {})); window._navbar.declareOnLoad = function () { window.$Nav && $Nav.declare('page.load'); }; if (window.addEventListener) { window.addEventListener(""load"", window._navbar.declareOnLoad, false); } else if (window.attachEvent) { window.attachEvent(""onload"", window._navbar.declareOnLoad); } else if (window.$Nav) { $Nav.when('page.domReady').run(""OnloadFallbackSetup"", function () { window._navbar.declareOnLoad(); }); } window.$Nav && $Nav.declare('logEvent.enabled', 'false'); window.$Nav && $Nav.declare('config.lightningDeals', {}); div#navSwmHoliday.nav-focus {border: none;margin: 0;} try { if(window.navmet===undefined)window.navmet=[]; if(window.$Nav) { $Nav.when('$', 'config', 'flyout.accountList', 'SignInRedirect', 'dataPanel').run('accountListRedirectFix', function ($, config, flyout, SignInRedirect, dataPanel) { if (!config.accountList) { return; } flyout.getPanel().onData(function (data) { if (SignInRedirect) { var $anchors = $('[data-nav-role=signin]', flyout.elem()); $.each($anchors, function(i, anchorEl) {SignInRedirect.setRedirectUrl($(anchorEl), null, null);});}});}); $Nav.when('$', 'config').run('subnavSpacious', function ($, config) {if(config.pageType === 'ShoppingCart' && config.subPageType === 'NewHUC') { $('#nav-subnav.spacious').hide(); }}); $Nav.when('$').run('defineIsArray', function(jQuery) { if(jQuery.isArray===undefined) { jQuery.isArray=function(param) { if(param.length===undefined) { return false; } return true; }; } }); $Nav.declare('config.cartFlyoutDisabled', 'true'); $Nav.when('$','$F','config','logEvent','panels','phoneHome','dataPanel','flyouts.renderPromo','flyouts.sloppyTrigger','flyouts.accessibility','util.mouseOut','util.onKey','debug.param').build('flyouts.buildSubPanels',function($,$F,config,logEvent,panels,phoneHome,dataPanel,renderPromo,createSloppyTrigger,a11yHandler,mouseOutUtility,onKey,debugParam){var flyoutDebug=debugParam('navFlyoutClick');return function(flyout,event){var linkKeys=[];$('.nav-item',flyout.elem()).each(function(){var $item=$(this);linkKeys.push({link:$item,panelKey:$item.attr('data-nav-panelkey')});});if(linkKeys.length===0){return;} var visible=false;var $parent=$('<div class=\'nav-subcats\'></",thorlos,,$9.38 - $12.50,"Thin and not much support, thought it would be like the other thorlos but was not.

I bought these for my elderly mother wo has problems bending over and putting socks on. She wanted navy socks that hit at the ankle, and these proved almost as elusive as the Yeti to find. We didn't want the low cut sport like socks because she is always cold and wanted her ankles covered. But she didn't want crew socks that were too high for her to pull up. You can find black ankle covering socks in the stores, but navy ones are nowhere to be found. Except of course on Amazon, which is where I always turn for hard to find items. I found these and immediately ordered them.. They are a perfect solution. We are all happy. Especially the Yeti, who continues to dodge the relentless Bigfoot hunters.

Extremly high quality sock. Not pretty ( for a woman) but great winter sock for cold climate or appropriate if you want a very padded wicking sock.

Thorlo's are so worth the price. The cushion is unmatched to any other brand of socks I have tried in my life. I also have to say they are very long lasting. Mine have lasted years and years and still have the same amount of cushion as when I bought them. Make sure you by the type of sock for the activity you need."
B013AWCGYW,"Miusol Women's Cut Out V-Neck Vintage Casual 1950'S Retro Bridesmaid Dress (XX-Large, Light Orange)",,,,"this is a reals women s dress i love it its the right color and a real dress well worth the money and the delivery was great love love love will buy more. Now to get the next color. This is. # 2

I love this dress! I ordered it last minute for a wedding and it fit perfectly. The only drawback I would say is that it wrinkles pretty quickly. I had to take an iron to it more than once but for the price, it was worth it.

Excited to dance in it!

I picked this dress out for my bridesmaids but had to get one for myself as I just loved the style. It's beyond comfortable but it runs a little big. It can be played up for any occasion and also down played for work casual. I love it!

I have to admit, I read some of the other reviews with a grain of salt, as I really didn't expect these dresses to live up to the raves I saw, at least not at this price point. But I was SO pleasantly surprised to have been wrong! This dress is really beautiful and quite well made. All the seams were finished on mine, no loose threads, and the top portion was lined. (I always wear a slip when I wear a dress, so I don't worry about them being fully lined, and this one is not.) I purchased the ""Light Orange"" and it is just that - a light, pleasant not-quite-coral-orange shade that will be wonderful for both spring and summer (I already wore it paired with some royal blue accessories and was told repeatedly I looked like a beautiful spring day). Paired with brown it would probably also be lovely for autumn. I've already ordered another color, I liked it that much. It fits perfectly allover and is quite slimming. If you do not have a large bust (at least a D), I could see that part not looking as intended, but for full-figured ladies, this dress is an absolute knockout.

I can not say how much I love this dress! I am definitely a curvy girl and always worry about any clothing purchases online. That being said I needed a dress for a casual wedding and knew I wouldn't find anything in the stores near me, so I hoped and prayed and hit the order button. It arrived on time and in great condition. As soon as I could rip the packaging open I tried it on and held my breath. I was shocked at how well it fit my body! And I didn't want to hurl while looking at my reflection in the mirror! It fit my curves well and I loved the color on me. I normally wear a woman's size 16-18 in jeans, XL t-shirts, and 40DD bra and ordered the XXL orange version of this dress. (For those who were curious about sizing) Will definitely be ordering more in the other colors.

Cut is completely wrong for that size #

My OCD nearly drove me insane searching for a dress. I am breathing, and smiling. I am very large up top, and have gained a LOT of weight, I was very very nervous that this dress would NOT fit, as I have never had great luck ordering clothes online before. This is for a Bridesmaid dress. I was looking for something I could wear in a Church wedding, wear a bra, below the knee, and definitely NOT have cleavage hanging out. Not to mention ""color"" issues. I was looking for a peach/coral. There really aren't a lot of choices that fit those requirements under $250. I was so nervous about trying this out. I worried for nothing. The color although listed as ""light orange"" was really as close as I could have gotten it in the largest bridal store in person. The coverage is perfect, and the big one, the size, Not only did it go on and zip right up, the fabric has some give in it, almost like a spanx type quality, making the fabric not light and flimsy or stiff but flowing nicely and hugging in the right places yet forgiving in the other places. I ordered it on a Tuesday night and it was here by Friday afternoon, and I live in the middle of nowhere, and overnight or 2 day shipping is ALWAYS a joke, but not this time. As with any formal, it had to be hung and steamed, and will look really cute with a petticoat. I had read all the reviews so I expected some issues with the zipper, and possibly "
B00JILLROK,Urparcel Men's Cozy Briefs Boxers Cotton Underwear Underpants Bikini,Urparcel,,,"VERY VERY snug. Almost too uncomfortable to wear all day. Maybe be good for sports activities or something like that. I am a medium and i think I needed an XL. Not comfortable for american men.

What can I say, this is a cool looking pair of underwear; looks good on and comfortable with minimal coverage; price is awesome compared to retail stores."
B00FQLU4RM,Tees By Tina Solid Cami (Black),Tees by Tina,,,"I love this cami. It's really long. I'm 5'3"" and it goes past my butt. Which isn't bad. It fits like a slim-wear slip. The fabric is great! Very smooth. I have a long-sleeve shirt by the same manufacturer. It's awesome too!

Flimsy.

I love t's by tina and this one is a little different with very thing straps....perfect!

I got this in and I instantly loved the material. However it already has a hole in it after only wearing twice. Material feels nice but is obviously cheap.

I love all of Tees by Tina's Cami's. They provide support and the length is great for coverage when wearing leggings. I will never buy department store cami's again!"
B003PC7VW0,Cortland Intimates Long Line Back Support Soft Cup Bra,Cortland,,$30.00 - $49.00,"satisfied

Love this bra fits perfect as expected

When you sit down the wires bend and stick in your skin, it needs to be longer to cover the side better.

I read the reviews and ordered a size larger. The straps are not adjustable but that is necessary in order to give firm support for big girls like me. The minute I put it on my thoracic spine felt supported and much better. It is thin but I like that because when you wear a long line you don't need too heavy a material to wear. It seems sturdy enough to last. I immediately ordered another one. The cups fit nicely and the straps only have to be sewn with a little tuck. Mostly though it gives great support where I need it. I have always worn a long line but stopped lately due to the fact that they never give the support necessary. Love the front hooks."
B00IGVB0S6,Bamu Black 24 Spiral Steel Boned Satin Cinchers Corset for Waist Training L,BI.TENCON,,,"way to much to work with to get in and out of not good

I bought this and once I got it, I decided that I really didn't want it. I would have returned it, but there were too many tricks to returning it and wasn't really worth it. I opted to just keep it since I was only going to possibly get back half the money I spent on it.

I seriously don't to take it off so comfy. In love must buy it . Worth the wait and the buy

Communication was fast and informative -- AFTER THE FACT. I was wondering why the item was taking so long to get to us. We enquired and learned it is coming from China and not the implied US location; very deceptive.

It's was small on me and I didn't know that it was silk because soaked adventure we doesn't get larger I thought it was from the material that stretches

The fit was ok; however, it will not go any smaller, so it is useless for waist training. Also, my biggest complaint is that it is not long enough, and it constantly pushes the top of my pants down. I quit wearing it because it would go over the edge of all my pants. All day long I was pulling up my pants and pulling down my shirt. I am 5'8'' with a 29"" waist. I bought the medium.

Fake doesn't work ripped after one week

It must be made for ten year olds, not for grown women

I was expecting it to be longer. The rope started to rip so that made me put 2 stars :( Couldn't return it but still is an okay product.

It was nice but the bust size is for a smaller person

Had to buy longer strings and it's a little smaller then expected but it's doing what I need and I was able to adjust it to fit.

As description

This fit absolutely great! I love it and wld recommend it to anyone... It's comfortable and great to wear while in the gym! I'm 5'6 and 155lbs so I ordered a large bc the reviews said that it ran small but a Medium would have worked just fine :)

Make your body looks perfect

Great

I gave it a three star rating because the retailer/manufacturer should inform you it is not standard sizing. I am a large and had to buy a 2xl first. The large is my second purchase, still small, but it's a waist trainer... Just letting you know up front if you are a12/14 size woman get the 2xl first. When the two back pieces come together go to the large. It will be snug but you are shooting for a goal here. Whether back support or assistance in weight management. I use it everyday from the time I get up till after 8:00pm. If you are just starting wear it for about an hour or so until you get use to it. Don't make it tight make it comfortable then after a while snug....

Way too small, even though I ordered it the Large size. I am going to give it to my daughter, otherwise, It seems to be good quality.

I ordered 2 sizes bigger than my size, but still came in the wrong size! Alot of ppl on here complained about that size being too small. That's true for me 2 and Thats the main issue! The 2 strings that comes with the corset are placed weird 2. Didn't want to send it back because the whole process takes a while. Still have it but it hasn't been in use however.

Just got my waist trainer and I love it. It actually comes with a g-string which was unexpected and a little amusing but it's great quality and fits as expected. The string for the back is extra long so it helps for if I need to keep tightening it in the future. I'm new to waist training but super excited.

I did not receive the ribbon at the back which I would have preferred and I am questioning whether it is really steel rods and not the cheap plastic bones embedded in the corset. I am some what disappointed but will make it work!!!

I loved it!! Worth the wait (very long wait!) But worth it!!

Fits perfect this is one of my first corsets an loved it so much I ordered another!!

The straps are kinda flimsy but it's nice.

It sucked me in nice but it's kind of bulky so can't be work often. But for the price it's ok if you just want something maybe to walk around the house in but no going out to pary in this"
B01F8R601C,iLoveSIA 3PACK Women's Seamless Wirefree Bra Bralette L Black+Black+Black,iLoveSIA,,,"I want more. They are comfortable, fit like a sports bra and go on with the back hook and eye closures. the pads can be removed for washing, and keep there form. I love them. Flattering. Comfortable. Exceptional price

I wear these at night while I sleep to maintain support. I wish there wasn't so many clasps in the back in comparison to the thin straps but, the bra itself is very comfortable to sleep in.

she loves it

Machine wash gentle in a lingerie bag, cold water, and hang dry. It keeps cup and strap shape well."
B00WPTPNSS,Jastore® Cute Baby Flower Headband Bow Hair Bands Newborn Headbands (9 Pack),Jastore,,,"These headbands are absolutely beautiful! I am so impressed with the quality. They are very well made and durable. They will hold up through any kiddo wear and tear. The bands are very stretchy soft elastic. They even fit on my 4 year old. So these will last your kiddo over the years, from infant to toddler to preschool. Each headband is a different floral design. All are super pretty. Most have lovely rhinestone or beaded embellishments that are absolute stunning. They are so gorgeous. They dress up every outfit and are fit for a princess. These would make a great gift for expecting mommas. Love them! *sample provided to review

Cute love em all

Like it its so cute and fits my baby

These baby flower headbands are awesome and beautiful! Pros: +bright colors +variety of styles +several shades of pink +high quality elastic headbands +handmade quality +super cute! Cons: -yellow and turquoise elastic headbands do not exactly match the embellishments...see attached photos -there were some glue strings present on the embellishments when I opened the package...they were very easy to remove (I would recommend shipping these to yourself first if you're giving them as a gift, as you'll want to make sure there aren't any glue strings present) I highly recommend this product. Baby headbands are so expensive and I don't want to make my own. I'm delighted to have found these! I was given these at a discount in exchange for my honest opinion. All views expressed are 100% mine and 100% honest. Thanks for reading and I hope my review helps you.

Love, Love, Love these head bands and they are so much cuter in person. The headbands are made with quality materials and seem to be put together well. So far they fit my 4 month old perfectly without leaving red marks. They are all different but at least one matches her daily outfit. The band has a lot of stretch and it seems they will last a few years. If my daughter does grow out of them I can cut them off the band and super glue the embellishment onto a clip instead. Beautifully made at a great cost! I received this product at a discount for my honest and unbiased review. I do not work for the seller or Amazon. I am just a mom who loves internet shopping and I rely heavily on other reviews for my purchases. For this I know how important my review is and if you feel it has been helpful please click ""yes"" so my review can help others. I also welcome and questions or comments. Happy shopping!

I am so in love with these Jastore Flower Headbands! They are precious! These headbands are very well made. The headbands part of each one is made from a super soft, stretchy elastic. The embellishments are well attached to the headbands, I love that each headband is completely different from the others. One has a silk flower, another is made of chiffon. There are headbands with rosettes, flowers and even a bow. The headbands are embellished all kinds of bling - from beads to sparkles. Each one of the nine super cute headbands are completely different. The only thing I would suggest, is to be careful with these, when baby starts that phase where everything goes in her mouth. While the embelishments are securely fastened small fingers may be able to take them off the headbands - and thus prevent a choking hazard. I bought these for my granddaughter. We will use them for photo shoots. If you are looking for some adorable headbands for photo shoots, you will not be dissapointed with these!

These are so cute! They fit loosely on my 4 month old's head. They stay put but she has plenty of room to grow. We have tons of basic bows but these add a nice variety of colors and shades that match a ton of her outfits. They did come out of the package with lots of hot glue strings on them, but it wasn't a big deal to go through an pick them off. They're well built, They feel like they will last, unlike some headbands I've gotten for her that were so poorly built, they would disintegrate almost immediately. These aren't like"
B00N9817MU,August Silk Women's Cardigan Sweater Large Shocking Blue,August Silk,,,The material was too lightweight and couldn't support the weight of the embellishment. Really lovely colors though.
B00DTOJNZM,"Amour- Sexy Elegant Jumpsuit Overalls Pants Romper Clubwear Gogo Dance (M, White)",Amour,,,"Everything came very well and satisfied with products

It took over 30 days to be delivered. The largest size you could order was a medium and it was a little too tight. I wear a size 4 in clothes therefore I normally wear a small. After I put some spanx on to hold me in it fit better."
B019TPVXDO,"Lollilook Sexy Halter High Neck Bikini Set Backless Beachwear Swimwear (L, Blue)",LolliLook,,,"Bottoms were small (typical problem I have). Too was too big but I had it brought it by my grandma! :) love the design and coverage. Fun suit for summer

fast shipping good quality BUT the design was off center. Was a little disappointed about that part. The material is good & fit great once I removed the pads. Ordered a large & I wear a 34DD. Bottoms are about a xs

unless you are small chested and a small back, the large is not large and will NOT stretch. returns are near impossible"
B012C0LD10,Mixmax Women Strappy Crop Tank Tops Bustier Cutout Padded Bra Cami (Black1),Mixmax,,$9.99,"Very cute! I'm a 32d and it fit me well.

The straps were all over the place It seems like I should have someone untangle them each time I want to wear this which is a hassle

Way too big and the straps were very loose, almost like they were stretched out.

very cute! Don't know why they have ""crop tank top"" in the title, because it's basically a bra. I'm a 34A and it fits me perfectly. Straps and band don't dig in or make you feel uncomfortable. Wish it had adjustable straps but other than that it's perfect. Pads are removable too so bonus.

Love this so much. I have a larger bust and it fits perfect. Wish it came in more colors.

They are not a true one size. Fit was really awful .. plus they came damaged

Cure

Lol. As pictured. For A cup boobs. Ill sleep in it. Not worth mailing back.

They are very comfy and fit exactly for the size you are buying. I wish they had more colors

Its cute, the pads inside the bra are kind of oddly shaped and stiff, but if you move them around it fits better. Will see if its better once washed.

The padding on both the white and black bra had noticable indentions (dimpling) on them. It is very noticeable under a shirt.

Too small

I love them. They are comfortable and I can see me getting alot of use out of them. I'm a 36 A and fits great. The straps are not adjustable, but that's ok with me. Great for t-shirts. That's why I wanted them. Will be buying more.

I bought a second pair- love these

I love this. It s very fashionable and i can combine it with many clothing with wide neck or no back. :D

looked cheap & info online at Amazon didn't indicate size other than in cm's not inches until checkout which was too late for me & I ordered.

I love this bralette.

I bought this for my daughter. She loves it!

I love this top! It was a bit tight at first but after an hour or so it kind of stretched out and now I wear it every day. Only reason for 4 stars is the stitching on the cage back is poorly done. I have had to reinforce some of the stitching myself. Not a big deal, but something to note!

It's a little heavy material for working out, but I love it as a day to day bra when I don't want to wear underwire. I intended to use it for hot yoga but it was way too hot for that. Currently wearing it as a chill day bra.

I wear them all the time and they are so comfy! They give a little support too (have a padding so the nips don't show through) which is perfect!

I was pretty happy with this. It fit as expected and is very comfortable but has enough padding that it does't totally flatten you out.

Absolutely love this! Very comfortable!!

The look is great, the pads that are put inside are horrible and very round and thick Thank good they are removable. I threw them out

Fits great, super comfy! This item came in no time and is made very well.

Love the soft stretchy fabric. i wear 34B was a bit big for me. Hopefully after it goes thru the wash and dry it'll fit better. Very cute.

I absolutely LOVE this bralette! It looks 100% like pictured, and the cup inserts are some of the best I've found (good shape, actually covers and hides nipples), and the back is so flattering. 5 stars 100% For reference- I'm 5'7"", 145lbs, wear a 34C and usually a size Small or Medium. Fits awesome!

Horrible. Too small and the padding is a joke. Poor quality

Vary comfortable. It is well made. Being that it is one size fits all, it fits me a bit large. I am 32A

The product is a this t shirt material with bra pad inside. The product is also larger than expected.

They are nice and stretchy around the middle, but wish the straps that go over the shoulders had a little more give to them. Overall they are comfy and fit as expected.

Very cute bralette with removable padding. It's a little big on me but it's a one size only. Nice quality fabric that has not turned to making lint so far with washing.

Love this, super cute and comfy

I'm a 32b thought small would fit. It's too big. Nice, soft material though.

One strap buste"
B00NRYMMU2,Gold-tone Seven Archangels Bracelet with Saint Benedict Medal Angels Protection Unique Bracelet,,,,"The bracelet was very pretty but it was much to fragile it was hard to get on very difficult to put on. I was afraid that I might break it so I sent it back. Maybe you should make easier way to get it on. Also you can make an extension to make it fit any size wrist

Beautiful

The Bracelet NEVER even made it through Mass...I NEVER heard from Angelitos de Mexico even after two messages sent....

I love it ..the only thing is it arrived broken how do i return it?

This is beautiful and seems well made. I wear a 7 1/2 "" bracelet and this is about an inch too small. Since I like it so much I will take it to a jeweler to see if they can add some length to it.

I absolutely love it!!!!!! It is gorgeous!!!!

I think the chain is a little short

Very cute. A little tight on my nieces wrist. The medal broke within a day.

Absolutely Beautiful!

this is more beautiful in person and it helps support the church."
B00MBE81FE,"JOLLY BRIDAL Satin Embroidered Halter Style Wedding Dress, White, Size 16",JOLLY BRIDAL,,,"My wedding dress it was wonderful

I have a large bust, and was concerned about how much support this would offer... it really doesn't. The halter top is velcro. I'm having alterations done to it... taking the velcro out, putting in buttons instead. It's also REALLY long... I thought it would trail out behind me by a foot or two, but it trails out by at least four feet. I'm having the bottom hemmed, and hooks and eyes attached so the train can go up and won't trail behind me during the reception. However, it's beautiful and I've gotten a bunch of compliments on it already!"
B01FQBJTK4,OVERMAL Women Strapless Top Vest Breathable Sports Bras Tank (White),Overmal Shirt,,,"Arrived today, around 2 weeks early. As for the product itself, I am very satisfied with the quality. I am a 32J, meaning I'm 45 inches at the bust and it stretches to fit me just fine while providing enough support to be worn for hours and enough comfort that it's not painful to wear. Have been wearing it for 8 hours already and will probably wear it to bed as well. I believe it will fit smaller chested women as well (as it's very stretchy) but it may be a tad loose depending on your size."
B00VBALS8Q,"MG Collection Women’s Sexy Crochet Lace V-Neck Tunic Tops, Mesh Beach Swim Cover Up Dress",MG Collection,,,"I didn't consider how tall the model is. I'm 5ft tall and it's definitely longer on me than it is on the modelbut I love it...got the white one, too.

Roomy enough for coverage over a bathing suit. I usually wear a small or medium in most articles of clothing and this fit me looser than it appears on the model in the picture, but it wasn't too big. I washed it before wearing on the delicate cycle in a mesh bag in cold water and air-dried...no shrinkage.

Cute cover up and great price. Received several compliments at my pool party!

Front lace seam not straight and much shorter than picture indicates. Not a true white kinda creamy. I would not recommend this item poor quality.

Fabulous!!!!

Disappointing. Just recieved and will be returning. Much smaller than the picture shows. I am 5'7"", and this doesn't even cover my crotch. Also, the color is very creamy, not at all white like the picture. It is cute, but the fit is way off what is advertised."
B019EKQ50U,DREAM PAIRS ESTELLE-K Girls Casual Strappy Rhinestones Bucklet Strap Thong Flat Summer Sandals (Toddler/Little Kid/Big Kid) GOLD SIZE 12,DREAM PAIRS,,,"Looks fine. Got these for my girls who were part of a wedding. They fit a little loose, but served their purpose.

wish there was more support but very cute

they look really cute on my daughter"
B0140XRD0M,Voinnia Womens Off Shoulder V-neck A-line Mini Strapless Loose Casual Dress X-Large Black,Voinnia,,,"This fits great but the sleeves aren't as cute as I had hoped.

This dress fits great and easy to wear. I'm a XL or a 12 and I purchased a xxl.

This dress was way too big!

Recommend for all body types!

This dress was PERFECT!

Ordered an XL, fits my friend who is a medium.

Doesnt fit right. too much hassle to return. Sits in my closet

I ordered an XL after reading reviews on how small it runs. I normally get a L . Under arm came undone after wearing it to work once. so it was short lived. ;(

Such a pretty dress! It does run large though, I ordered several sizes larger and I am swimming in it! The slip underneath is not too short, covers well.

thaks

This ""dress"" is more like a shirt. I knew it was shorter, however would not be acceptable to wear without pants.

It's more like a shirt than a dress. Very short and very thin material. Very cheaply made. The lining of the dress is also very short and way shorter in the back than the front, you can see my underwear easily. I had to buy a slip with lace at the bottom and I'm hoping I can layer it and still wear it, if not I'm not sure what to do.

Way too small unless you're child

way too small and short. I had to send it back.

I am a average size person 5' 10"" and 150 lbs. The cut and shape of this dress MAKE my breast look like they were at the bottom of my rib cage! I was super disappointed too, I bought several different colors and none fit. I was looking for a dressy, second look for a big night out with my husband! He was even more disappointed because he helped pick them out when I purchased them."
B00ZGVFLUM,Aquabelle Women's Chlorine Resistant Xtra Life Lycra Mosaic Side-Tie Top 16 Multi,Aquabelle,,,"was a gift for my mom. Perfect the support she was looking for

I was advised by customer comments to buy this one size up. I am a size 14, so bought a 16. Too big for me! A size 14 would have been fine."
B00VWWHTKY,SiikWorld Men's Cotton Button Trunks Pack of 8 US L Asian XL,SIIKWORLD,,,"i ordered these a little over a month ago, and received 7 of the 8 pairs that come in the set. I contacted siikworld and informed them about it, and they shipped me the blue pair i was missing, their customer service is just outstanding and awesome, very polite and friendy, as for these briefs, i absolutely love them. I am a size 32 medium, so i ordered a large, and they fit wonderful. They are well made, soft feeling, and skin tight, they are very supportive and comfortable with a fully functional 2 button buttonfly. The back is almost full coverage, you will possibly have some butt cheek hanging out like i do, the front is very very low cut, however, they do stretch in the front just a little. I would rate these a 5 star, however, due to the very bare minimum of space in the front as you can see in the pictures, they get a 4 star rating. Over all, i am very pleased with these briefs, and will definitely order more from siikworld in the future.

these really fit poorly, ordered up a size and still much to small"
B01E6ARA66,Clever Girl Raptor Ceramic Enamel Pin,Bent Wookie,,$10.99,"Great pin Applies to so much in my life. I attached it to my knapsack just wish the rubber back piece was more secure. It keeps falling off

About the size of a quarter. I love this pin !!! One of my peronal favorites

My absolute favorite pin ever!!! No complaints!

This pin is well made, and it's a great size. It feels sturdy and long-lasting.

Love my pin

Perfect description, great shipping. Awesome button!

Love the pin, the only downside is the clasp on the back. Seems like it can easily come undone and the pin would fall right off :(. Gonna have to super glue this baby to the back!

Love it. Lots of compliments

Love it

Perfect for my pin collecting JP fan!

as described, very cute

Nothing not to like. It has two tacks on the back. Great little pin for a Jurassic park fan!

So cute! Got this pin as an xmas present for my cousin & she loved it! Great quality

awesome, just as it's pictured!

Very nice pin! Everything was just as described, and the price is right in line with everyone else is charging for the same quality. I'm happy!

My wife loved it!

Quality

its a pin and it looks like this

Adorable !

exactly as pictured! i get compliments on it all the time!

The color is a little more red-ish than orange, but the quality is solid. Love it

Adorable.

I love love love this pin! Its got a nice, sturdy feel to it and it doesnt budge because it has two backings. I wear it on my purse.

Would look great on one of those Aussie cowboy hat's where they only curl up one side

Bought a birthday gift for a friend who loved JP and pins. He was stoked to have this.

Looks exactly like the photo; best pin ever! Love it!

Perfect!"
B01HD4JGFU,Mallcat Sexy Women Lace Tube Top Briefs Underwear Set (L),Mallcat,,,"poor quality.

There is no way that this fits a woman and I bought a size L! Maybe a 10 year old girl. Make sure you pay attention to sizes or something. I don't know but this is soooo small that it is crazy! I would never purchase this item."
B00QKZNSUS,Biker Life USA Men's 2015 Sturgis 75th Rushmore Scene T-Shirt,Biker Life Clothing,,,"It's still wearable, and comfortable

Husband loves his shirt and it fits to size

Very good quality."
B01F7AZ97Q,"Ularmo Women's Printed High Waist Fitness Yoga Stretch Cropped Sport Pants (L, Multicolor7)",Ularmo,,,"These are sooooo awesome! They live up to the rave reviews of others. High quality, comfortable and super soft. Most importantly, when the material stretches, as in on your butt when you bend over, your skin doesn't show. I never wear leggings because of this, and I highly scrutinized these before wearing them in public. But I must say, they pass the test. Also, the busy prints on these totally disguise the 'V' that not all women want to show off. I'm so stoked, I now wear leggings in public. They're great for the gym too, or whatever you're doing. And I've had many compliments on them. Lastly, I wear a size 12, and the L/XL fits perfect. These are fantastic for the money, and make an awesome gift for you or a friend. Remember, these come from China, so shipping isn't super fast, but it's very reasonable in speed, based on where they're coming from. Your patience will be rewarded! :) Enjoy! I already ordered 2 more pairs!"
B01B4RWOB0,"Dr.anison Mens Cotton Classics Dress & Trouser Socks 4 Pack (Crew Dress, Black)",DR.ANISON,,,"<div id=""video-block-R1Z0E2ICOGI5A3"" class=""a-section a-spacing-small a-spacing-top-mini video-block""></div><input type=""hidden"" name="""" value=""https://images-na.ssl-images-amazon.com/images/I/D1kVr05Q08S.mp4"" class=""video-url""><input type=""hidden"" name="""" value=""https://images-na.ssl-images-amazon.com/images/I/61T%2BBoRLCLS.png"" class=""video-slate-img-url"">&nbsp;&nbsp;Fanfreakintastic 4 pair of socks! Im a bit jealous that these socks are for my husband. I do wear dress socks during the week for work and Ill be checking to see if they have dress socks for women. I liked them that much! What I liked: My husband wears a size 14 shoe. These socks fit him perfectly and comfortably. They are probably the best made dress socks Ive ever bought for my husband. I cant see toes coming through the end with a little wear. I was floored just how thick they are. Not only are they thick, they're also very soft. We bought and received the black set. You get 4 pairs of socks, each with a different design. The designs are classy and masculine at the same time. What I did not like: Again, I didn't like that these weren't for me! LOL I am going to go back through Amazon to see if 1) these come in different colors (like blue) for mens dress socks and 2) to see if they have a product line for women. I received these socks at a small discount for my evaluation of the socks and an honest review. I have absolutely no type of relationship with the seller or the manufacturer. I am not obligated to give a certain amount of stars. That being said, I do recommend these socks and I will be searching for more.

The socks are nice and the designs are very subtle and not too flashy. It came in a nice box, but since they are a little thicker than other dress socks, they were bursting out of the box that they were in. The fit is nice and the feeling is pretty good. They feel like they are good quality socks and should last a while. Overall, this is a great little set of socks and definitely better in terms of quality and looks than others that I have owned in the past. This product was provided at a discounted price in exchange for my honest review.

PROS: - These socks are nice dress socks, ideal for work. They are a deep black color and the designs look sober enough. - They are made of 85% cotton fiber according to the product description. I always prefer cotton textile products over synthetic. - The socks are not too thin. They seem to be of decent quality. - The packaging was nice. The four pairs were rolled up and arranged in a little box - nothing fancy but a nice touch. CONS: - The cuffs are too tight. Even I find them too tight and I really do not have big calves. They might stretch after a while though. - They are supposed to fit men's shoe sizes 6-12 but it would be better if there were different size options available in my opinion (maybe 6-8, 8-10, 10-12). ***I PURCHASED THIS PRODUCT AT A DISCOUNT IN EXCHANGE FOR MY HONEST AND UNBIASED REVIEW***

Real men shouldn't be so excited over dress socks but ill do what i want. I love these socks. I have about a dozen dress socks which i probably could only make 2 pair out of currently. At this price for a set of 4 is a steal. I love you have a variety of patterns and styles compared to just a standard set color. As far as fitting goes i wear a size 12 and it was perfect. The %5 spandex allows for the perfect amount of stretch to make sure it stays up. I have only good things to say about Dr. Anisons socks, I love all 4 pairs that i have. I received this at a discount in exchange for an honest review. I would easily recommend this to anyone who asked.

This is a nice, classy set of socks. They arrived in a gift box style package, with the socks placed inside of it in nice, neat rolls. The fabric is a cotton blended fabric that is soft and smooth, and comfortable to wear. The sock designs are fairly conservative, so they are really able to go with many things without clashing. They are very well sewn, and the"
B01GOY7XSC,"Boymom Outnumbered Pink Unisex Raglan - Apparel for Moms With Boys- Gift for Moms,XL",Boymom,,,"Wife loved it. Very comfortable but does run smaller than advertised. No problems though, was expected."
B01DBQN7RC,"OURS Men's Lightweight Long Satin Bathrobe Lounge Robe with Belt (XL, Navy Blue)",OURS,,,Was a gift. Perfect
B00U7A5JDQ,Sexy Backless Long Sleeve Black Cotton Blend Women Party Tops Blouses Shirt,QIYUN.Z,,,"I wear an extra large in American sizes & my daughter wears xs-s, it barely fit her & I ordered it a few sizes up!!"
B00G42D5SW,Ralph Lauren Denim and Supply Camouflage Field Jacket (S),Polo Ralph Lauren,,,Very nice jacket
B013H46IK6,VANS Unisex Era 59 Skate Shoes,Vans,,$29.99 - $131.47,These are good looking shoes and I have found Vans to be very durable.
B00KVN1D98,Elegant Long Gown,AmeriMark,,,Comfortable and elegant
B017NNHX2Y,"Maikun H Letter Gold Buckle Black Leather Belt 125cm for Waist Size 38-40""",Maikun,,,"Just as described already got compliments on it. Thank you

Awesome ! Highly recommend

Amazing belt looks like the real thing

The belt was thinner than I expected but it looks fine.

Came in faster than expected its affordable & nice you cant go wrong

Came faster than i expected. A lil to long but,fo da $.. Why complain!

I like very good product I recommend

Fast Shipping and also the seller would respond fast to the messages and I like the belt it looks very nice I recommend people to buy this

I love my belt!!!

Great quality for the price. Shipped super fast!

purchased for my son.. he is happy with the belt.

Good belt

love it"
B01EWS084S,Womens Loose Chinese Wind Embroidered Fake Two Piece Split Long Linen Dress,Sophia17,,,"Returned it but was a high quality garment

RUNS SMALL"
B00Y3XZHXU,"LAUREN Ralph Lauren Women's Classics 1"" Embossed Leather w/Double Metal Keeper, Black, MD",Lauren by Ralph Lauren,,,"Super cute and fit as expected, great quality"
B01EVLHA74,VIKITA 2017 New Kid Girl Embroidery Cotton Dress Long Sleeve LH6241PINK 7-8 Years,VIKITA,,,Very nice quality
B01B2MCPRA,Dasior Convertible Heavy-Fleece Balaclava Outdoor Sports Mask Windproof Hood Black,Dasior,,,Great product if you have a tiny head. The hoodie part is so small I can't pull it back comfortably.
B00WEQVLOW,Milani Women's Packable & Versatile Large Brim Summer Bucket Hat (One Size) - Olive,Milani,,$10.93,"Thick fabric- will last- but too big

LOVE IT

Awesome hat! Wear it everyday. I bought a floppy hat around the same time. This one gets worn so much more because of visibility and ease of storing in my purse. Cute style and color (olive green) fits well with most my wardrobe.

I absolutely love the hat. It fits great and I will be ordering another one or two more.

Color is not good

I like this hat. Maybe I have a big head, but it seems a tad tight."
B01FQRZ3KS,Kashani Women's Fashion Backless Tight High Waist Fitness Rompers Platsuits L,Kashani,,$15.99,"Actually bought these to wear under some dresses, because they're cotton and will help with those hot days when your spanx are too hot. They aren't for ""holding me in"", yet for those thigh problems...if you know what I mean. So far so good!"
B0117NI4VA,Attractive Angel Wings Shape Hot Fashion Jewelry Pendant Rhinestone Bib Temperament Necklace Womens,,,,"I purchased this in honor of my dad. I get lots of compliments.

This is such a beautiful piece, looks so much better in person than online! I've worn it many times and gotten several compliments about it. Very unique piece. Extremely glad I purchased it!

Beautiful necklace, even prettier in person.

Absolutely beautiful. Just like the picture. Thank you!!!!

Has anyone ordered this? And if so, has it tarnished, etc.? I want to give as a gift and would be embarrassed if its quality was poor."
B01D1MLZ7K,GAMT Large Size 8mm 316 Titanium Steel Jesus Cross Letter Bible Wedding Band Ring For Men Women Jewelry Gold 7,,,,"It is a very beautiful ring!!! It fit perfectly, and it arrived even sooner than the projected date!!! Thanks."
B015KY0WF8,"Girl Era Mens Fashion Filigree Dragon Personalized Bracelets Cool Gold Plated Bracelet,8.66'",,,,horrible color. never saw a color like this.
B00O15LH2U,"CafePress - Girls Weekend - Natural Canvas Tote Bag, Cloth Shopping Bag",CafePress,,$15.95,"Cute, but the print is very light. If it was darker, I would've liked it alot better!

Super cute gift for friends before we head out for a long weekend!"
B000PQJAY6,Large Peak New Flower Clip On Visor-Lilac,MG,,,"Great visor, very comfortable, excellent seller, fast shipping, small price, big shade for any hot sunny days. I bought a few of these large peak visors, will make excellent gifts too!"
B01AW8VUUS,TESOON Mothers Essential Breast Feeding Clothing Maternity Nursing Bra Tank Top Camisoles,TESOON,,,"Nice quality but runs a little small

Very short compare to others, and I even ordered up a size. Also it has removable pads that always need readjusted."
B0061FI2BC,Girls Navy Blue Knee High Socks,FineBrandShop,,,"Great fit.

This item neither looks like above picture nor is ""one size"". Would be cautious when ordering.

They are soft, but they don't fall down; they are the perfect shade of navy blue; they match most of my clothes very well"
B015TXDLB2,Crazy Women's Casual Knitted Sweatshirt Pullover Long Blouse Dress,Crazy,,,"Buyers beware, this product is nothing like the photos! Not only is the material really cheap looking, but there is absolutely no way that the sleeves will reach down, as in the photo, for your thumbs to hook into the holes there. The sleeves are very short, even with the shirt pull down my shoulders, as shown in the photo, I cannot do this! The shirt fits my body though, so that's not the problem. Also there is a piece of hem sticking out the front of the collar that I cannot get rid of without completely unraveling the shirt. Can't wear this, cheap!

less than good, very thin, very very small even though I ordered size that was recommended."
