{
  "implementation": "trummer_heterogen_v2_cascade",
  "mode": "llm",
  "model": "ollama/gemma3:270m->ollama/gemma3:1b",
  "cheap_model": "ollama/gemma3:270m",
  "expensive_model": "ollama/gemma3:1b",
  "input_movies": 50,
  "input_reviews": 50,
  "candidate_pairs": 50,
  "cheap_calls": 50,
  "cheap_failures": 0,
  "cheap_early_accepts": 0,
  "cheap_early_rejects": 0,
  "calibration_candidates": 20,
  "calibration_expensive_calls": 3,
  "calibration_expensive_accepts": 10,
  "calibration_agreement": 0.5,
  "learned_confidence_threshold": null,
  "routing_confidence_threshold": null,
  "manual_confidence_threshold": null,
  "expensive_candidates": 50,
  "expensive_calls": 10,
  "fallback_expensive_calls": 7,
  "expensive_failures": 0,
  "expensive_accepts": 25,
  "cheap_seconds": 13.915362168103456,
  "expensive_seconds": 9.413020915933885,
  "cheap_time_percent": 59.649921376784874,
  "expensive_time_percent": 40.350078623215126,
  "elapsed_seconds": 23.334463375038467,
  "cpu_seconds": 0.12115999999999999,
  "engine_seconds": 23.33538333303295,
  "wall_seconds": 23.33538333303295,
  "llm_calls": 60,
  "block_join_calls": 0,
  "planned_cheap_calls": 50,
  "planned_expensive_calls": 10,
  "final_answer_rows": 25,
  "found_movie_ids": [
    "tt0085178",
    "tt0114057",
    "tt0117894",
    "tt0118882",
    "tt0120171",
    "tt0120247",
    "tt0120623",
    "tt0120706",
    "tt0120848",
    "tt0125211",
    "tt0125454",
    "tt0138987",
    "tt0145679",
    "tt0149151",
    "tt0169164",
    "tt0184424",
    "tt0215174",
    "tt0218619",
    "tt0284058",
    "tt0334541",
    "tt0410162",
    "tt0417148",
    "tt0462570",
    "tt0479500",
    "tt0801427"
  ]
}
