version,wall_seconds,llm_calls,cheap_calls,expensive_calls,final_answer_rows,precision,recall,f1
Block join cheap,11.839982712006366,14.0,14.0,0.0,3.0,0.6666666666666666,0.1538461538461538,0.25
Block join expensive,23.998919568183325,14.0,0.0,14.0,5.0,0.4,0.1538461538461538,0.2222222222222222
Row-wise cascade,33.556555060616866,60.0,50.0,10.0,40.0,0.325,1.0,0.4905660377358491
Batch-wise cascade,37.65155347337184,10.0,7.0,3.0,36.0,0.3333333333333333,0.9230769230769232,0.489795918367347
