repetition,implementation,mode,model,wall_seconds,engine_seconds,cpu_seconds,llm_calls,cheap_calls,expensive_calls,final_answer_rows,true_positives,false_positives,false_negatives,precision,recall,f1
1,trummer_heterogen_v2_cascade,llm,ollama/qwen3:0.6b->ollama/qwen3:1.7b,20.895207292051055,20.895207292051055,0.120266,50,50,0,50,13.0,37.0,0.0,0.26,1.0,0.41269841269841273
2,trummer_heterogen_v2_cascade,llm,ollama/qwen3:0.6b->ollama/qwen3:1.7b,12.649537957971916,12.649537957971916,0.110446,50,50,0,50,13.0,37.0,0.0,0.26,1.0,0.41269841269841273
3,trummer_heterogen_v2_cascade,llm,ollama/qwen3:0.6b->ollama/qwen3:1.7b,11.771777542075142,11.771777542075142,0.108888,50,50,0,50,13.0,37.0,0.0,0.26,1.0,0.41269841269841273
4,trummer_heterogen_v2_cascade,llm,ollama/qwen3:0.6b->ollama/qwen3:1.7b,11.524866249994375,11.524866249994375,0.100684,50,50,0,50,13.0,37.0,0.0,0.26,1.0,0.41269841269841273
5,trummer_heterogen_v2_cascade,llm,ollama/qwen3:0.6b->ollama/qwen3:1.7b,11.660682167042978,11.660682167042978,0.09280299999999998,50,50,0,50,13.0,37.0,0.0,0.26,1.0,0.41269841269841273
6,trummer_heterogen_v2_cascade,llm,ollama/qwen3:0.6b->ollama/qwen3:1.7b,11.536381916026585,11.536381916026585,0.10980499999999999,50,50,0,50,13.0,37.0,0.0,0.26,1.0,0.41269841269841273
7,trummer_heterogen_v2_cascade,llm,ollama/qwen3:0.6b->ollama/qwen3:1.7b,11.586773333954625,11.586773333954625,0.104093,50,50,0,50,13.0,37.0,0.0,0.26,1.0,0.41269841269841273
8,trummer_heterogen_v2_cascade,llm,ollama/qwen3:0.6b->ollama/qwen3:1.7b,11.404476124909706,11.404476124909706,0.107767,50,50,0,50,13.0,37.0,0.0,0.26,1.0,0.41269841269841273
9,trummer_heterogen_v2_cascade,llm,ollama/qwen3:0.6b->ollama/qwen3:1.7b,11.440442708088085,11.440442708088085,0.10111499999999998,50,50,0,50,13.0,37.0,0.0,0.26,1.0,0.41269841269841273
