product_id,title,brand,category,price,review
B00MQNOS5M,FORAR Women's Original Long Fur Trim Thicken Down Jacket Hooded Parka Beige S,FORAR,,,I bought this coat for 24-year old daughter who wears an American size 2. I wanted her to get a size Medium but she wanted a Small since she usually wears an Extra Small. Well you should always listen to your mother.... We had to send the coat back and exchange for a Medium. I dreaded this since it came from China but the customer service was great. We exchanged emails and I actually mailed the coat to New York. Once I sent them the tracking number they shipped a new coat from China. If you have bigger arms this coat will not work for you but the medium fit my daughter fine with room for a sweater. The fur you see around the collar goes down the front like a warm scarf and is Mongolian sheep so no animal was killed just given a haircut. All in all a beautiful coat and great customer service.... a pleasant experience!
B00MPFCBM8,"Mrignt Men's Thick Crew Neck Knit Cardigan Sweater Jacket(Gray,US XS)",Mrignt,,,"I love this cardigan. It is stylish and keeps you very warm. I had a button fall off already, but that was an easy fix. Definitely got my money's worth."
B00PAMS63G,"Cloudy Arch Women's Winter Coats Hoodies Wool Blend Jackets Oversize ZI277(As Picture,3X)",Cloudy Arch Women,,,"The material is a bit differnt than expected, but will do.

Beautifully made.

Nicely made. Stylish and warm.

Horrible experience, Will never purchase another thing from this suplier."
B019XIFJBO,"Bluewolfsea Womens Plain Hoodie Zip Top Zipper Sweatshirt Jacket Coat(Green, M)",Bluewolfsea,,,"The medium size fit me well. It also looks good and it feels good too. The only problem is the part that goes around the waist tends to curl up which does not look good and is annoying.

Color is nice, warm weight, but daughter finally decided not for her. She needed a small for the torso to fit well (smallest available was medium) but sleeves would probably be too short in a small. She will exchange for a different top."
B00PBVVF8E,Mrignt Men's Casual Oversize Denim Detachable Hooded Jacket(US XL (Asia 4XL),Mrignt,,,"This jacket is really great. The look has a nice modern feel to it but it also has a classic look. The denim part of the jacket feels like a nice quality. The stitching seems strong, so this jacket should last for a long time. The jacket fits as expected. Overall, this is a great quality jacket. Please note, I received this product at a discounted rate in exchange for a review

Run true to size fit really well

The item was as expected, and looks really good. I've been looking for a casual jacket to wear to school and when going out with friends, and I think this is the one. I would recommend buy a size up then your regular size. The quality looks very nice, and the jean in it looks amazing. I received a discounted product in exchange for an honest review. I have to give this item 5 stars and here is why: 1. Fast shipping. 2. Well made and looks great in person. 3. Good price. If you are planning to buy this jacket, have someone measure and take notes: 1. Chest. Around whole body. 2. Arm length. From shoulder to wrist. 3. Shoulders. From should to shoulder across. 4. Waist. All the way around. *I received this product at a discount for an honest review.

perfect... its my favorite now

I have to give this item 5 stars and here is why: 1. Fast shipping (12 days to California). 2. Well made and looks great in person. 3. Good price. If you are planning to buy this jacket, have someone measure and take notes: 1. Chest. Around whole body. 2. Arm length. From shoulder to wrist. 3. Shoulders. From should to shoulder across. 4. Waist. All the way around. Next, take this information and order the size that falls within these parameters. I ordered the large and it fit perfect! The only negative point was the buttons on the front rattle, making noise. No big deal though.

Definitely order two to three sizes larger than what you normally wear.

Cool looking jacket just wished it fit. I Ordered an ""ASIA 4XL"" which is stated as an ""US XL"" and in my opinion fits like a medium, could not make it work. I am 6'0"" 180 athletic build.

This jacket is very nice and comfortable. But if you are 6'2 like me, don't order this. It's to short. And very big on the sides.

Its small than expected

So I read all the reviews and ordered a size up. I normally wear a large in men's, so I ordered a US XL in this denim jacket (the Asian equivalent of a 4XL) . I love this jacket and the length of the sleeves are perfect, but I will say that it's still a little tighter than what I was expecting so I will have to keep it unbuttoned all the time. I would say this definitely runs 2 sizes too small, so keep that in mind. The hood detaches with little black buttons which kind of stick out on the light gray fabric. White buttons would have looked much better, but no biggie. Overall, this is a great denim jacket for a great price -- but I would say order 2 US sizes up from the one you actually wear if you want to layer this over something and still be able to button it closed comfortably.

was a christmas present for my uncle and he loves loves loves it!

So pissed just got it in the mail it's supposed to be a 4XL but it's really an 1XL..Was buying this for someone for Christmas thanks for nothing.

Only confusing factor (which they do explain) is the sizing. Just know that if you wear a large get an xl and expect the tag to say 4xl lol but its still very nice

I ordered this for my husband according to his measurements. We ordered an XL and unfortunately it's just a little bit too snug. He can wear it open but it's a little uncomfortable when it's buttoned up. He's very broaden the shoulders and chest so it may just be his body shape. For an average or more narrow-bodied man it should be fine. The denim is thick but I think the sleeves and hood could be a little thicker for warmth. It's well-made and it looks really nice and fashionable when it's worn. Very happy with it! I received this product at a discount in exchange for my honest review.

My fiance was looking for"
B015XTF5U2,"Bluetime Women's Packable Hooded Raincoat Windbreaker Long Jacket Trench Rainwear Coat (XXL, Black)",BLUETIME,,,"This coat was super small!!! I got an XXL due to it saying it runs small. It was like for a thin child! The material was also very cheap, plastic like. Not worth it at all!!!!!!

Not good quality and they didn't include hood!

The extra large is small thus I am returning! Poor quality & disappointed!

<div id=""video-block-R72GSNQRG1ZQC"" class=""a-section a-spacing-small a-spacing-top-mini video-block""></div><input type=""hidden"" name="""" value=""https://images-na.ssl-images-amazon.com/images/I/C1mMRPQSPaS.mp4"" class=""video-url""><input type=""hidden"" name="""" value=""https://images-na.ssl-images-amazon.com/images/I/91RWoHm9cuS.png"" class=""video-slate-img-url"">&nbsp;This is a light nylon raincoat. It is waterproof (see water test in my video). This raincoat is not warm but it works very well to protect from rain. The tricky part is to get the size right. Asian sizes are different from American sizes (typically two sizes smaller) and not all sellers make it clear if the drop down list with sizes shows American or Asian sizes. Do not use the link to the chart size at the top of the listing. The seller included Sizing table in the product description. When I measured my raincoat with the measuring tape and compared it to the size chart they were accurate within one inch and my raincoat is a good fit. The raincoat includes a detachable hood and belt. The raincoat closes with large buttons and the hood is attached by 4 small buttons. This raincoat is provided to me by Bluetime to test the product and fit as part of a new product introduction. Ali Julia review

Way, way, way too small!

I returned this product.

Like the fact that it's light but a bit on the small size should of gone a size up?

I got a medium size and it fit as expected. I would recommend this to anyone . Material is very nice and it looks very stylish on.. I love it!

Thin didn't hold water off for very long

some what small, good quality,use it all the time.

VERY CHEAP-LOOKING.

It was small but I used it for a hike in the rain and got soaked through! Not waterproof at all. I am returning it.

Xxl is a closer fit for my 10 yr old 45lb daughter!

I LIKE THE WAY IT LOOKS ON ME WISH IT WAS A LITTLE THICKER BUT I WILL BUY ANOTHER AFTER MY NEW ONE HAD IT'S USE.

Ordered the XXL, and it fits my tiny size small roommate perfectly. Flimsy and cheap. Don't bother."
B019RX3WLE,Canada Weather Gear Goose Women's Heavy Parka Down Jacket Blk Size 3XL,CANADA WEATHER GEAR,,,"love, love, love this coat! It is super warm & was a reasonable price. I liked it so much that I am purchasing one another one for my son. It fits a little snug on the shoulders. I would recommend going one size up from what you would normally wear so you can be comfortable.

The coat was extremely bulky

Best"
B015FOT7SG,Meaneor Women's Zip Up Winter Lightweight Outwear Light Down Coat Hooded Jacket Navy Blue,Meaneor,,,"I was very excited for this product but when it came in I quickly saw it was cheep material and way too small I got a large and it looks like a medium. I will not buy from this company again

Way too small. Extra large is more like a small.

sizing is way off-- I order XXL I wear a medium/large -TOO small--I gave it to my daughter- My nine year old fits it perfectly and she wears a girls sz 14..Nice jacket if the sizing was correct

The jacket is very comfy and warm and the lining is very nice as well, however the zipper is very cheap made. It often opens up from the bottom while being zipped and I do afraid to damage it after few more times of forced opening this jacket. UPDATE: I am decreasing 3 stars to 2, because the lining has ripped off after just couple of weeks of wearing. When I tried to fixed it, I found that the insulation of this jacket is NOT DOWN, it is regular polyester. Nevertheless the jacket is really warm, so it is not a big issue for me, but however worth of noting.

This was really cute - fit around the body but the arms were way too tight! I am a little disappointed. Also the quality was t too great. The lining was coming off a little where the tag is.

too small

like a lot!!!

I order my size that is a 2x only because they said it fits 100 percent its a cute jacket but its cut small plus its cut extra small under the arms of this jacket

This jacket looks nothing like the photo. In the photo it is very shapely but in reality, it is so weirdly constructed. It is very tight under the arms and then the rest of the jacket is big and puffy and longer. And the oddest thing: it has a cheap flimsy,exposed elastic going all around the bottom. What the heck! Going straight to Good Will!

Gave it to a small teenager. Asian sizes are way off for Americans. Would not recommend because it's also too difficult to return items and it takes an enormous amount time to receive items.

It is huge and shapeless

It's beautiful but it was too big.. So I can't use it

Too large

Just fine but a bit big.

This is VERY comfortable and warm. It is not cheap at all, and is very fashionable (not bulky or too puffy). It is a tiny bit small but not too small in my opinion. I ordered a large and it fit well. I have large arms and a large chest. It zips all the way up and is not too short. The hood is also big, which is a plus!

It is too large, and it looks so cheap. and I want to return it but nobody answer me.

This item seems to run a little small for the size it is suppose to be.

Quality not good

The only thing nice and this jacket I the color. The jacket fits way too big! And when I tried to return it the merchant gave me a really hard time! I wouldn't waste my time

zipper broke second day owning it

I wish it didn't have rubber in the sleeve and around the waist. Otherwise, the jacket is a great fit.

I gave it a one star because it was super beyond huge!!!! It does keep you warm, but doesn't look pretty when it's so big

Zipper is easy to took out when I do zip up.

Love it

too large and bulky

Way too small. I'm 5' 3"" 120 lbs and the large was too small. Cute coat though so I gave it to a skinny 15 year old

It stretches and runs big

It's great value for money, but somewhat smaller than expected. I ordered a L and its just right and almost tight for me. I normally order M.

nice coat fit true to size but the arms were tight on me

It's very good

Really nice quality coat. The only problem I have with it is that it's bigger than I'd hoped. I'm a medium everything and medium size is actually really big on me.

This size is not Small. I bought one size bigger than my size, because someone was review too small. So now little too big for me. But inside fabric of arm is little tight for normal size. Overall stitch good, very light weight, is warm and great price! I'm happy :)

I saw a review said it is too small, so I order a L size. I am 5'5"" tall, 114 Lb. I normally ware size 4. However, It turns out L is too large, bigger t"
B016DB721E,MNBS Men's Stand Collar Double Breasted Wool Jacket Overcoat Winter Large Grey,MNBS,,,Beautiful coat not as warm as expected but comfortable! A little bigger than expected the color scheme was great have received a lot of complaints on it! Very happy with it all in all
B019491I8A,Rising International Inc Women's Earthtone Flower Lined Jacket M,Rising International,,,"It's a very unique design and is like wearing art. My mom gets many compliments. It is more of a close fit, than one expects from a hoodie. It does not add a lot of bulk and fits her figure. Mom is 5' 8"" and wears size 8 or 10. She is busty but its fine. .She got the medium and It looks good on. I like my hoodies roomier and don't care if it adds bulk or makes me look a bit bigger, I probably would get the size up.

Jacket was just as described and I love that it has a light liner for warmth. I have other jackets from Rising International that are not lined, and they are truly just for a shirt style cover and not added warmth. Nice product for the price."
B00U1S2KLI,"Trail Crest Women's Semi-Fitted Full Zip Camo Jacket W/Magnet, 2X, Pink Camo",,,,"Sent back to small

I absolutely LOVE this jacket. I honestly didn't expect it to fit me as well as it did. And I didn't expect it to be as warm as it is. It is light weight but the warmest jacket I have ever had. I would ABSOLUTELY recommend this product!

Fast shipping and perfect!"
B00ADH9PWO,PattyBoutik Women's Collar Zip Up Front Light Jacket (Black XL),,,,"I'm a big fan of PattyBoutik. I do love the length and stretch of this jacket, however, as others have commented, the zippers on the sleeves are just awkward. Don't get me wrong, I still wear it, but I do not like that feature. I've actually hurt myself with them :) they are right under your wrists, and big and bulky. And, if you plan on wearing inside, as I do, working at a computer/typing with big zippers on your wrists is not fun.

This is made very well and looks great on!

My height is 182cm, sleeves are 3-5cm longer than enough, this collar for not very thin person, but it's very comfortable, like second skin. Recommend!!

i really loved this jacket/(knit)sweater...have to say my favorite jacket/(knit) sweater now..very warm..made excellent...love the material..feel this will last a hundred years..my first PattyBoutik purchase..i was impressed at the quality

I love this sweat shirt. It is super stylish, but runs small. I would suggest ordering two above your normal size.

Snug but great quality and style.

I am so happy i decided to order this! i love it and wear it everyday! I will be ordering more from this seller as soon as i decide on what i want! The material is excellent i have had so many compliments on this jacket and i have had it a little over a week now!"
B00GGFMXVC,Cocobla Women's Coat Zip Hoodie Drawstring Trench Jacket (S),Cocobla,,,"Buy this jacket the color and size S, Flooring be between size M and S, but the S is perfect. It is a very beautiful color. Very happy with purchase. Venezuela.

Love it. Looks great! Fits great. Material is thin, very much a spring or early fall jacket. Great for layering.

This is a great layer for warmer weather (think spring/fall). It fits great, a little loose, which is what I wanted, perfect for wearing a hoodie under.

my daughter wanted this jacket. She loves it. She wears it almost everyday. This one is definitely a keeper and its good quality cotton too.

It a nice jacket

I'm skeptical on online orders but i took a chance on this jacket in a small and i love it! I'm 5'3 so a small fit great, wish the sleeves were half an inch longer but it still looks great with layers and long sleeved shirts

Nice quality. Way too large (ordered a medium because I was told that the sizes run small) and it would cost more to return or exchange it. I had to give it away :(

Fits just like I thought it would! Draw strings are a little long, but I can cut those.

Love this coat! It is really light and works great as a layering piece. I ordered my usual size, a small, and it was perfect.

It took over three weeks to arrive. The fabric is cheap and has a strong chemical smell. The hood is attached by 3 flimsy snaps. If shipping back to China wasn't so expensive I would have returned it.

I love this jacket so much! It came in literally a week after I ordered it and when I opened the package, it was everything as I expected! I ordered a size small and it fits perfectly! The jacket is exactly like the picture too. The style is so cute, I will definitely by this again!

The coat came much sooner than I thought - about 3 weeks after I ordered it. I'm in Wisconsin, so it's still kind of chilly here in May and this coat works nicely for cool evenings. The only snag with this coat was when I first tried it on and attempted to pull the strings at the bottom (which seem unnecessarily long). I ended up breaking off of one the strings, so had to tie the other one up so I wouldn't have this long string dangling by my leg. I'm considering yanking the other one off because it doesn't really serve any purpose other than to cinch the bottom of the coat. I think it works fine without the strings. So yes, it's a little cheaply made, but I'm happy with the purchase.

I didn't like it so I gave it to my gmom and she loves it. It didn't look or fit like I wanted it to.

Im a small in woman's jacket, this does runs just a bit too big but that's the style right? A bit loosely? It certainly does the job and I look great! I put it in the wash when I got it and the strings came off and became tangled. Make sure it's tied tight before a wash. Other than that it's great! Came in fast from china, I believe it took me 2 and a Half weeks for it's delivery, and it's cheap compare to forever and h&m. The quality is decent for the price.

I absolutely love this!!! The only thing is... It's way too large. I asked if I could exchange it for a smaller size, but unfortunately shipping costs are expensive... Based on all the reviews, I ordered a L. I am normally a S/M. The large is super super big on me. I suggest you order it in your size because is true to size! I am definitely going to order another one once I am able to sell the large.

great product

Love it! Wear it almost daily!

Love this coat.

she love it !!!

The coat was a bit bigger than I thought it would be. The coat is really thin, but it looks nice.

Thinner than I expected - doesn't really keep me warm, but it looks great on!

Somewhat large, but it was expected. I really like it! Doesn't exactly keep you warm but its super cute! At first I thought it was TOO large but i adjusted the draw strings around the waist and now its perfect! It is a tad bit long (mid thigh length).

My daughter loved it --it was nicer than the ones that they were selling in local stores !!!

This is a great jacket!! It is very cute,"
B00NPH8NFO,Columbia Mens Mt. Village Softshell Jacket-Steel Blue-2XL,,,,Its pretty decent quality. Keeps me warm and looks pretty sharp. I really like it. Good for a mid jacket when its a bit chilly but not full on freezing yet for the full size coat.
B00S4YRU02,"Naketano Women´s Zipped Jacket Family Biz III (XL, Berry Melange)",Naketano,,,"Fit is a bit snug, but it is the best hood a girl could dream of.

absolutely love this hoodie! beautiful color and I love the side zip. fits great! so warm and heavy!

This is amazing! Super soft exceptional quality and fit exactly to the size chart! I read reviews and all said fits small. Wrong!! The size chart put me in between L and XL. Since reviews said fits small I went with XL and wish it was L. The picture shows I have a ton of room as I was pinching the side to show this. I will keep it for a relax look but I like these type of sweatshirts more form fitted as it does has natural curves in the actual garment. I am 5'5, thick athletic, muscle arms thick, and weight 178lbs. The picture is the XL. The fit like my Lululemon sweatshirt which I wear a L.

Love it but it does run pretty small. I like my sweatshirts and hoodies looser. I normally wear a large but bought an xlarge like my previous Naketano purchases. Still would have liked it a little more roomy but it will work! Love this brand bc it's so cozy and cute."
B00T534LUS,"TL Women's Militray Anorak Parka Hoodie jackets with Drawstring (Small, L29023J_KHAKI)",TOP LEGGING,,,"Absolutely love the jacket it's a perfect light weight jacket. Good quality and love the way it looks. Arrived super quick in just 2 days!! The only thing is I wished it come in XS I ordered a S and it's a little big and long. I'm 5'1"" so I'm pretty short and thin but still loved the jacket"
B013JAOEN6,"ViiViiKay Womens Cotton Anorak Lightweight Utility Parka Jackets with Drawstring (SMALL, VKJ05_OLIVE)",ViiViiKay,,,"Great buy! Perfect fit and price.

I love this jacket! It's very thin, but perfect for wearing over anything. True to size if not a bit on the larger side. I am 5'4 115 got a small and it has the perfect amount of room to layer over bulkier items or looser by itself. The drawstrings help to pull it in a bit too!"
B0166IE1OK,"Remedios Faux Fur Wedding Jacket/Coat Evening Party Wrap Ivory Short Sleeves, M",Topwedding,,,"I love it!!! It is absolutely perfect for a Marilyn Monroe costume I wanted to wear to the office. (so its covering me up some). Its soft and fits well. Im 55, 34A. 123 ish lbs. perfect!

very cute but shed alot"
B01461C4IE,"Bluetime Women's Casual Long Sleeve Faux Fur Lapel Double-Breasted Thick Wool Coat Overcoat Jacket Trench Outwear, Red, Medium",BLUETIME,,,"I bought this for a Christmas party and received a lot of compliments!!!

Took two months to arrive and then when I got it there was no way it was made for an adult body. I'm petite and still couldn't wear it. Gave it to my 11 year old who is in the 5% for height and weight and it fit her.

It's was right every where but the chest. If you have breasts think about going big. Also, they say easy return but you have to pay the shipping. So shipping to China is almost as much as the coat. Is is a pretty coat but kinda felt feeling.

The buttons don't fit through the holes

it is a little snug, because of my bust, but other than that it is lovely, good quality and well designed.

Does not look like it does in the pictures in real life completely different buttons.

This coat is gorgeous, but didn't fit in the arms. I am like an ape with super long arms, so I didn't know what to expect. The sizing chart is a bit confusing as well.

Let me start off by saying this does not fit correctly in any way. The arms are too short, and the torso is too wide. And I'm not saying its too small, but that it is so disproportionate to an actual person. I ordered medium since I'm a small. Sleves almost to my elbows. When buttoned loose fabric about 4 inches on both sides at the torso. Was as if it was made for someone overweight with very short arms. Very disappointed"
B015ZN2OL4,Lingswallow Women's Winter Warm Classic Hood Wool Bomber Jacket Parka Coat Brown,Lingswallow,,,"This is the worst thing I have ever gotten on the internet. I had a feeling it was coming from China and may look a little different but the jacket is as wide as it should be long so you would need to be a marshmallow person to actually fit into it with a tiny torso. Also looks completely different than the picture. I mean it's about the same color but those buttons? Those ""patches""? All fake and superficial looking. Think of the quality of a Halloween costume you get in a bag at a party store. That's how bad it was. Not even worth the effort/money to even try to get a refund or anything. I always hear horror stories about people trying so I won't even bother. I just wanted to leave this here to warn future buyers. Also never trust a seller who has NO reviews but a ton of inventory. Chances are they get terrible reviews all of the time and then close their shops and open new ones with the same products."
B00N4VP84U,Etosell Vintage Women's Slim Biker Motorcycle PU Leather Zipper Jacket Punk Rock,Etosell,,,"Cheap material, was not happy. Tried to return, but the service was terrible.

It is a really cute jacket, but this is definitely not sized for adults. I can put it on but than my arms are like a wine opener and don't go down very far. I wish it fit because it's super cute.

bought it for myself - size large- but too small and I wear a size Medium - so I gifted it to my daughter who wears a small - she loves it

Unfortunately, the item was way too small. Material not as described either. I tried to return with the expectations that I would get a refund. But, my experience is that they would like me to keep the way too small of an item for a partial refund. If I elect to return it, it will be at my expense. Not very happy!!!"
B01701DADU,Lega Winter Warm Lightweight Down Jackets Blue M,Lega Mens,,,This coat is not down and is not lightweight. It is very puffy and is polyester fill. It has tight fitting elastic cuffs and big plastic zippers on the pockets and front that do not glide easily.
B00LMB66ZO,"Ladies 3/4 Fitted Leather Coat High Fashion Leather Jacket 1310 Black Red Tan (MEDIUM, Tan)",House of Leather,,,"Absolutely perfect seller!! Shipping was spot on, expedient and just in time for the holidays. Communication regarding sizes and measurements...flawless. The jacket is GORGEOUS!! The quality of the leather is designed and everything I imagined it to be. I will be looking for this vendor down the road for future purchases.

I love this jacket but it does run small."
B00ILTI7VQ,"Jessica London Women's Plus Size 2-Piece Jacket Dress White,20",,,,"The Dress was what I had hoped for. Only complaint is I am 5'3"" tall, so unless where I am shopping has PETITE, everything I purchase has to be altered. Otherwise very happy with my purchase & service."
B017R3HRYE,"Halife Women's Winter Wool Coat Jacket Double-Breasted Long Trench Coat with Belt (XL, Pink)",Halife,,,"The fabric is so poor. It not worth to purchase this jacket. If u are looking for a great quality, this is not you are looking for.

It was a little small for a large but nice otherwise.

It is a nice coat, but little bit small for me.

Beautiful coat and great price

Very cute coat. I am usually a medium but ordered an XL because it's Chinese sizes and it fits great. The reason I gave only 4 stars is because it has a bad smell to it."
B016W7V3VE,MNBS Men's Thermal Winter Workwear Quilted Elbow Patch Warm Jacket XX-Large Black,MNBS,,,I love the coat but it is cut small
B015HS4TK6,Champion Eco Fleece Women's Full Zip Jacket_Oxford Grey_X-Large,,,,"I thought I was ordering a 100% cotton garment as advertised, but when it arrived, it was 75% cotton & 25% polyester. I'm quite unhappy about that."
B00TWAXAXS,Men's Classic Police Style Faux Leather Motorcycle Jacket (L),Benibos,,,"I'd say its a good fit. But I prefer my clothes just a tad larger.

I got this for a costume so not concerned about quality. It is definitely cheap but looks the part. Love the fake pockets- haha! I normally wear a medium (40 jacket) so ordered an XXL in their size conversion and it fits.

I ordered a large based on the size chart provided and the jacket is a lot smaller than it says it will be. I bought it as a gift and the man I bought it for cannot put both arms in the sleeeves because of how tight it is. So warning, this jacket is not sized appropriately. My return window has passed so now I'm stuck with the jacket and it has its tags on still. It'll never be worn, what a waste of money.

I will be surprised if the zippers last a month

Nice jacket just too small

Stinks like a halloween mask. There's no snaps to snap the collar to the jacket, it's incredibly squeaky.

Used for Negan costume was a hit.

Bought this for a Negan cosplay, and maaaaaan am I disappointed. Has none of the features it shows in the picture. No motorcycle jacket collar. No front belt style. It is,as one lady said sized small. I ordered a large because I wear a small in men and it fit as expected. I'm just blown to bits that they would sell something so off from what the pictures are.

It's just a little tight, but it is ok if I leave it unzipped.

Smaller than expected. Wore a bunch of sweaters under and stretched out a bit.

Garbage, my mistake

To small and had a really bad smell to it. Trying to find out how return it."
B00BS75IZG,Awdis Kid's Varsity Jacket Hot Pink/White 9-11 Yrs,Awdis,,$20.80,Love it!
B00OLOKX0S,Your Gallery Men's Fashion Faux Leather Zipper Jackets with Removable Hoodie M,Your Gallery,,,Rubbish. Zipper fell off and it smelled like formaldehyde.
B01ANGPJYC,Laverapelle Men's Lambskin Real Leather Jacket - 1510135 - X-Large,Laverapelle,,,"I read other reviews saying that it ran small. The extra large actually fits me and I normally take a much smaller size. I like the coat so far.

XLG sizing was not even close...it was more like a medium with very tight fitting arms and chest."
B01569TEYC,"Voglee Women's Winter Warm Long Coat Down Jacket Hoodie Outwear Tops (L, Black)",Voglee,,,"Really really cute coat for the price. Nice quality decent jacket but the size is very very small I am normally a small/medium in women's so I ordered a large and it still too small. I can barely wear it. So if your thinking about ordering this coat and you're under roughly 175lbs, do it, super cute and good quality jacket"
B01B5GHE2Y,Cosparts®N7 Mass Effect Cosplay Hoodie Costume Jacket US Size(Unisex X-Large),Cosparts,,,"Good Quality, looks great.

Fits really well, and is super comfy. The stripes on the sleeve are fabric sewn on, not material that will peel and crack. The hood is a bit outsized, but I really like the way it looks.

Zipper doesn't zip all the way it comes undone at the bottom

Made well. Fits as expected. N7 decal hand sewn not screenprinted. Heavy duty. Great buy."
B00JFBEM04,OshKosh Boys Toddlers Fleece Lined Trench Spring Jacket with Hood - Navy (Size 2T),,,,Great thanks
B00A00GTYQ,Blooms - Fashion Dot Star Stripe Hoodies Jacket One Szie,Blooms,,,"It is exactly the way it is in the picture and it fits description but I wish it had a different design, like the sleeves were more loosely fitted. I still like the patterns though. :)"
B00ZLSTR5A,Women's Plus Size Lightweight Hooded Anorak Jacket With Mesh Lining Bright,,,,"Fells like an inner tube and it rubs and make a lot of noise. I returned it.

Gift- she likes it."
B0138QZA6Q,"Miss high Street Womens Plain PLUS SIZE Zip Hoddie Jacket Coat Light Weight (4XL-22, Royal blue)",Miss High Street,,,"Very cute zipper hoodie....if it fit!!!! I usually wear a 1X and ordered a 5X (after reading the reviews) and it still didn't fit....boooo!!!! The final kicker is the company is overseas and doesn't pay for shipping , so i have to keep it....What a waste of money."
B01BLKK0I4,"Kakadu Traders Iron Bark Jacket, Made from Our MicroWax Oilskin",KakaduTraders Australia,,,Nice coat. Pliable material and not too stiff. runs a bit small so give yourself some room.
B0177PFJ4C,Summerwhisper Women's Glitter Zipper Up Baseball Jacket Silver X-Large,Summerwhisper,,,"My daughter loves it!!

I bought this as an inexpensive impulse. I thought it would be a fun accent to my wardrobe. Unfortunately, the sizing was significantly small. I was incredibly disappointed by the item."
B002P6ZTQW,"var aPageStart = (new Date()).getTime(); var ue_t0=ue_t0||+new Date(); window.ue_ihb = (window.ue_ihb || window.ueinit || 0) + 1; if (window.ue_ihb === 1) { var ue_csm = window, ue_hob = +new Date(); (function(d){var e=d.ue=d.ue||{},f=Date.now||function(){return+new Date};e.d=function(b){return f()-(b?0:d.ue_t0)};e.stub=function(b,a){if(!b[a]){var c=[];b[a]=function(){c.push([c.slice.call(arguments),e.d(),d.ue_id])};b[a].replay=function(b){for(var a;a=c.shift();)b(a[0],a[1],a[2])};b[a].isStub=1}};e.exec=function(b,a){return function(){if(1==window.ueinit)try{return b.apply(this,arguments)}catch(c){ueLogError(c,{attribution:a||""undefined"",logLevel:""WARN""})}}}})(ue_csm); var ue_err_chan = 'jserr-rw'; (function(d,e){function h(f,b){if(!(a.ec>a.mxe)&&f){a.ter.push(f);b=b||{};var c=f.logLevel||b.logLevel;c&&c!==k&&c!==m&&c!==n&&c!==p||a.ec++;c&&c!=k||a.ecf++;b.pageURL=""""+(e.location?e.location.href:"""");b.logLevel=c;b.attribution=f.attribution||b.attribution;a.erl.push({ex:f,info:b})}}function l(a,b,c,e,g){d.ueLogError({m:a,f:b,l:c,c:""""+e,err:g,fromOnError:1,args:arguments},g?{attribution:g.attribution,logLevel:g.logLevel}:void 0);return!1}var k=""FATAL"",m=""ERROR"",n=""WARN"",p=""DOWNGRADED"",a={ec:0,ecf:0, pec:0,ts:0,erl:[],ter:[],mxe:50,startTimer:function(){a.ts++;setInterval(function(){d.ue&&a.pec<a.ec&&d.uex(""at"");a.pec=a.ec},1E4)}};l.skipTrace=1;h.skipTrace=1;h.isStub=1;d.ueLogError=h;d.ue_err=a;e.onerror=l})(ue_csm,window); var ue_id = 'N57EZJAWE2P20H30NEQ8', ue_url = '/gp/uedata', ue_navtiming = 1, ue_mid = 'ATVPDKIKX0DER', ue_sid = '130-1991922-5231969', ue_sn = 'www.amazon.com', ue_furl = 'fls-na.amazon.com', ue_surl = 'https://unagi-na.amazon.com/1/events/com.amazon.csm.nexusclient.prod', ue_int = 0, ue_fcsn = 1, ue_urt = 3, ue_rpl_ns = 'cel-rpl', ue_ddq = 1, ue_fpf = '//fls-na.amazon.com/1/batch/1/OP/ATVPDKIKX0DER:130-1991922-5231969:N57EZJAWE2P20H30NEQ8$uedata=s:', ue_rsc = 0, ue_mcimp = 3, ue_sbuimp = 1, ue_swi = 1; function ue_viz(){(function(c,e,a){function k(b){if(c.ue.viz.length<p&&!l){var a=b.type;b=b.originalEvent;/^focus./.test(a)&&b&&(b.toElement||b.fromElement||b.relatedTarget)||(a=e[m]||(""blur""==a||""focusout""==a?""hidden"":""visible""),c.ue.viz.push(a+"":""+(+new Date-c.ue.t0)),""visible""==a&&(ue.isl&&uex(""at""),l=1))}}for(var l=0,f,g,m,n=["""",""webkit"",""o"",""ms"",""moz""],d=0,p=20,h=0;h<n.length&&!d;h++)if(a=n[h],f=(a?a+""H"":""h"")+""idden"",d=""boolean""==typeof e[f])g=a+""visibilitychange"",m=(a?a+""V"":""v"")+""isibilityState""; k({});d&&e.addEventListener(g,k,0);c.ue&&d&&(c.ue.pageViz={event:g,propHid:f})})(ue_csm,document,window)}; (function(a,g,u){function x(a){return a&&a.replace&&a.replace(/^\s+|\s+$/g,"""")}function q(a){return""undefined""===typeof a}function y(a){try{var b=u.cookie.match(RegExp(""(^| )""+a+""=([^;]+)""));if(b)return b[2].trim()}catch(c){}}function A(d,b){d&&(a.ue_id=h.id=h.rid=d,a.ue_fpf=a.ue_fpf.replace(/((.*?:){2})(\w+)/,function(a,b){return b+d}));b&&(a.ue_fpf=a.ue_fpf.replace(/(.*?:)(\w|-)+/,function(a,d){return d+b}),a.ue_sid=b);a.ue.tag(""accelerated-experience"")}function t(d,b,c,k){var g=k||+new Date,n; a.ueam&&a.ueam(b,d,k);if(b||q(c)){if(d)for(n in k=b?f(""t"",b)||f(""t"",b,{}):a.ue.t,k[d]=g,c)c.hasOwnProperty(n)&&f(n,b,c[n]);return g}}function f(d,b,c){var f=a.ue,g=b&&b!=f.id?f.sc[b]:f;g||(g=f.sc[b]={});""id""==d&&c&&(f.cfa2=1);return g[d]=c||g[d]}function C(d,b,c,f,g){c=""on""+c;var n=b[c];""function""===typeof n?d&&(a.ue.h[d]=n):n=function(){};b[c]=g?function(a){f(a);n(a)}:function(a){n(a);f(a)};b[c]&&(b[c].isUeh=1)}function D(d,b,c){function k(b,c){var e=[b],J=0,g={},n,k;c?(e.push(""m=1""),g[c]=1):g=a.ue.sc; for(k in g)if(g.hasOwnProperty(k)){var l=f(""wb"",k),h=f(""t"",k)||{},p=f(""t0"",k)||a.ue.t0,m;if(c||2==l){l=l?J++:"""";e.push(""sc""+l+""=""+k);for(m in h)3>=m.length&&!q(h[m])&&null!==h[m]&&e.push(m+l+""=""+(h[m]-p));e.push(""t""+l+""=""+h[d]);if(f(""ctb"",k)||f(""wb"",k))n=1}}!z&&n&&e.push(""ctb=1"");return e.join(""&"")}function B(b,c,d,e){if(b){var f=a.ue_err,k;a.ue_url&&(!e||!a.ue.log)&&b&&0<b.length&&(k=new Image,a.ue.iel.push(k),k.src=b);K?a.ue_fpf&&g.encodeURIComponent&&b&&(e=new Image,b=""""+a.ue_fpf+g.encodeURIComponent(b)+ "":""+(+new Date-a.ue_t0),a.ue.iel.push(e),e.src=b):a.ue.log&&(k=g.chrome&&""ul""==c,a.ue.log(b,""uedata"",a.ue_svi?{n:1,img:!e&&k?1:0}:{n:1}),a.ue.ielf.push(b));f&&!f.ts&&f.startTimer();a.ue.b&&(f=a.ue.b,a.ue.b="""",B(f,c,d,1))}}function n(b){if(!ue.collected){var c=b.timing,e=b.navigation,d=ue.t;c&&(d.na_=c.navigationStart,d.ul_=c.unloadEventStart,d._ul=c.unloadEventEnd,d.rd_=c.redirectStart,d._rd=c.redirectEnd,d.fe_=c.fetchStart,d.lk_=c.domainLookupStart,d._lk=c.domainLookupEnd,d.co_=c.connectStart,d._co= c.connectEnd,d.sc_=c.secureConnectionStart,d.rq_=c.requestStart,d.rs_=c.responseStart,d._rs=c.responseEnd,d.dl_=c.domLoading,d.di_=c.domInteractive,d.de_=c.domContentLoadedEventStart,d._de=c.domContentLoadedEventEnd,d._dc=c.domComplete,d.ld_=c.loadEventStart,d._ld=c.loadEventEnd,c=d.na_,b=""function""!==typeof b.now||q(c)?0:new Date(c+b.now())-new Date,d.ntd=b+a.ue.t0);e&&(d.ty=e.type+a.ue.t0,d.rc=e.redirectCount+a.ue.t0);ue.collected=1}}function s(b){var c=r&&r.navigation?r.navigation.type:w,d=c&& 2!=c,e=a.ue.bfini;a.ue.cfa2||(e&&1<e&&(b+=""&bfform=1"",d||(a.ue.isBFT=e-1)),2==c&&(b+=""&bfnt=1"",a.ue.isBFT=a.ue.isBFT||1),a.ue.ssw&&a.ue.isBFT&&(q(a.ue.isNRBF)&&(c=a.ue.ssw(a.ue.oid),c.e||q(c.val)||(a.ue.isNRBF=1<c.val?0:1)),q(a.ue.isNRBF)||(b+=""&nrbf=""+a.ue.isNRBF)),a.ue.isBFT&&!a.ue.isNRBF&&(b+=""&bft=""+a.ue.isBFT));return b}if(!h.paused&&(b||q(c))){for(var p in c)c.hasOwnProperty(p)&&f(p,b,c[p]);t(""pc"",b,c);p=f(""id"",b)||a.ue.id;var e=a.ue.url+""?""+d+""&v=""+a.ue.v+""&id=""+p,z=f(""ctb"",b)||f(""wb"",b),r= g.performance||g.webkitPerformance,l,m;z&&(e+=""&ctb=""+z);1<a.ueinit&&(e+=""&ic=""+a.ueinit);!a.ue._fi||""at""!=d||b&&b!=p||(e+=a.ue._fi());if(!(""ld""!=d&&""ul""!=d||b&&b!=p)){if(""ld""==d){try{g.onbeforeunload&&g.onbeforeunload.isUeh&&(g.onbeforeunload=null)}catch(y){}if(g.chrome)for(m=0;m<ue.ulh.length;m++)E(""beforeunload"",ue.ulh[m]);(m=u.ue_backdetect)&&m.ue_back&&m.ue_back.value++;a._uess&&(l=a._uess());a.ue.isl=1}ue._bf&&(e+=""&bf=""+ue._bf());a.ue_navtiming&&r&&r.timing&&(f(""ctb"",p,""1""),1==a.ue_navtiming&& t(""tc"",w,w,r.timing.navigationStart));r&&n(r);a.ue.t.hob=a.ue_hob;a.ue.t.hoe=a.ue_hoe;a.ue.ifr&&(e+=""&ifr=1"")}t(d,b,c);c=""ld""==d&&b&&f(""wb"",b);var v;c||b&&b!==p||L(b);c||p==a.ue.oid||M((f(""t"",b)||{}).tc||+f(""t0"",b),+f(""t0"",b));a.ue_mbl&&a.ue_mbl.cnt&&!c&&(e+=a.ue_mbl.cnt());c?f(""wb"",b,2):""ld""==d&&(h.lid=x(p));for(v in a.ue.sc)if(1==f(""wb"",v))break;if(c){if(a.ue.s)return;e=k(e,null)}else m=k(e,null),m!=e&&(m=s(m),a.ue.b=m),l&&(e+=l),e=k(e,b||a.ue.id);e=s(e);if(a.ue.b||c)for(v in a.ue.sc)2==f(""wb"", v)&&delete a.ue.sc[v];l=0;ue._rt&&(e+=""&rt=""+ue._rt());c||(a.ue.s=0,(l=a.ue_err)&&0<l.ec&&l.pec<l.ec&&(l.pec=l.ec,e+=""&ec=""+l.ec+""&ecf=""+l.ecf),l=f(""ctb"",b),f(""t"",b,{}));e&&a.ue.tag&&0<a.ue.tag().length&&(e+=""&csmtags=""+a.ue.tag().join(""|""),a.ue.tag=a.ue.tagC());e&&a.ue.viz&&0<a.ue.viz.length&&(e+=""&viz=""+a.ue.viz.join(""|""),a.ue.viz=[]);e&&!q(a.ue_pty)&&(e+=""&pty=""+a.ue_pty+""&spty=""+a.ue_spty+""&pti=""+a.ue_pti);e&&a.ue.tabid&&(e+=""&tid=""+a.ue.tabid);e&&a.ue.aftb&&(e+=""&aftb=1"");e&&a.ue.sbf&&(e+=""&sbf=1""); !a.ue._ui||b&&b!=p||(e+=a.ue._ui());a.ue.a=e;B(e,d,l,c)}}function L(a){var b=g.ue_csm_markers||{},c;for(c in b)b.hasOwnProperty(c)&&t(c,a,w,b[c])}function s(d,b,c){c=c||g;a.ue_pel&&window.EventTarget&&window.EventTarget.prototype&&window.EventTarget.prototype.addEventListener?window.EventTarget.prototype.addEventListener.call(c,d,b,!!window.ue_clf):c.addEventListener?c.addEventListener(d,b,!!window.ue_clf):c.attachEvent&&c.attachEvent(""on""+d,b)}function E(d,b,c){c=c||g;a.ue_pel&&window.EventTarget&& window.EventTarget.prototype&&window.EventTarget.prototype.removeEventListener?window.EventTarget.prototype.removeEventListener.call(c,d,b,!!window.ue_clf):c.removeEventListener?c.removeEventListener(d,b,!!window.ue_clf):c.detachEvent&&c.detachEvent(""on""+d,b)}function F(){function d(){a.onUl()}function b(a){return function(){c[a]||(c[a]=1,D(a))}}var c=a.ue.r,f,h;a.onLd=b(""ld"");a.onLdEnd=b(""ld"");a.onUl=b(""ul"");f={stop:b(""os"")};g.chrome?(s(""beforeunload"",d),ue.ulh.push(d)):f[N]=a.onUl;for(h in f)f.hasOwnProperty(h)&& C(0,g,h,f[h]);a.ue_viz&&ue_viz();O&&s(""readystatechange"",P,u);s(""load"",a.onLd);t(""ue"")}function P(){""complete""===u.readyState&&(Q?setTimeout(G,0):G())}function G(){var d;if(!(d=ue.isl)&&(d=R))a:{d=u.images||[];for(var b=0;b<d.length;b++)if(!1===d[b].complete){d=!1;break a}d=!0}if(!d)a.onUl()}function M(d,b){a.ue_mbl&&a.ue_mbl.ajax&&a.ue_mbl.ajax(d,b);a.ue.tag(""ajax-transition"")}a.ueinit=(a.ueinit||0)+1;var h={t0:g.aPageStart||a.ue_t0,id:a.ue_id,url:a.ue_url,rid:a.ue_id,a:"""",b:"""",h:{},r:{ld:0,oe:0, ul:0},s:1,t:{},sc:{},iel:[],ielf:[],fc_idx:{},viz:[],v:""0.202589.0"",d:a.ue&&a.ue.d,log:a.ue&&a.ue.log,clog:a.ue&&a.ue.clog,onflush:a.ue&&a.ue.onflush,onunload:a.ue&&a.ue.onunload,stub:a.ue&&a.ue.stub,lr:a.ue&&a.ue.lr,exec:a.ue&&a.ue.exec,event:a.ue&&a.ue.event,onSushiUnload:a.ue&&a.ue.onSushiUnload,onSushiFlush:a.ue&&a.ue.onSushiFlush,ulh:[],cfa2:0,paused:!1},K=a.ue_fpf?1:0,O=1===a.ue_rsc||3===a.ue_rsc,Q=3===a.ue_rsc,R=1===a.ue_rsc,N=""beforeunload"",w;h.oid=x(h.id);h.lid=x(h.id);a.ue=h;a.ue._t0=a.ue.t0; a.ue.tagC=function(){var a={};return function(b){b&&(a[b]=1);b=[];for(var c in a)a.hasOwnProperty(c)&&b.push(c);return b}};a.ue.tag=a.ue.tagC();a.ue.ifr=g.top!==g.self||g.frameElement?1:0;ue.attach=s;ue.detach=E;if(""000-0000000-8675309""===a.ue_sid){var H=y(""cdn-rid""),I=y(""session-id"");H&&I&&A(H,I)}a.uei=F;a.ueh=C;a.ues=f;a.uet=t;a.uex=D;h.reset=A;h.pause=function(a){h.paused=a};F()})(ue_csm,window,ue_csm.document); ue.stub(ue,""event"");ue.stub(ue,""onSushiUnload"");ue.stub(ue,""onSushiFlush""); ue.stub(ue,""log"");ue.stub(ue,""onunload"");ue.stub(ue,""onflush""); (function(c){var a=c.ue;a.cv={};a.cv.scopes={};a.count=function(d,c,b){var e={},f=a.cv,g=b&&0===b.c;e.counter=d;e.value=c;e.t=a.d();b&&b.scope&&(f=a.cv.scopes[b.scope]=a.cv.scopes[b.scope]||{},e.scope=b.scope);if(void 0===c)return f[d];f[d]=c;d=0;b&&b.bf&&(d=1);ue_csm.ue_sclog||!a.clog||0!==d||g?a.log&&a.log(e,""csmcount"",{c:1,bf:d}):a.clog(e,""csmcount"",{bf:d})};a.count(""baselineCounter2"",1);a&&a.event&&(a.event({requestId:c.ue_id||""rid"",server:c.ue_sn||""sn"",obfuscatedMarketplaceId:c.ue_mid||""mid""}, ""csm"",""csm.CSMBaselineEvent.4""),a.count(""nexusBaselineCounter"",1,{bf:1}))})(ue_csm); (function(g,h,m){if(""function""===typeof h.addEventListener&&""function""===typeof m.querySelectorAll){var l,n,u,p,f,v,q,r,w,x=[""mouseenter"",""mouseleave""],y=""click dblclick mousedown mouseover mouseout touchstart keydown keypress MSPointerDown pointerdown"".split("" "").concat(x),s=!1,t=[];p=function(a){for(var c=[];a;)c.push(a),a=a.parentNode;return c};n=function(a,c){var b=-1,d;for(d=0;d<c.length;d++)if(c[d]===a){b=d;break}return b};r=function(a,c){var b=n(a,c);0<=b&&c.splice(b,1)};u=function(a){var c; a=p(a);for(var b,d,e=0;e<a.length;e++)if(d=a[e],(b=d.nodeName)&&b!==m.nodeName){b=b.toLowerCase();if(d.id)return b+""#""+d.id+(c?"">""+c:"""");(d=d.getAttribute(""class""))&&(b=b+"".""+d.split("" "").join("".""));c=b+(c?"">""+c:"""")}return c};w=function(a){return a.replace(/[^\w.:\-]/g,function(a){return""#""===a?""::"":"">""===a?"":-"":""_""})};q=function(a,c){var b,d,e;if(g.ue&&g.ue.count&&g.ueLogError)for(b=u(a),e=w(b),d=""degraded""===c?""A UX degrading element has entered the viewport: ""+b:""A ""+c+"" was not handled on element: ""+ b,g.ueLogError({m:d,fromOnError:1},{logLevel:""ERROR"",attribution:b,message:d}),b=[""TNR"",""TNR:""+c,""TNR:""+e,""TNR:""+c+"":""+e],f=0;f<b.length;f++)g.ue.count(b[f],(g.ue.count(b[f])||0)+1)};v=function(a){a=a.getBoundingClientRect();return a.top<a.bottom&&a.left<a.right&&0<=a.bottom&&a.top<=h.innerHeight&&0<=a.right&&a.left<=h.innerWidth};l=function(){s||(s=!0,setTimeout(function(){[].forEach.call(m.querySelectorAll(""[data-ux-degraded]""),function(a){v(a)?0>n(a,t)&&(t.push(a),q(a,""degraded"")):r(a,t)});s=!1}, 250))};h.addEventListener(""scroll"",l);h.addEventListener(""resize"",l);l=function(a){var c=!1,b=0>n(a,x);m.addEventListener(a,function(d){if(!c){c=!0;var e=[],f=b?p(d.target):[d.target],k,g,h;for(g=0;g<f.length;g++)k=f[g],k.getAttribute&&(""mouseover""===a&&k===d.target&&((h=k.getAttribute(""data-ux-jq-mouseenter""))||""""===h)&&e.push(k),((h=k.getAttribute(""data-ux-""+a))||""""===h)&&e.push(k));e.length?(d.ack=d.acknowledge=function(a){a=a||d.currentTarget;r(a,e)},setTimeout(function(){var b;for(b=0;b<e.length;b++)q(e[b], a);c=!1},250)):c=!1}},!0)};for(f=0;f<y.length;f++)l(y[f])}})(ue_csm,window,document); var ue_hoe = +new Date(); } window.ueinit = window.ue_ihb; (function(g,h,O,pa){function k(a){w&&w.tag&&w.tag(q("":"",""aui"",a))}function v(a,b){w&&w.count&&w.count(""aui:""+a,0===b?0:b||(w.count(""aui:""+a)||0)+1)}function l(a){try{return a.test(navigator.userAgent)}catch(b){return!1}}function x(a,b,c){a.addEventListener?a.addEventListener(b,c,!1):a.attachEvent&&a.attachEvent(""on""+b,c)}function q(a,b,c,d){b=b&&c?b+a+c:b||c;return d?q(a,b,d):b}function F(a,b,c){try{Object.defineProperty(a,b,{value:c,writable:!1})}catch(d){a[b]=c}return c}function P(){return setTimeout(Y, 0)}function qa(a,b){var c=a.length,d=c,f=function(){d--||(Q.push(b),R||(P(),R=!0))};for(f();c--;)Z[a[c]]?f():(z[a[c]]=z[a[c]]||[]).push(f)}function ra(a,b,c,d,f){var e=h.createElement(a?""script"":""link"");x(e,""error"",d);f&&x(e,""load"",f);if(a){e.type=""text/javascript"";e.async=!0;if(a=c)a=-1!==b.indexOf(""images/I"")||/AUIClients/.test(b);a&&e.setAttribute(""crossorigin"",""anonymous"");e.src=b}else e.rel=""stylesheet"",e.href=b;h.getElementsByTagName(""head"")[0].appendChild(e)}function aa(a,b){function c(c,d){function f(){ra(b, c,h,function(b){!G&&h?(h=!1,v(""resource_retry""),f()):(v(""resource_error""),a.log(""Asset failed to load: ""+c,G?""WARN"":void 0));b&&b.stopPropagation?b.stopPropagation():g.event&&(g.event.cancelBubble=!0)},d)}if(ba[c])return!1;ba[c]=!0;v(""resource_count"");var h=!0;return!f()}if(b){var d=0,f=0;c.andConfirm=function(a,b){return c(a,function(){d++;b&&b.apply(this,arguments)})};c.confirm=function(){f++};c.getCsriCounters=function(){return{reqs:d,full:f}}}return c}function sa(a,b,c){for(var d={name:a,guard:function(c){return b.guardFatal(a, c)},logError:function(c,d,f){b.logError(c,d,f,a)}},f=[],e=0;e<c.length;e++)H.hasOwnProperty(c[e])&&(f[e]=S.hasOwnProperty(c[e])?S[c[e]](H[c[e]],d):H[c[e]]);return f}function A(a,b,c,d,f){return function(e,h){function n(){var a=null;d?a=h:""function""===typeof h&&(p.start=B(),a=h.apply(g,sa(e,k,l)),p.end=B());if(b){H[e]=a;a=e;for(Z[a]=!0;(z[a]||[]).length;)z[a].shift()();delete z[a]}p.done=!0}var k=f||this;""function""===typeof e&&(h=e,e=void 0);b&&(e=e?e.replace(ca,""""):""__NONAME__"",T.hasOwnProperty(e)&& k.error(q("", reregistered by "",q("" by "",e+"" already registered"",T[e]),k.attribution),e),T[e]=k.attribution);for(var l=[],m=0;m<a.length;m++)l[m]=a[m].replace(ca,"""");var p=da[e||""anon""+ ++ta]={depend:l,registered:B(),namespace:k.namespace};c?n():qa(l,k.guardFatal(e,n));return{decorate:function(a){S[e]=k.guardFatal(e,a)}}}}function ea(a){return function(){var b=Array.prototype.slice.call(arguments);return{execute:A(b,!1,a,!1,this),register:A(b,!0,a,!1,this)}}}function U(a,b){return function(c,d){d|| (d=c,c=void 0);var f=this.attribution;return function(){y.push(b||{attribution:f,name:c,logLevel:a});var e=d.apply(this,arguments);y.pop();return e}}}function I(a,b){this.load={js:aa(this,!0),css:aa(this)};F(this,""namespace"",b);F(this,""attribution"",a)}function fa(){h.body?r.trigger(""a-bodyBegin""):setTimeout(fa,20)}function C(a,b){if(b){for(var c=a.className.split("" ""),d=c.length;d--;)if(c[d]===b)return;a.className+="" ""+b}}function ga(a,b){for(var c=a.className.split("" ""),d=[],f;void 0!==(f=c.pop());)f&& f!==b&&d.push(f);a.className=d.join("" "")}function ha(a){try{return a()}catch(b){return!1}}function J(){if(K){var a=g.innerWidth?{w:g.innerWidth,h:g.innerHeight}:{w:m.clientWidth,h:m.clientHeight};5<Math.abs(a.w-V.w)||50<a.h-V.h?(V=a,L=4,(a=n.mobile||n.tablet?450<a.w&&a.w>a.h:1250<=a.w)?C(m,""a-ws""):ga(m,""a-ws"")):0<L&&(L--,ia=setTimeout(J,16))}}function ua(a){(K=void 0===a?!K:!!a)&&J()}function va(){return K}function t(a,b){return""sw:""+(b||"""")+"":""+a+"":""}function ja(a,b,c,d){if(c){b=l(/Chrome/i)&&!l(/Edge/i)&& !l(/OPR/i)&&!a.capabilities.isAmazonApp;var f=t(d,""browser""),e=t(d,""prod_mshop""),g=t(d,""beta_mshop"");!a.capabilities.isAmazonApp&&c.browser&&b&&(k(f+""supported""),c.browser.action(f,d));!b&&c.browser&&k(f+""unsupported"");c.prodMshop&&k(e+""unsupported"");c.betaMshop&&k(g+""unsupported"")}}""use strict"";var M=O.now=O.now||function(){return+new O},B=function(a){return a&&a.now?a.now.bind(a):M}(g.performance);pa=B();var u=g.AmazonUIPageJS||g.P;if(u&&u.when&&u.register)throw Error(""A copy of P has already been loaded on this page.""); var w=g.ue;k();k(""aui_build_date:3.18.16-2018-12-25"");var Q=[],R=!1,Y;Y=function(){for(var a=P(),b=M();Q.length;)if(Q.shift()(),50<M()-b)return;clearTimeout(a);R=!1};l(/OS 6_[0-9]+ like Mac OS X/i)&&x(g,""scroll"",P);var Z={},z={},ba={},G=!1;x(g,""beforeunload"",function(){G=!0;setTimeout(function(){G=!1},1E4)});var ca=/^prv:/,T={},H={},S={},da={},ta=0,D,y=[],ka=g.onerror;g.onerror=function(a,b,c,d,f){f&&""object""===typeof f||(f=Error(a,b,c),f.columnNumber=d,f.stack=b||c||d?q(String.fromCharCode(92),f.message, ""at ""+q("":"",b,c,d)):void 0);var e=y.pop()||{};f.attribution=q("":"",f.attribution||e.attribution,e.name);f.logLevel=e.logLevel;f.attribution&&console&&console.log&&console.log([f.logLevel||""ERROR"",a,""thrown by"",f.attribution].join("" ""));y=[];ka&&(e=[].slice.call(arguments),e[4]=f,ka.apply(g,e))};I.prototype={logError:function(a,b,c,d){b={message:b,logLevel:c||""ERROR"",attribution:q("":"",this.attribution,d)};if(g.ueLogError)return g.ueLogError(a||b,a?b:null),!0;console&&console.error&&(console.log(b), console.error(a));return!1},error:function(a,b,c,d){a=Error(q("":"",d,a,c));a.attribution=q("":"",this.attribution,b);throw a;},guardError:U(),guardFatal:U(""FATAL""),guardCurrent:function(a){var b=y[y.length-1];return b?U(b.logLevel,b).call(this,a):a},log:function(a,b,c){return this.logError(null,a,b,c)},declare:A([],!0,!0,!0),register:A([],!0),execute:A([]),AUI_BUILD_DATE:""3.18.16-2018-12-25"",when:ea(),now:ea(!0),trigger:function(a,b,c){var d=M();this.declare(a,{data:b,pageElapsedTime:d-(g.aPageStart|| NaN),triggerTime:d});c&&c.instrument&&D.when(""prv:a-logTrigger"").execute(function(b){b(a)})},handleTriggers:function(){this.log(""handleTriggers deprecated"")},attributeErrors:function(a){return new I(a)},_namespace:function(a,b){return new I(a,b)}};var r=F(g,""AmazonUIPageJS"",new I);D=r._namespace(""PageJS"",""AmazonUI"");D.declare(""prv:p-debug"",da);r.declare(""p-recorder-events"",[]);r.declare(""p-recorder-stop"",function(){});F(g,""P"",r);fa();if(h.addEventListener){var la;h.addEventListener(""DOMContentLoaded"", la=function(){r.trigger(""a-domready"");h.removeEventListener(""DOMContentLoaded"",la,!1)},!1)}var m=h.documentElement,W=function(){var a=[""O"",""ms"",""Moz"",""Webkit""],b=h.createElement(""div"");return{testGradients:function(){b.style.cssText=""background-image:-webkit-gradient(linear,left top,right bottom,from(#9f9),to(white));background-image:-webkit-linear-gradient(left top,#9f9,white);background-image:linear-gradient(left top,#9f9,white);"";return-1<b.style.backgroundImage.indexOf(""gradient"")},test:function(c){var d= c.charAt(0).toUpperCase()+c.substr(1);c=(a.join(d+"" "")+d+"" ""+c).split("" "");for(d=c.length;d--;)if(""""===b.style[c[d]])return!0;return!1},testTransform3d:function(){var a=!1;g.matchMedia&&(a=g.matchMedia(""(-webkit-transform-3d)"").matches);return a}}}(),u=m.className,ma=/(^| )a-mobile( |$)/.test(u),na=/(^| )a-tablet( |$)/.test(u),n={audio:function(){return!!h.createElement(""audio"").canPlayType},video:function(){return!!h.createElement(""video"").canPlayType},canvas:function(){return!!h.createElement(""canvas"").getContext}, svg:function(){return!!h.createElementNS&&!!h.createElementNS(""http://www.w3.org/2000/svg"",""svg"").createSVGRect},offline:function(){return navigator.hasOwnProperty&&navigator.hasOwnProperty(""onLine"")&&navigator.onLine},dragDrop:function(){return""draggable""in h.createElement(""span"")},geolocation:function(){return!!navigator.geolocation},history:function(){return!(!g.history||!g.history.pushState)},webworker:function(){return!!g.Worker},autofocus:function(){return""autofocus""in h.createElement(""input"")}, inputPlaceholder:function(){return""placeholder""in h.createElement(""input"")},textareaPlaceholder:function(){return""placeholder""in h.createElement(""textarea"")},localStorage:function(){return""localStorage""in g&&null!==g.localStorage},orientation:function(){return""orientation""in g},touch:function(){return""ontouchend""in h},gradients:function(){return W.testGradients()},hires:function(){var a=g.devicePixelRatio&&1.5<=g.devicePixelRatio||g.matchMedia&&g.matchMedia(""(min-resolution:144dpi)"").matches;v(""hiRes""+ (ma?""Mobile"":na?""Tablet"":""Desktop""),a?1:0);return a},transform3d:function(){return W.testTransform3d()},touchScrolling:function(){return l(/Windowshop|android.([3-9]|[L-Z])|OS ([5-9]|[1-9][0-9]+)(_[0-9]{1,2})+ like Mac OS X|Chrome|Silk|Firefox|Trident.+?; Touch/i)},ios:function(){return l(/OS [1-9][0-9]*(_[0-9]*)+ like Mac OS X/i)&&!l(/trident|Edge/i)},android:function(){return l(/android.([1-9]|[L-Z])/i)&&!l(/trident|Edge/i)},mobile:function(){return ma},tablet:function(){return na}},p;for(p in n)n.hasOwnProperty(p)&& (n[p]=ha(n[p]));for(var X=""textShadow textStroke boxShadow borderRadius borderImage opacity transform transition"".split("" ""),N=0;N<X.length;N++)n[X[N]]=ha(function(){return W.test(X[N])});var K=!0,ia=0,V={w:0,h:0},L=4;J();x(g,""resize"",function(){clearTimeout(ia);L=4;J()});var oa={getItem:function(a){try{return g.localStorage.getItem(a)}catch(b){}},setItem:function(a,b){try{return g.localStorage.setItem(a,b)}catch(c){}}};ga(m,""a-no-js"");C(m,""a-js"");!l(/OS [1-8](_[0-9]*)+ like Mac OS X/i)||g.navigator.standalone|| l(/safari/i)||C(m,""a-ember"");u=[];for(p in n)n.hasOwnProperty(p)&&n[p]&&u.push(""a-""+p.replace(/([A-Z])/g,function(a){return""-""+a.toLowerCase()}));C(m,u.join("" ""));m.setAttribute(""data-aui-build-date"",""3.18.16-2018-12-25"");r.register(""p-detect"",function(){return{capabilities:n,localStorage:n.localStorage&&oa,toggleResponsiveGrid:ua,responsiveGridEnabled:va}});l(/UCBrowser/i)||n.localStorage&&C(m,oa.getItem(""a-font-class""));r.declare(""a-event-revised-handling"",!1);var E=navigator.serviceWorker;E&&x(E, ""message"",function(a){a&&a.data&&v(a.data.k,a.data.v)});p={reg:{},unreg:{}};p.unreg.browser={action:function(a,b){var c=E.getRegistrations();c&&c.then(function(c){c.forEach(function(c){c.unregister().then(function(){v(a+""success"")}).catch(function(c){r.logError(c,""[AUI SW] Failed to ""+b+"" service worker: "");v(a+""failure"")})})})}};(function(a){var b=a.reg,c=a.unreg;E&&E.getRegistrations?(D.when(""A"",""a-util"").execute(function(a,b){ja(a,b,c,""unregister"")}),x(g,""load"",function(){D.when(""A"",""a-util"").execute(function(a, c){ja(a,c,b,""register"")})})):(b&&(b.browser&&k(t(""register"",""browser"")+""unsupported""),b.prodMshop&&k(t(""register"",""prod_mshop"")+""unsupported""),b.betaMshop&&k(t(""register"",""beta_mshop"")+""unsupported"")),c&&(c.browser&&k(t(""unregister"",""browser"")+""unsupported""),c.prodMshop&&k(t(""unregister"",""prod_mshop"")+""unsupported""),c.betaMshop&&k(t(""unregister"",""beta_mshop"")+""unsupported"")))})(p);r.declare(""a-fix-event-off"",!1);v(""pagejs:pkgExecTime"",B()-NaN)})(window,document,Date); (window.AmazonUIPageJS ? AmazonUIPageJS : P).when('sp.load.js').execute(function() { (window.AmazonUIPageJS ? AmazonUIPageJS : P).load.js('https://images-na.ssl-images-amazon.com/images/I/61o5HuBKUHL._RC|11IYhapguOL.js,61VQRvc280L.js,21iSNz47xoL.js,012FVc3131L.js,119KAWlHU6L.js,31fv8bqHLoL.js,31ReKJl2X6L.js,51WivJzk7vL.js,11AHlQhPRjL.js,01NATrwbNUL.js,11aNYFFS5hL.js,116tgw9TSaL.js,21auxuI+dRL.js,01PoLXBDXWL.js,61GDyZ5kYqL.js,01mi-J86cyL.js,11BOgvnnntL.js,31SG6rlHlbL.js,01rpauTep4L.js,01iyxuSGj4L.js,01XI-Ief5sL.js_.js?AUIClients/AmazonUI#168183-T1.177619-T1.144375-T1'); }); .nav-sprite-v1 .nav-sprite, .nav-sprite-v1 .nav-icon { background-image: url(https://images-na.ssl-images-amazon.com/images/G/01/gno/sprites/nav-sprite-global_bluebeacon-V3-1x_optimized._CB483188077_.png); background-position: 0 1000px; background-repeat: repeat-x; } .nav-spinner { background-image: url(https://images-na.ssl-images-amazon.com/images/G/01/javascripts/lib/popover/images/snake._CB192571611_.gif); background-position: center center; background-repeat: no-repeat; } .nav-timeline-icon, .nav-access-image, .nav-timeline-prime-icon { background-image: url(https://images-na.ssl-images-amazon.com/images/G/01/gno/sprites/timeline_sprite_1x._CB276239408_.png); background-repeat: no-repeat; } .ap_popover_unsprited .ap_body .ap_left{background-image:url(https://images-na.ssl-images-amazon.com/images/G/01/javascripts/lib/popover/images/po_left_17._V1_.png)}.ap_popover_unsprited .ap_body .ap_right{background-image:url(https://images-na.ssl-images-amazon.com/images/G/01/javascripts/lib/popover/images/po_right_17._V1_.png)}.ap_popover_unsprited .ap_header .ap_left{background-image:url(https://images-na.ssl-images-amazon.com/images/G/01/javascripts/lib/popover/images/po_top_left._V1_.png)}.ap_popover_unsprited .ap_header .ap_right{background-image:url(https://images-na.ssl-images-amazon.com/images/G/01/javascripts/lib/popover/images/po_top_right._V1_.png)}.ap_popover_unsprited .ap_header .ap_middle{background-image:url(https://images-na.ssl-images-amazon.com/images/G/01/javascripts/lib/popover/images/po_top._V1_.png)}.ap_popover_unsprited .ap_footer .ap_left{background-image:url(https://images-na.ssl-images-amazon.com/images/G/01/javascripts/lib/popover/images/po_bottom_left._V1_.png)}.ap_popover_unsprited .ap_footer .ap_right{background-image:url(https://images-na.ssl-images-amazon.com/images/G/01/javascripts/lib/popover/images/po_bottom_right._V1_.png)}.ap_popover_unsprited .ap_footer .ap_middle{background-image:url(https://images-na.ssl-images-amazon.com/images/G/01/javascripts/lib/popover/images/po_bottom._V1_.png)}.ap_popover_sprited .ap_body .ap_left,.ap_popover_sprited .ap_body .ap_right{background-image:url(https://images-na.ssl-images-amazon.com/images/G/01/javascripts/lib/popover/images/light/sprite-v._V1_.png)}.ap_popover_sprited .ap_closebutton,.ap_popover_sprited .ap_footer .ap_left,.ap_popover_sprited .ap_footer .ap_middle,.ap_popover_sprited .ap_footer .ap_right,.ap_popover_sprited .ap_header .ap_left,.ap_popover_sprited .ap_header .ap_middle,.ap_popover_sprited .ap_header .ap_right{background-image:url(https://images-na.ssl-images-amazon.com/images/G/01/javascripts/lib/popover/images/light/sprite-h._V1_.png)}.ap_popover_sprited .ap_body .ap_left-arrow,.ap_popover_sprited .ap_body .ap_right-arrow{background-image:url(https://images-na.ssl-images-amazon.com/images/G/01/javascripts/lib/popover/images/light/sprite-arrow-v._V1_.png)}.ap_popover{position:absolute;outline:0}.ap_body{height:100%;min-height:36px;position:relative;background-color:#fff;margin:0 17px}.ap_body .ap_left,.ap_popover_sprited .ap_body .ap_left-arrow{width:17px;height:100%;position:absolute;top:0;left:-17px;background-attachment:scroll;background-repeat:repeat-y}.ap_popover_sprited .ap_body .ap_left{background-position:0 top}.ap_body .ap_right,.ap_popover_sprited .ap_body .ap_right-arrow{width:17px;height:100%;position:absolute;top:0;right:-17px;background-attachment:scroll;background-repeat:repeat-y}.ap_popover_sprited .ap_body .ap_right{background-position:-51px top}.ap_footer,.ap_header{position:relative;width:100%}.ap_footer *,.ap_header *{height:26px}.ap_header .ap_left{position:absolute;top:0;left:0;width:34px;background-attachment:scroll;background-repeat:no-repeat}.ap_popover_sprited .ap_header .ap_left{background-position:left -2px}.ap_header .ap_right{width:34px;position:absolute;top:0;right:0;background-attachment:scroll;background-repeat:no-repeat}.ap_popover_sprited .ap_header .ap_right{background-position:right -2px}.ap_header .ap_middle{margin:0 34px;background-attachment:scroll;background-repeat:repeat-x}.ap_popover_sprited .ap_header .ap_middle{background-position:0 -70px}.ap_footer .ap_left{position:absolute;top:0;left:0;width:34px;background-attachment:scroll;background-repeat:no-repeat}.ap_popover_sprited .ap_footer .ap_left{background-position:left -40px}.ap_footer .ap_right{width:34px;position:absolute;top:0;right:0;background-attachment:scroll;background-repeat:no-repeat}.ap_popover_sprited .ap_footer .ap_right{background-position:right -40px}.ap_footer .ap_middle{margin:0 34px;background-attachment:scroll;background-repeat:repeat-x}.ap_popover_sprited .ap_footer .ap_middle{background-position:0 -108px}.ap_popover .ap_titlebar{display:none;position:absolute;left:0;top:0;background-color:#EAF3FE;border-bottom:1px solid #C2DDF2;font-size:14px;font-weight:700;margin:8px 18px;white-space:nowrap;overflow:hidden}.ap_popover .ap_titlebar.multiline{white-space:normal;overflow:visible}.ap_popover .ap_titlebar .ap_title{padding:4px 0;margin-left:10px;overflow:hidden}#ap_overlay,#ap_overlay div{background-color:#3F4C58;width:100%;position:absolute;top:0;left:0;z-index:99}.ap_popover .ap_close{position:absolute;right:18px;top:13px}.ap_popover .ap_close a{padding:5px;text-decoration:none;outline:0}.ap_popover .ap_close .ap_closetext{display:none;margin-right:5px;line-height:1em}.ap_popover .ap_closebutton{display:-moz-inline-box;display:inline-block;width:15px;height:15px;background-repeat:no-repeat;background-position:0 -136px;position:relative;overflow:hidden;vertical-align:top}.ap_popover .ap_closebutton span{position:absolute;top:-9999px}.ap_popover .ap_close img{vertical-align:top}.ap_classic{border-top:1px solid #ccc;border-left:1px solid #ccc;border-bottom:1px solid #2F2F1D;border-right:1px solid #2F2F1D;background-color:#EFEDD4;padding:3px}.ap_classic .ap_titlebar{color:#86875D;font-size:12px;padding:0 0 3px 0;line-height:1em}.ap_classic .ap_close{float:right}.ap_classic .ap_content{clear:both;background-color:#fff;border:1px solid #ACA976;padding:8px;font-size:11px} (function(d,b,m){function c(a){return""--private-amznjqshim-""+a}function e(a,l){var b=c(l);d.now(b).execute(c(a+""-""+b)+""-""+f++,function(a){void 0===a&&d.declare(b,!0)})}function h(a){e(""markRequested"",""functionality-requested:""+a)}function g(a){e(""completedStage"",""stage-""+a)}b.goN2Debug||(b.goN2Debug={info:function(){}});""use strict"";var f=0,k=b.amznJQ=new function(){this.addLogical=this.addStyle=this.addStyles=this.PLNow=this.windowOnLoad=function(){};this.declareAvailable=function(a){e(""declaring"", a)};this.available=function(a,b){a=c(a);h(a);d.when(a,c(""jQuery"")).execute(c(""available-""+a)+""-""+f++,b)};this.onReady=function(a,b){a=c(a);h(a);d.when(a,""a-domready"",c(""jQuery"")).execute(c(""onReady-""+a)+""-""+f++,b)};this.onCompletion=function(a,b){var e=c(""stage-""+a);d.when(e,c(""jQuery"")).execute(b)};this.completedStage=function(a){g(a)};this.addPL=function(a){d.when(""a-preload"").execute(c(""Preloader"")+""-""+f++,function(b){b.preload(a)})};this.strings={};this.chars={}};d.when(""load"").execute(c(""fail-safe-stages""), function(){g(""amznJQ.theFold"");g(""amznJQ.criticalFeature"")});d.when(""jQuery"").execute(""define amznJQ jQuery"",function(a){b.jQuery||(b.jQuery=a);k.jQuery||(k.jQuery=a);e(""declaring"",""jQuery"")})})(window.P||window.AmazonUIPageJS,window,document); (window.AmazonUIPageJS ? AmazonUIPageJS : P).when('atf').execute(function(){ (window.AmazonUIPageJS ? AmazonUIPageJS : P).load.js('https://images-na.ssl-images-amazon.com/images/I/417QjYmMtBL.js?AUIClients/AmazonPopoversAUIShim#us'); (window.AmazonUIPageJS ? AmazonUIPageJS : P).load.js('https://images-na.ssl-images-amazon.com/images/I/31gnJjWvxPL._RC|11div+n5b+L.js,21lOtnkorWL.js,51CysS8km3L.js,316nVZ1c+gL.js,21+4XneTXRL.js,318rs4piGPL.js,01jEqq6I0UL.js,0185ITV0M6L.js,41+MVzL0WbL.js,217XOv1WjVL.js,01Gx8DhrplL.js,011qZnP-NfL.js,11H+quk5jAL.js,21FBJlPfM6L.js,11ZdiaYG8gL.js,71p9tWQsHsL.js,6179IBZcR+L.js,31UjTApGOPL.js,01LHJt5PiyL.js,11B9yJN+bnL.js,31Ac-cQ+ZWL.js,01fEkjo0KKL.js,0193uyIciNL.js,41D4kRuiy9L.js,31ad06VRAqL.js,11e9-8uUHQL.js,01s9HEfbt3L.js,11iHZuQapKL.js,61iXRFOTloL.js,11WBo+4152L.js,11MQqFPEK+L.js,41EDKFa-8YL.js,11G4c43OZvL.js,21Ug6yrFIdL.js,3133OUNaHqL.js,11jf5oS-4FL.js,01X2zigX4kL.js,210mdW2-ZEL.js,21mymEONFtL.js,61+TkNaM7yL.js,515EXqsrGfL.js,21OJDARBhQL.js,41s+OBPxTPL.js,01IWUb29Q4L.js,01JzE3-DfLL.js_.js?AUIClients/USHardlinesDetailPageMetaAssetFixed#desktop.us.164772-T1.141052-T1.146207-T1.172469-T1.155915-T1.111960-T1.146883-T1.151985-T1.136850-T1.123392-T1.186073-T2.114779-T1.120067-T1.131900-T1.184660-C.162909-C.108310-T1.156391-T1.80562-T1.107686-T1.172346-T1.133003-T1'); (window.AmazonUIPageJS ? AmazonUIPageJS : P).load.js('https://images-na.ssl-images-amazon.com/images/I/21e71NrLt3L._RC|11Ze1YhMgJL.js,21Wa0ZZVAmL.js,31qpl48GBDL.js,41UXUgXh7tL.js,31bQ6uPDcgL.js,312xLUEw6sL.js,51EkUAdxEhL.js,21NDIsf0a1L.js,015TRQC5i+L.js,61e7xszHEhL.js,01lcH4zcTaL.js,01OtvpwikQL.js,51TAluzWqWL.js,01qwoVEkKlL.js,21mR+GlPoIL.js,01qXU4-2A0L.js,11wTwl+500L.js,517jAXjzzNL.js,01qPwv8D5hL.js,01YivelYW5L.js,016QFWAAdML.js,41dzl0sSZuL.js,11Gx+6S5O-L.js,21IZ0MO8WtL.js,41pWaK5-XDL.js,017s5z---TL.js,31ZS5TQVWDL.js,51p2fLVTtlL.js,51PTdyJW4tL.js,21w43LSQ1-L.js,01FOcSLtmBL.js_.js?AUIClients/USHardlinesDetailPageMetaAssetVariable_TURBO_DESKTOP#desktop.us.171964-T1.137613-T1.159929-T1.146207-T1.167162-T1.153662-T1.103061-T1.123392-T1.153197-T1.150150-T1.127433-T1.126331-T1.87783-T2.159402-T1.108343-T1.109378-T1.143147-T1.147957-T1.154031-T1.171818-T1.169593-T1'); }); {""deviceType"":""web""} {""widgetSchema"":""dp:widget:"",""dimensionSchema"":""dp:dims:""} #cm_cr_dpwidget .a-size-micro { font-size: 9px; } #cm_cr_dpwidget .c7yTopDownDashedStrike { border-top: 1px dashed #A9A9A9; border-bottom: 1px dashed #A9A9A9; } #cm_cr_dpwidget .c7yBadgeAUI { text-transform: uppercase; letter-spacing: 0.5px; padding: 2px; white-space: nowrap; } .nav-sprite-v1 .nav-sprite, .nav-sprite-v1 .nav-icon { background-image: url(https://images-na.ssl-images-amazon.com/images/G/01/gno/sprites/nav-sprite-global_bluebeacon-V3-1x_optimized._CB483188077_.png); background-position: 0 1000px; background-repeat: repeat-x; } .nav-spinner { background-image: url(https://images-na.ssl-images-amazon.com/images/G/01/javascripts/lib/popover/images/snake._CB192571611_.gif); background-position: center center; background-repeat: no-repeat; } .nav-timeline-icon, .nav-access-image, .nav-timeline-prime-icon { background-image: url(https://images-na.ssl-images-amazon.com/images/G/01/gno/sprites/timeline_sprite_1x._CB276239408_.png); background-repeat: no-repeat; } .tagEdit { padding-bottom:4px; padding-top:4px; } .edit-tag { width: 155px; margin-left: 10px; } .list-tags { white-space: nowrap; padding: 1px 0px 0px 0px; } #suggest-table { display: none; position: absolute; z-index: 2; background-color: #fff; border: 1px solid #9ac; } #suggest-table tr td{ color: #333; font: 11px Verdana, sans-serif; padding: 2px; } #suggest-table tr.hovered { color: #efedd4; background-color: #9ac; } .see-popular { padding: 1.3em 0 0 0; } .tag-cols { border-collapse: collapse; } .tag-cols td { vertical-align: top; width: 250px; padding-right: 30px; } .tag-cols .tag-row { padding: 0 0 7px 0px; } .tag-cols .see-all { white-space: nowrap; padding-top: 5px; } .tags-piles-feedback { display: none; color: #000; font-size: 0.9em; font-weight: bold; margin: 0px 0 0 0; } .tag-cols i { display: none; cursor: pointer; cursor: hand; float: left; font-style: normal; font-size: 0px; vertical-align: bottom; width: 16px; height: 16px; margin-top: 1px; margin-right: 3px; } .tag-cols .snake { display: block; background: url('https://images-na.ssl-images-amazon.com/images/G/01/x-locale/communities/tags/graysnake._CB192250049_.gif'); } #tagContentHolder .tip { display: none; color: #999; font-size: 10px; padding-top: 0.25em; } #tagContentHolder .tip a { color: #999 !important; text-decoration: none !important; border-bottom: solid 1px #CCC; } .nowrap { white-space: nowrap; } #tgEnableVoting { display: none; } #tagContentHolder .count { color: #666; font-size: 10px; margin-left: 3px; white-space: nowrap; } .count.tgVoting { cursor: pointer; } .tgVoting .tgCounter { margin-right: 3px; border-bottom: 1px dashed #003399; color: #003399; } .c2c-inline-sprite { display: -moz-inline-box; display: inline-block; margin: 0;padding: 0; position: relative; overflow: hidden; vertical-align: middle; background-image: url(https://images-na.ssl-images-amazon.com/images/G/01/electronics/click2call/click2call-sprite._CB156431432_.png); background-repeat: no-repeat; } .c2c-inline-sprite span { position:absolute; top:-9999px; } .dp-call-me-button { width:52px; height:22px; background-position:0px -57px; } /* Different sprites/images used CSS Start */ .swSprite {background-image: url(https://images-na.ssl-images-amazon.com/images/G/01/common/sprites/sprite-site-wide-3._CB375430972_.png); } .dpSprite {background-image: url(https://images-na.ssl-images-amazon.com/images/G/01/common/sprites/sprite-dp-2._CB384267953_.png); } .wl-button-sprite {background-image: url(https://images-na.ssl-images-amazon.com/images/G/01/x-locale/communities/wishlist/add-to-wl-button-sprite._CB192250042_.gif); } .cBoxTL, .cBoxTR, .cBoxBL, .cBoxBR { background-image:url(https://images-na.ssl-images-amazon.com/images/G/01/common/sprites/sprite-site-wide-2._CB146303866_.png); } .auiTestSprite { background: url(https://images-na.ssl-images-amazon.com/images/G/01/nav2/images/sprite-carousel-btns-stars2._CB376388587_.png) no-repeat scroll 0 0 transparent; } span.amtchelp { background: url(https://images-na.ssl-images-amazon.com/images/G/01/SellerForums/amz/images/help-16x16._CB137691369_.gif) no-repeat scroll right bottom transparent; } .shuttleGradient { background: url(https://images-na.ssl-images-amazon.com/images/G/01/x-locale/communities/customerimage/shuttle-gradient._CB192250138_.gif); } .twisterPopoverArrow { background: url(https://images-na.ssl-images-amazon.com/images/G/01/gateway/csw/tri-down._CB155542082_.png); } #finderUpdateButton img, #finderShowMoreDevicesLink, #finderHideMoreDevicesLink {background-image: url(https://images-na.ssl-images-amazon.com/images/G/01/nav2/finders/finder-fits-sprites._CB192545788_.gif);} .cmtySprite { background-image: url(https://images-na.ssl-images-amazon.com/images/G/01/common/sprites/sprite-communities._CB320811603_.png); background-repeat: no-repeat; } /* Different sprites/images used CSS End */ /* Best Seller Badging */ .simsWrapper .shoveler ul { height: 220px;} .medSprite { background-image: url('https://images-na.ssl-images-amazon.com/images/G/01/common/sprites/sprite-media-platform._CB247725847_.png'); background-repeat: no-repeat; } <!-- function amz_js_PopWin(url,name,options){ var ContextWindow = window.open(url,name,options); ContextWindow.focus(); return false; } //--> Amazon.com: Charades Women's Elegant Pirate Jacket and Pants Costume Set, Wine/Black, Medium: Clothing // ============================================================================= // Function Class: Show/Hide product promotions & special offers link // ============================================================================= function showElement(id) { var elm = document.getElementById(id); if (elm) { elm.style.visibility = 'visible'; if (elm.getAttribute('name') == 'heroQuickPromoDiv') { elm.style.display = 'block'; } } } function hideElement(id) { var elm = document.getElementById(id); if (elm) { elm.style.visibility = 'hidden'; if (elm.getAttribute('name') == 'heroQuickPromoDiv') { elm.style.display = 'none'; } } } function showHideElement(h_id, div_id) { var hiddenTag = document.getElementById(h_id); if (hiddenTag) { showElement(div_id); } else { hideElement(div_id); } } if(typeof P === 'object' && typeof P.when === 'function'){ P.register(""isLazyLoadWeblabEnabled"", function(){ var isWeblabEnabled = 1; return isWeblabEnabled; }); } window.isBowserFeatureCleanup = 0; var touchDeviceDetected = false; P.when('atf').register('sp.load.js'); var CSMReqs={af:{c:2,p:'atf'},cf:{c:2,p:'cf'},x1:{c:1,p:'x1'},x2:{c:1,p:'x2'}}; function setCSMReq(a){ a=a.toLowerCase(); var b=CSMReqs[a]; if(b&&--b.c==0){ if(typeof uet=='function'){uet(a); (a == 'af') && (typeof replaceImg === 'function') && replaceImg();}; if(typeof P != 'undefined'){ P.register(b.p); if(a == 'af') { if(typeof uet === 'function') { uet('bb', 'TwisterAUIWait', {wb: 1}); } } }; } } if(typeof P != 'undefined') { P.when('A').execute(function(A) { if(typeof uet === 'function') { uet('af', 'TwisterAUIWait', {wb: 1}); } }); } var addlongPoleTag = function(marker,customtag){ marker=marker.toLowerCase(); var b=CSMReqs[marker]; if(b.c == 0){ if(window.ue && typeof ue.tag === 'function') { ue.tag(customtag); } } }; ;(function(_onerror){ var old_error_handler = _onerror; var attributionMap = { ""BrowserAddon"":{ logLevel: ""ERROR"", files:[ /^res:\/\//, /^resource:\/\//, /^chrome:\/\//, /^chrome-extension:\/\//, /^extensions\//, /^file:\/\/\//, /^chrome\/RendererExtensionBindings/, /^plugin\/amazon_com_detail\.js/, /^miscellaneous_bindings/, // plugin in china /^http.?:\/\/([^\s\.]+\.)*qhimg\.com/, // plugin in India /^http.?:\/\/([^\s\.]+\.)*datafastguru\.info/, /^http.?:\/\/sc1\.checkpoint\.com\/dev\/abine\/scripts\/inject\.js/, /^http.?:\/\/([^\s\.]+\.)*image2play\.com/, /^http.?:\/\/([^\s\.]+\.)*wajam\.com/, /^http.?:\/\/([^\s\.]+\.)*ydstatic\.com/, /^https?:\/\/([^\s\.]+\.)*googleapis\.com\/ajax\/libs\/jquery/, /^https?:\/\/www\.superfish\.com\/ws/, /^https?:\/\/api.imideo.com\/v2/, /^https?:\/\/minibar.iminent.com/, /^https?:\/\/translate.googleusercontent.com/, /^includes\/helper/ ] } }; function findMatch(f){ for(var attribution in attributionMap){ var i=0; var attributionValue = attributionMap[attribution]; var files = attributionValue['files']; while(files[i]){ if(f.match(files[i])){ var exception={}; exception.attribution = attribution; if(attributionValue.hasOwnProperty(""logLevel"")){ exception.logLevel = attributionValue['logLevel']; } return exception; } i++; } } return null; } function dpOnErrorOverride(message, file, line, col, error){ var matchingErrorFound = false; if(typeof file == ""string""){ try{ var jsException = findMatch(file); if(jsException && typeof jsException === ""object""){ jsException.m = message; jsException.f = file; jsException.l = line; jsException.c = """" + (col || """"); jsException.err = error; jsException.fromOnError = 1; jsException.args = arguments; if(window.ueLogError){ window.ueLogError(jsException); matchingErrorFound = true; if(ue && ue.count){ ue.count(""dpJavascriptAffectedErrors"", (ue.count(""dpJavascriptAffectedErrors"") || 0) + 1); ue.count(""dpJSError"" + jsException.attribution, (ue.count(""dpJSError"" + jsException.attribution) || 0) + 1); } } } }catch(exception){ if(window.ueLogError){ window.ueLogError(exception,{message: ""dpOnErrorOverride: error occurred - "", logLevel:""FATAL""}); } } } if(!matchingErrorFound){ old_error_handler.apply(this, arguments); } return false; } dpOnErrorOverride.skipTrace = 1; window.onerror = dpOnErrorOverride; })(window.onerror); var gbEnableTwisterJS = 0; var isTwisterPage = 0; isTwisterPage = 1; (window.AmazonUIPageJS ? AmazonUIPageJS : P).load.js('https://images-na.ssl-images-amazon.com/images/I/214guCMivUL.js?AUIClients/BISSDetailPageAUI'); /* Override for Native DropDown changes */ #buybox_feature_div .a-native-dropdown, #buybox .a-native-dropdown { opacity: 1; filter: alpha(opacity=100); z-index: auto; position: static; display: inline; font-weight: normal;} #buybox_feature_div label.a-native-dropdown, #buybox label.a-native-dropdown {padding-right: 5px;} #buybox_feature_div .a-dropdown-container .a-button-dropdown, #buybox .a-dropdown-container .a-button-dropdown { display: none !important;} #buybox_feature_div #OneClickBox, #buybox #OneClickBox { text-align:center;} #buybox_feature_div #oneClickAvailable, #buybox #oneClickAvailable { text-align:center;} #defaultChildDropdown_feature_div .a-native-dropdown { display: inline;} #defaultChildDropdown_feature_div .a-dropdown-container .a-button-dropdown { display: none !important;} P.when(""p-detect"").execute(function() { var h = document.documentElement; h.className = h.className.replace(/(^|\b)a-touch(\b|$)/g,""""); }); window.weblabs = {}; window.ue_ihe = (window.ue_ihe || 0) + 1; if (window.ue_ihe === 1) { (function(e,c){function h(b,a){f.push([b,a])}function g(b,a){if(b){var c=e.head||e.getElementsByTagName(""head"")[0]||e.documentElement,d=e.createElement(""script"");d.async=""async"";d.src=b;d.setAttribute(""crossorigin"",""anonymous"");a&&a.onerror&&(d.onerror=a.onerror);a&&a.onload&&(d.onload=a.onload);c.insertBefore(d,c.firstChild)}}function k(){ue.uels=g;for(var b=0;b<f.length;b++){var a=f[b];g(a[0],a[1])}ue.deffered=1}var f=[];c.ue&&(ue.uels=h,c.ue.attach&&c.ue.attach(""load"",k))})(document,window); (function(k,l,g){function m(a){c||(c=b[a.type].id,""undefined""===typeof a.clientX?(e=a.pageX,f=a.pageY):(e=a.clientX,f=a.clientY),2!=c||h&&(h!=e||n!=f)?(r(),d.isl&&l.setTimeout(function(){p(""at"",d.id)},0)):(h=e,n=f,c=0))}function r(){for(var a in b)b.hasOwnProperty(a)&&d.detach(a,m,b[a].parent)}function s(){for(var a in b)b.hasOwnProperty(a)&&d.attach(a,m,b[a].parent)}function t(){var a="""";!q&&c&&(q=1,a+=""&ui=""+c);return a}var d=k.ue,p=k.uex,q=0,c=0,h,n,e,f,b={click:{id:1,parent:g},mousemove:{id:2, parent:g},scroll:{id:3,parent:l},keydown:{id:4,parent:g}};d&&p&&(s(),d._ui=t)})(ue_csm,window,document); if (window.ue && window.ue.uels) { var cel_widgets = [ { ""c"":""celwidget"" },{ ""c"":""feature"" } ]; ue.uels(""https://images-na.ssl-images-amazon.com/images/G/01/AUIClients/ClientSideMetricsAUIJavascript@jserrorsForester.10f2559e93ec589d92509318a7e2acbac74c343a._V2_.js""); } (function(k,c){function l(a,b){return a.filter(function(a){return a.initiatorType==b})}function f(a,c){if(b.t[a]){var g=b.t[a]-b._t0,e=c.filter(function(a){return 0!==a.responseEnd&&m(a)<g}),f=l(e,""script""),h=l(e,""link""),k=l(e,""img""),n=e.map(function(a){return a.name.split(""/"")[2]}).filter(function(a,b,c){return a&&c.lastIndexOf(a)==b}),q=e.filter(function(a){return a.duration<p}),s=g-Math.max.apply(null,e.map(m))<r|0;""af""==a&&(b._afjs=f.length);return a+"":""+[e[d],f[d],h[d],k[d],n[d],q[d],s].join(""-"")}} function m(a){return a.responseEnd-(b._t0-c.timing.navigationStart)}function n(){var a=c[h](""resource""),d=f(""cf"",a),g=f(""af"",a),a=f(""ld"",a);delete b._rt;b._ld=b.t.ld-b._t0;b._art&&b._art();return[d,g,a].join(""_"")}var p=20,r=50,d=""length"",b=k.ue,h=""getEntriesByType"";b._rre=m;b._rt=c&&c.timing&&c[h]&&n})(ue_csm,window.performance); (function(s,l){function m(b,e,c){c=c||new Date(+new Date+t);c=""expires=""+c.toUTCString();n.cookie=b+""=""+e+"";""+c+"";path=/""}function p(b){b+=""="";for(var e=n.cookie.split("";""),c=0;c<e.length;c++){for(var a=e[c];"" ""==a.charAt(0);)a=a.substring(1);if(0===a.indexOf(b))return decodeURIComponent(a.substring(b.length,a.length))}return""""}function q(b,e,c){if(!e)return b;-1<b.indexOf(""{"")&&(b="""");for(var a=b.split(""&""),f,d=!1,h=!1,g=0;g<a.length;g++)f=a[g].split("":""),f[0]==e?(!c||d?a.splice(g,1):(f[1]=c,a[g]= f.join("":"")),h=d=!0):2>f.length&&(a.splice(g,1),h=!0);h&&(b=a.join(""&""));!d&&c&&(0<b.length&&(b+=""&""),b+=e+"":""+c);return b}var k=s.ue||{},t=6048E7,n=ue_csm.document||l.document,r=null,d;a:{try{d=l.localStorage;break a}catch(u){}d=void 0}k.count&&k.count(""csm.cookieSize"",document.cookie.length);k.cookie={get:p,set:m,updateCsmHit:function(b,e,c){try{var a;if(!(a=r)){var f;a:{try{if(d&&d.getItem){f=d.getItem(""csm-hit"");break a}}catch(k){}f=void 0}a=f||p(""csm-hit"")||""{}""}a=q(a,b,e);r=a=q(a,""t"",+new Date); try{d&&d.setItem&&d.setItem(""csm-hit"",a)}catch(h){}m(""csm-hit"",a,c)}catch(g){""function""==typeof l.ueLogError&&ueLogError(Error(""Cookie manager: ""+g.message),{logLevel:""WARN""})}}}})(ue_csm,window); (function(l,d){function c(b){b="""";var c=a.isBFT?""b"":""s"",d=""""+a.oid,f=""""+a.lid,g=d;d!=f&&20==f.length&&(c+=""a"",g+=""-""+f);a.tabid&&(b=a.tabid+""+"");b+=c+""-""+g;b!=e&&100>b.length&&(e=b,a.cookie?a.cookie.updateCsmHit(m,b+(""|""+ +new Date)):document.cookie=""csm-hit=""+b+(""|""+ +new Date)+n+""; path=/"")}function p(){e=0}function h(b){!0===d[a.pageViz.propHid]?e=0:!1===d[a.pageViz.propHid]&&c({type:""visible""})}var n=""; expires=""+(new Date(+new Date+6048E5)).toGMTString(),m=""tb"",e,a=l.ue||{},k=a.pageViz&&a.pageViz.event&& a.pageViz.propHid;a.attach&&(a.attach(""click"",c),a.attach(""keyup"",c),k||(a.attach(""focus"",c),a.attach(""blur"",p)),k&&(a.attach(a.pageViz.event,h,d),h({})));a.aftb=1})(ue_csm,document); ue_csm.ue.stub(ue,""impression""); (function(k,d,h){function f(a,c,b){a&&a.indexOf&&0===a.indexOf(""http"")&&0!==a.indexOf(""https"")&&l(s,c,a,b)}function g(a,c,b){a&&a.indexOf&&(location.href.split(""#"")[0]!=a&&null!==a&&""undefined""!==typeof a||l(t,c,a,b))}function l(a,c,b,e){m[b]||(e=u&&e?n(e):""N/A"",d.ueLogError&&d.ueLogError({message:a+c+"" : ""+b,logLevel:v,stack:""N/A""},{attribution:e}),m[b]=1,p++)}function e(a,c){if(a&&c)for(var b=0;b<a.length;b++)try{c(a[b])}catch(d){}}function q(){return d.performance&&d.performance.getEntriesByType? d.performance.getEntriesByType(""resource""):[]}function n(a){if(a.id)return""//*[@id='""+a.id+""']"";var c;c=1;var b;for(b=a.previousSibling;b;b=b.previousSibling)b.nodeName==a.nodeName&&(c+=1);b=a.nodeName;1!=c&&(b+=""[""+c+""]"");a.parentNode&&(b=n(a.parentNode)+""/""+b);return b}function w(){var a=h.images;a&&a.length&&e(a,function(a){var b=a.getAttribute(""src"");f(b,""img"",a);g(b,""img"",a)})}function x(){var a=h.scripts;a&&a.length&&e(a,function(a){var b=a.getAttribute(""src"");f(b,""script"",a);g(b,""script"",a)})} function y(){var a=h.styleSheets;a&&a.length&&e(a,function(a){if(a=a.ownerNode){var b=a.getAttribute(""href"");f(b,""style"",a);g(b,""style"",a)}})}function z(){if(A){var a=q();e(a,function(a){f(a.name,a.initiatorType)})}}function B(){e(q(),function(a){g(a.name,a.initiatorType)})}function r(){var a;a=d.location&&d.location.protocol?d.location.protocol:void 0;""https:""==a&&(z(),w(),x(),y(),B(),p<C&&setTimeout(r,D))}var s=""[CSM] Insecure content detected "",t=""[CSM] Ajax request to same page detected "",v=""WARN"", m={},p=0,D=k.ue_nsip||1E3,C=5,A=1==k.ue_urt,u=!0;ue_csm.ue_disableNonSecure||(d.performance&&d.performance.setResourceTimingBufferSize&&d.performance.setResourceTimingBufferSize(300),r())})(ue_csm,window,document); (function(d){d.ue_cel_stub||(d.ue_cel_stub=function(){var b={};return{registerModule:function(a,c){b[a]||(b[a]=c,b[a].on())},replayModule:function(a,c){b[a]&&(b[a].replay(c),b[a].off(),delete b[a])}}}())})(ue_csm); (function(a,d,h){a.ue_mcm_stub||a.ue&&a.ue.isBF||(a.ue_mcm_stub=function(){function e(a){var b=c.d(),e=(d.body||{}).scrollWidth,k=(d.body||{}).scrollHeight,f;h&&""function""===typeof h.now&&a.timeStamp&&(f=h.now()-a.timeStamp,f=parseFloat(f.toFixed(2)));g.push({rawEvent:a,additionalData:{ots:b,ow:e,oh:k,odt:f}})}var c=a.ue,g=[];return{on:function(){c.attach&&c.attach(""click"",e,d)},off:function(){c.detach&&c.detach(""click"",e,d)},replay:function(a){for(var b=0;b<g.length;b++)a(g[b].rawEvent,g[b].additionalData)}}}(), a.ue_cel_stub&&a.ue_cel_stub.registerModule(""mcm"",a.ue_mcm_stub))})(ue_csm,document,window.performance); ue.stub(ue,""trigger"");ue.trigger&&ue.trigger(""CSM_CLIENT_WEBLAB_TRIGGER"",""C""); if(window.ue&&uet) { uet('bb'); } } window.P && P.register('bb'); if (typeof ues === 'function') { ues('t0', 'portal-bb', new Date()); ues('ctb', 'portal-bb', 1); } {""AUI_160684"":""C"",""AUI_157141"":""C"",""AUI_TNR_V2_180836"":""C"",""AUI_UX_114039"":""C"",""AUI_UX_113788"":""C"",""AUI_UX_145937"":""C"",""AUI_57326"":""C"",""AUI_158613"":""C"",""AUI_149818"":""C"",""AUI_72554"":""C"",""AUI_BOLT_62845"":""C"",""AUI_UX_60000"":""C"",""AUI_ATTR_VALIDATIONS_1_51371"":""C"",""AUI_ACCESSIBILITY_49860"":""C"",""AUI_152852"":""C"",""AUI_PERF_130093"":""C"",""AUI_UX_138741"":""C""}typeof uex === 'function' && uex('ld', 'portal-bb', {wb: 1}) (function(d){document.createElement(""header"");function b(e){return[].slice.call(e)}function c(f,e){return{m:f,a:b(e)}}var a=function(f){var g={};g._sourceName=f;g._replay=[];g.getNow=function(i,h){return h};function e(i,h,j){i[j]=function(){g._replay.push(h.concat(c(j,arguments)))}}g.when=function(){var i=[c(""when"",arguments)];var h={};e(h,i,""run"");e(h,i,""declare"");e(h,i,""publish"");e(h,i,""build"");return h};e(g,[],""declare"");e(g,[],""build"");e(g,[],""publish"");e(g,[],""importEvent"");a._shims.push(g);return g};a._shims=[];if(!d.$Nav){d.$Nav=a(""rcx-nav"")}if(!d.$Nav.make){d.$Nav.make=a}}(window)); $Nav.importEvent('navbarJS-beaconbelt'); $Nav.declare('img.sprite', { 'png8': 'https://images-na.ssl-images-amazon.com/images/G/01/gno/sprites/global-sprite_bluebeacon-v1._CB327533540_.png', 'png32': 'https://images-na.ssl-images-amazon.com/images/G/01/gno/sprites/nav-sprite-global_bluebeacon-V3-1x_optimized._CB483188077_.png', 'png32-2x': 'https://images-na.ssl-images-amazon.com/images/G/01/gno/sprites/nav-sprite-global_bluebeacon-V3-2x_optimized._CB474516457_.png' }); window._navbarSpriteUrl = 'https://images-na.ssl-images-amazon.com/images/G/01/gno/sprites/nav-sprite-global_bluebeacon-V3-1x_optimized._CB483188077_.png'; $Nav.declare('img.pixel', 'https://images-na.ssl-images-amazon.com/images/G/01/x-locale/common/transparent-pixel._CB386942464_.gif'); (window.AmazonUIPageJS ? AmazonUIPageJS : P).when('navCF').execute(function(){ (window.AmazonUIPageJS ? AmazonUIPageJS : P).load.js('https://images-na.ssl-images-amazon.com/images/I/41eKbH%2BV9oL._RC|71gqiQPjkVL.js,61ybdwam-8L.js,41MSv8-3arL.js,113NkCQYmFL.js,01wBjiz9OvL.js,21YI5xZWAwL.js,31SFwv+1S1L.js,51+klsvwgqL.js,31Sch+N9NhL.js_.js?AUIClients/AmazonNavigationDesktopMetaAsset#desktop'); }); if(window.navmet===undefined) { window.navmet=[]; if (window.performance && window.performance.timing && window.ue_t0) { var t = window.performance.timing; var now = + new Date(); window.navmet.basic = { 'networkLatency': (t.responseStart - t.fetchStart), 'navFirstPaint': (now - t.responseStart), 'NavStart': (now - window.ue_t0) }; } } window.navmet.tmp=+new Date(); window.uet && uet('ns'); window._navbar = (function (o) { o.componentLoaded = o.loading = function(){}; o.browsepromos = {}; o.issPromos = []; return o; }(window._navbar || {})); window._navbar.declareOnLoad = function () { window.$Nav && $Nav.declare('page.load'); }; if (window.addEventListener) { window.addEventListener(""load"", window._navbar.declareOnLoad, false); } else if (window.attachEvent) { window.attachEvent(""onload"", window._navbar.declareOnLoad); } else if (window.$Nav) { $Nav.when('page.domReady').run(""OnloadFallbackSetup"", function () { window._navbar.declareOnLoad(); }); } window.$Nav && $Nav.declare('logEvent.enabled', 'false'); window.$Nav && $Nav.declare('config.lightningDeals', {}); div#navSwmHoliday.nav-focus {border: none;margin: 0;} try { if(window.navmet===undefined)window.navmet=[]; if(window.$Nav) { $Nav.when('$', 'config', 'flyout.accountList', 'SignInRedirect', 'dataPanel').run('accountListRedirectFix', function ($, config, flyout, SignInRedirect, dataPanel) { if (!config.accountList) { return; } flyout.getPanel().onData(function (data) { if (SignInRedirect) { var $anchors = $('[data-nav-role=signin]', flyout.elem()); $.each($anchors, function(i, anchorEl) {SignInRedirect.setRedirectUrl($(anchorEl), null, null);});}});}); $Nav.when('$', 'config').run('subnavSpacious', function ($, config) {if(config.pageType === 'ShoppingCart' && config.subPageType === 'NewHUC') { $('#nav-subnav.spacious').hide(); }}); $Nav.when('$').run('defineIsArray', function(jQuery) { if(jQuery.isArray===undefined) { jQuery.isArray=function(param) { if(param.length===undefined) { return false; } return true; }; } }); $Nav.declare('config.cartFlyoutDisabled', 'true'); $Nav.when('$','$F','config','logEvent','panels','phoneHome','dataPanel','flyouts.renderPromo','flyouts.sloppyTrigger','flyouts.accessibility','util.mouseOut','util.onKey','debug.param').build('flyouts.buildSubPanels',function($,$F,config,logEvent,panels,phoneHome,dataPanel,renderPromo,createSloppyTrigger,a11yHandler,mouseOutUtility,onKey,debugParam){var flyoutDebug=debugParam('navFlyoutClick');return function(flyout,event){var linkKeys=[];$('.nav-item',flyout.elem()).each(function(){var $item=$(this);linkKeys.push({link:$item,panelKey:$item.attr('data-nav-panelkey')});});if(linkKeys.length===0){return;} var visible=false;var $parent=$('<div class=\'nav-subcats\'></",Charades,,$61.13,"My daughter is 5'. The medium fit her. Perhaps a bit big. She loves it. The pants fit well. The belt was a nice accent. This jacket is constructed well. We love it. She received so many compliments.

It was a nice looking costume but I wanted the jacket longer. The neck and wrist pieces are good ideas for someone who might get too hot in a true blouse but that is what I decided I wanted in the end, a real blouse. The company got me the costume quickly and packaging was in great condition."
B01HCXO14I,"Udresses Lace Formal Mother of Bride Dress with Jacket (18W,Grey)",Udresses,,,Very small hips. Structured design with boning. Not comfortable. Return process was not efficient.
B015FWF5D4,Black Blended Wool Women Coats Long Trench Jacket with High Neck,Babyonlinedress,,,does not fit according to chart
B00MR2IOXE,"BGSD Women's ""Stacy"" MIssy & Plus Size Zip Front Suede Leather Jacket - Red S",,,,Gorgeous red color; nice soft suede. Fits as expected. Good quality.
B00LN6575I,"Ladies Biker Style Leather Fitted Jacket Womens Sr01 Black Purple Navy Red (LARGE, Red)",House of Leather,,,"I was a bit apprehensive ordering this jacket, but when it arrived it was *spectacular*. The red colored jacket was very bold. This has that Emma Stone look ;-) The quality is very nice. These definitely run small. My wife is normally a size large, and the extra-large fit her perfectly. You should order one size larger than you normally purchase."
B014D1MGJO,Exdream Women's Zip Hooded Sweatshirt Jacket Cardigan Tops Coat Black 4XL,Exdream,,,"This fits my mother who is a P8, I am a 3X. Don't order this...waste of money.

It WAS A 3x. And did not even get my arms in. I only wear a XL and wanted it larger. I had to give it to my niece who wears a small and it fit her perfect. VERY UPSET"
B016AZOUU4,FPT Womens Quilted Jacket BURGUNDY LARGE,Fifth Parallel Threads,,,"Nice jacket

It is really small

I selected a size large, a size I often wear, or medium. This jacket, while I liked it, was way to small, even though labeled as large. I returned it."
B00NZWDET4,TM Men's Classic Casual winter Long Trench Coat Jacket Overcoat Black,givemefive-men clothes,,,"If you buy this coat have many disappointments has I had, besides losing money. Actually, the bag pink indicated what it is VERY VERY SMALL COAT. Actually umbrella showing the deceptive image is almost bigger that the coat. If you wish to have the garment, just want to show a product that nobody need to recommend. I already assumed lost moneyfrom my purchase of this product. If you want to buy in blue tone ALSO will be disappointed."
B000UD028M,Puma Men's Agile II Jacket,,,,"Well definitly a great puma jacket and the seller shipped it very quick, I wish the price tag would be lower, but its ok, its puma..."
B01569TF8C,"Voglee Women's Winter Warm Long Coat Down Jacket Hoodie Outwear Tops (L, Hot Pink)",Voglee,,,"Nice coat but not true adult sizes. More like how you would size girls. M is about a girls 10 or 12. XXL is about girls 18.

It's comfortable and the color is the same as showed in picture. The only thing you may need to bare in mind is do checking their size reference. I bought one with 2-size up after talking to my friend who is a tailor, and it right fit!"
B018LPDWNW,"Galsang Men's Slim Lamb Wool Lining Leather Outwear Jackets #P8806 (M-Chest Size 38, Brown)",GALSANG,,,"Love the style, the color, the shape... However, the size was too small"
B00PITUKLW,WearAll Women's Plus Size Knitted Tassel Print Poncho Shawl Cape - Red - One Size,WearAll,,$14.50,"super nice for the money-great find!

It's ok for the price

Very warm and sophisticated looking shawl. The colors are beautiful.

beautifully made and fits well, packaged well and will order again from seller."
B00N26VG3O,Legendary Whitetails Mens Deer Camp Fleece Lined Shirt Jac Navy X-Large Tall,,,,"Comfortable

We are in love with the feel of this shirt!

They loved this - fit great, kept them warm, nice look

Excellent quality.

It shrunk after I washed it, now its too small. One of the buttons fell off the second time I wore it. It was very comfortable before I washed it, its very warm. For the price, though, I expected something that would hold up better."
B00NNXXAKS,Zutano Baby Fleece Mittens,,,$14.50,"i bought the same exact mitten in orange last year for my 3 year old daughter. it was perfect. she wore it nicely and was able to move her hand comfortable wearing it and its super soft. which is why i ordered a second pair this year as a backup. the reason i gave it 3 stars is bcd this green mitten's strings turned out to be very small. huge difference from the orange one. its the same exact brand. i don't understand why the makers decided to shorten the string. my daughter was was able to put her hands in them but couldn't move them anymore. so she is still wearing the orange ones from last year. i m a disappointed. i hope they fix this issue....

Cute baby mittens for the price. They don't have a thumb section, just one warm little pouch. The string is nice to thread thru baby's jacket or fleece - nice that they stay connected and you don't lose them, but can be a little annoying when she's not wearing them and they're just hanging from her coat, to get her arms in and out of car seat/stroller straps. Overall pleased with these for my LO's first Chicago winter!

These are great! Haven't had a chance to use yet, but they are soft and seem quality!

Perfect!

Very thin quality. Won't keep hands warm for baby.

very comfy!

I love these! My little bear has been wearing them all winter long 3 months- 6 months and they still work great. Plus they keep strangers from being able to touch his hands in public.

I loved these but he didn't even wear them they were too small.

Warm and cozy. Silly me, though - my baby didn't really need these this year. She was 7 months old this December and all her winter gear has sleeves that extend over her hands and are closed on the ends and we'll see if she'll tolerate mittens without thumbs next year as a toddler. We used them a few times in the fall with a lighter jacket and maybe we will again in the spring - we'll see. :)

These fit my 4 month old perfectly, I love that it has the string connecting the two so she won't lose them.

Love Zutano and these mittens are simply adorable. This string is essential with a 9 mo old

They are great

Perfect mittens for my 8 month old. Zuntano for the win!!

Could be thicker (warmer)

cute and warm. lined with soft cotton. long enough string to not restrict movement. great for little baby.

These are cute, but they have design flaws that make them pretty useless to keep a kid's hards warm. Mainly the string connecting in the middle of the outside of the mitten means that they get pulled off easily, and you can't tuck them over sleeves to help them stay on, which I often try to do. If the string connected to the inside of the mitten, and was longer, they might be a little better. Also, not very thick. Lots of cold hands.

The string is too short.

LOVE these mittens..so soft...and CONNECTED so they are not easily lost!

I purchased these mittens along with the matching booties. The mittens appear to be well made. I had not trouble getting them on, even though our little one does not like his hands covered up. They stay in place well and so far have kept his hands warm. If the temperature were really cold I think I would need to double up, but for 40 degrees and above they are fine.

We bought these for our 1-year-old and they're fantastic! We primarily use them as ""between places"" mittens -- wearing to keep hands warm between the car and the house, if we're outside on a walk for less than an hour, etc. They're lightweight and warm, but I wouldn't use these to keep his hands toasty if we were going to be doing more than 30 minutes outside under 30 degrees. The ONLY downside is that, as kiddo's grown this winter, the cord between the mittens has started to be a little bit restrictive and he's got less range of arm motion when the mittens are on.

These fit my 1 year old great! He can't pull them off and they seem to keep his hands warm. Love the bright color.

Too small for my 5 month old's hands, but he's already wearing 12 month clothes. I love the Zutano"
B011TSCVK8,Jiujiuyi Women's Roll Sleeve Button Closure Jeans Blouses,Jiujiuyi,,,"runs small and is unforgiving material. Cute though just snug!

Very cheap quality. tore up from stich line. I was not even were yet. I'm glad didn't happen at out side! fabric feels like a paper.

A lot too smaill!!!

The shirt is horrible like a thin rag. It came from China don't waste your money. Wanted to send it back but charging me money not wasting anymore on this crap!!

Entirely too small

Nothing u expected. VERY CHEAPLY MADE

The shirt was way to small. I believe they are Asian sizes. Gave it away!

I loved the shirt, unfortunate for me, but my granddaughter was able to fit it and she loved it also

Cute top to wear over tank and shorts on a warm day. Despite its appearance, the material is sheer and lightweight. Good for warm days."
B017NNC446,Queen-Ks Women's Mid-length Fleece Hoodies Casual Sweatshirt Zip Up Coat Grey L,Queen-Ks,,,Fits perfect and is very warm!!
B017INLIAC,"Neleus Men's Thermal Compression Pants,125# Brown,US Large,Asia XXL",Neleus,,,"Nice fit! US sizing, super comfortable! Love the pouch support. The material is very smooth and warming, You can't beat them for the price. I went ahead and ordered 3 more

I like them so much im buying another pair.

Awesome!

Very nice

Great fitting, cotton pants. Wish I could wear them outside.

The pants fit perfectly, I am 5'11 and I have a 36 inch waist and a 32 inch inseam, I got the XXL size due to the fact that the Asian sizes run very small, I normally wear a large.

Fits too loose for what I like. My American Large/xxxl Asian and my partners American Medium/xxl Asian are loose. I tried on his size and they fit tight as I like. In the correct size the pouch fits very good and supports my package. Not for deep winter wear because they are thin. Thicker and proper sizing chart would have received 5 stars. I will reorder more in the correct size and they will help under my leather pants for extra warmth.

Excellent, love this fit!!

They are great! They fit nicely and they are very warm. They fit perfectly underneath your clothing. Not bulky at all.

Short but they look nice

Fit just right and they feel great with the addition of a tee shirt or robe.

A little long but I am short. They are super warm and fit great.

I love this item I wish you had other colors.

Okay

Fit as expected.

I have a stocky/heavy boned build and 5't8.5"" tall: perfect fit worn all day. The pouch gently held the manly man parts from sticking to the leg skin

Keeps me warm, and has her hypnotized!! Soft material keeps me cozy and sexy.

These came in a branded plastic bag. They were packaged properly and arrived on time and without transit damage. Fit was near perfect and finish of the product was way more than what I expected for the price. Pattern can be off at stitch lines but it's a non-issue with me as this is what I would call underwear/thermal layer and so not critical that everything lines up. All in all, a great product at an even better price.

Wow they fit very coffable I was very shock that xxL and my waste is 35 , pouch area is great I just ordered two more thanks ''... Can't wait for them to go on sale agin for $5.50 I would order more '

Great sleepers"
B00Q5BV1SS,"Men's Stanely Workwear Waffle Knit Thermal Underwear Top & Bottom Set (Medium, Black)",Stanley Workwear,,,"These are nice. A medium is too small for a 6 foot tall skinny guy though. We got a dark dye color and there is no smell. I mention this only because some of the other brands do have a dye chemical smell on the dark colors. These are soft and would be nice to sleep in.

My thermal underwear fit perfect. I thought the size that I ordered was going to be small but wasn't. They're very warm and the order came very quick. I am happy and will do future business with vendor. Thank you!"
B00W5U9NEW,Patrol Red & Black Champion PerforMax Womens Tights - Size L,,,,Great pants! Perfect for outdoor running. Keeps you warm and dry without having to layer up.
B00K8D4CLM,"GoumiKids Baby Mittens and Booties Set Organic Cotton/Bamboo (Small/Medium, Starburst)",goumikids,,,"The fabric is surprisingly thin. After one wash the fabric gets ""furry"" . When I take them off there's lots of lint and her feet has all the material stuck to it. Perhaps it's because it's organic material? I'm not sure. The good thing is the Velcro- which secures them so they don't fall off. They are, however , quite scratchy at the edges so if the mittens on the Velcro side were to brush against her face it would still scratch her. For the price and quality, I wouldn't buy this again. It was pretty when it first arrived but after one wash it wasn't even pretty and look extremely worn out and used.

We love these...they do stay on and are very cute! The fabric did start to get nubby after a couple of washes, but we are still happy with them.

Perfect for new baby... The really do stay on!

Very soft & cute!

we LOVE these mittens and booties! cute, warm and they don't fall off!

Really nice set well made and booties fit nicly

These actually stay on my infant! I replaced all other mittens and socks (that were constantly falling off and disappearing) with a few sets of these and they're totally worth the extra cost, I just Velcro everything to each other before washing the set so that I don't lose anything.

These are cute and stay on well!

I would give 5 stars had the seller returned communication regarding the missing booties. I only received the mittens, but I ordered the set. Haven't received the booties, an email, or a refund.

Did not come as complete set - mittens missing!

Missing the mittens

I have these booties for my daughter and love them but I didn't receive the mittens to this set and it was intended for a gift. I kept the booties because they are adorable and Amazon refunded the mitten cost. Overall it was fine but I am disappointed I didn't received the mittens.

Why I bought this product: I was looking for stay-on mittens and socks for my newborn and these were cute. These were also the only ones that I found with velcro fasteners. How the product worked: These mittens and booties are a bit pricey but they stay on better than ones without the velcro. The mittens are also reversible so you have some versatility. I used these in the winter and they kept my newborn warm. Note: These are thicker than the thin cotton mittens and socks. I kept these on my newborn inside the house for hours and it was a bad idea. His hands were wrinkly from sweat and his feet smelled from the sweat as well. I used thin cotton mittens at home and saved these for outings. For outings these are great. The velcro stays on and the thicker material keeps the baby warm. For winter, I would suggest socks under the booties when going outside.

Awesome idea very soft material. But also very BIG. My newborn could not wear these they looked like it was more for 6mo+

The booties and mittens are great! They stay on and the grey is light enough in color that they go with everything. Our baby is 4 months and has big feet, so the med/large size was perfect.

Purchased size small/medium. They are more like xsmall/small. They were returned.

I ordered the boots and mittens set. I only received the booties. Sent back for a refund. They fit VERY large!"
B005WXNYFS,Hanz Waterproof Calf Sock Blk-xl 21195,Hanz,,,"they work well. My son uses them a lot for it vet job cleaning out the pins.

Bought these after seeing them in action on a canoe trip. They saved the day in cold water canoeing. Great product.

perfect for kayak waterfowl hunters that don't use waders!

Awesome just what i needed.

Just arrived

100% waterproof socks. Was concerned that they were not seal skin brand but after a little research they switched the name to Hanz so don't be alarmed. Breathable and warm at the same time. Would recommend to anyone!!

So far these have worked out great for MTBing in the PNW. They are bulky and do have some cold weather protection on them, but my feet get a little chilly after about an 1 1/2 on the trails. I noticed on the packaging that they make different socks for different warmth protection so I'm going to check them out for winter riding when it gets chilly and wet here

yes the socks are fantastic thay do the job keep your feet dry and warm, I reconmend these to anybody."
B00QGBHHZ8,North 15 Women's Waffle Knit Thermal Top & Bottom Underwear set,North 15,,$12.99,"Label says ""Not intended for sleepwear.""

Top fits fine, bottom is tight at the ankle and the stomach area is baggy.

I ordered the large size. I am 5' 6"" and my hips are 36 inches. The large size was way too small. Also, has a chemical smell.

Runs very small. This medium size is so small I don't think it will fit a small woman either.

do not waste your time or money!! returned mine, hopefully will get a refund. the pants are ridiculous! too short in the crotch! I am size -10 ordered a large and fit tight.

Weird fit, the pants are sewn strange and it makes it uncomfortable to wear. Long sleeve top fit fine though.

These are cute but very thin. I washed them immediately and unfortunately, my son had a piece of gum in his pants pockets and these became covered with sticky, Fluorescent gum. I had to throw them away.

MY GOD, what is the problem with the bottom??!??! This are the most uncomfortable clothes I've ever used!! Something is really wrong with the pants, I can't open my legs, and I ordered XL. I'm usually a M/L. The top is great, and the fabric is very cozy and warm, but I can't really figure out why are the pants so wrong! It's a pajama, it suppose to be comfortable. I can also say that I ordered one pair for my husband and he is really happy with it, but the bottom is not the same than de ladies one.

The material is not irritating, but what is? The way this garment fits. The bottom is puffy in the crotch area like it was made for a man not a woman.

Pants were oddly sized, crotch was really low and thighs seemed really tight. Top was a little large.

I ordered the lavender thermal set in an XL and they fit true to size. They are perfect to wear under your clothes and do not feel bulky. The material is nice and soft. I will be warm in the cold weather for sure. The set of thermal are very well made. This is the first set of thermal I have found that fit comfortably and are for a woman. This set of thermal are actually feminine looking and cute. I received this product for my unbiased opinion.

Runs small, but well made. Order next largest size.

free for the exchange of review. I love this product. They fit my daughter really well and she loves them. They will keep her warm this winter. It is a wonderful set of long johns and are a really pretty color. They would be a really good investment if you have cold days ahead of you. I look forward to getting more in the near future. They are wonderful. Thank you for letting me test this product.

I donated them as soon as I tried them on. The top was too big, but the bottom too small. It says the material contains 60% cotton, but I believe it's 100% polyester. Very cheaply and poorly made. Don't not waste your money!

It's tight but I wear it under all my clothes so I really wanted it tight!

I am a medium, but I ordered a large...I think that's the best way to go. These keep you warm in chilly/cold weather.

Make great Gift

Very lovely and warm :)

The fit of these is bizarre. Definitely not for a woman... But even a man would find the tummy/crotch area way too roomy... Maternity thermals??

Perfect tome of year to get these... Very comfortable. The fit is a little small, so you might want to order a size up.. great to keep you warm. Made of quality material and do not shrink or bleed when washed and dried. The material is very soft to the touch and they keep you warm for sure! Great color selection and an awesome value. I received these in exchange for my honest opinion.

The color is nice, however; the thermals were too thin and too small for keeping anyone warm. Instead of making a return to Amazon, we donated them.

This was exactly what I was looking for! Very comfortable and warm! And great quality! I use them for pajamas! Love them!!!

If you have a booty don't order these, the bottoms fit better on backwards

top is fine, but bottom fits low.

Maybe it is because I am tallish, but the pants barely make my crotch. I have to pull them up hard. We'll see when I act"
B00JCCVJ9I,Cowboy Wild Rag Silk Scarf - Royal Blue,Wyoming Traders,,$22.72,"Nice scarf! It goes well with my SASS outfit.

Was a gift and was well received. I would recommend to others

It is absolutely perfect! I am a cowboy in Arizona and it gets very hot here. This rag does the job! It's big enough and ties a 4 way cowboy knot perfect! I will buy again. Also they got it to me early as well! Great job guys!

Very lovely color. Soft. Durable. Warm. Perfect weight."
B014KHW9DO,Doublju Hooded Self-Tie Open Longline Cardigan (Plus size available) BLACK X-SMALL,,,,"Exactly what I was expecting, nice fabric and thin enough to wear around in the spring. Very flattering to the body with the tie to tighten it. Very happy!

I bought to have a thin cardigan for work, and this does the trick. Pros: Lightweight, flows really nicely (I'm 5'2"" and it hits below the back of my knees), fits snuggly on the top, and it doesn't need the belt to look complete Cons: Material is thin and not as soft as I'd prefer in a sweater, but it gets the job done. It's also prone to wrinkling and creasing if it's not put up properly. I wouldn't wear this alone if I was trying to keep myself warm.

but I'm giving it only 3 stars, bc of the quality

I would give it five stars if it wasn't so thin."
B01AIFPQEG,ABUSA Sheepskin Insoles Men's & Women's Premium Thick Wool Fur Fleece Inserts Cozy & Fluffy,ABUSA,,$12.99 - $21.99,"Really like the look and that the material is real shearing. They seem to hug the foot and for me that is a good thing. Like a hug for your toes. I think that suede and leather tend to get stretched with wear.

Nice fit- warm and comfy.

wish there was a bit more room to wear a warm sock, but otherwise they are wonderful!

buy a pair every year

Bought these slippers for my wife. They fit a little snug in her size 8 but better than the size 9's. She loves the slippers. They look great and good quality. Will buy again.

I bought these for my daughter-in-law, who suffers from Raynaud's. She absolutely loves them - they fit perfectly and are really warm!

I received these as a Valentine's day present. They are extremely warm and comfortable and the no slip bottoms make them very sturdy. I usually wear anything between a size 8 1/2 and 9 in heels but was given these in a size 8M and they fit perfectly. Highly recommended.

I have a shoe and boot fetish, however, when it comes to foot apparel I am extremely fussy, and it takes an awful lot to please all of my requirements. All footwear has to have a feminine appeal; I will not even look at something clunky. They also need to be comfortable; I have suffered from foot pains in the past due to uncomfortable but stylish footwear, and in the end it just is NOT worth the pain that affects toes, feet, shins and legs. Sales people have tried to convince me that with wear they will feel better, but I am not about to experiment because if they don't feel comfortable from the beginning, I loose complete interest. I will no longer endure any discomfort to accommodate any pair of shoes or boots, even if they look stunning, the latest fashion, or the the great sale price. Finally, they must be durable and offer support for my feet, and my ankles, with a slip resistant bottom souls for safety, to prevent any slipping accidents, and that includes slippery floors, and/or wet surfaces. For reference my shoe size is either a 6 or 6 (medium or regular), and the 6M fit well. Description: - Suede exterior, fuzzy soft sheepskin interior, uniform stitching with no loose threads. The underneath rubber souls are slip-resistant with large rubber protruding nubs around the entire underfoot perimeter. There are six more along the front part of the shoe and another by the back heel. Fit/Comfort: - Generally, when I wear a good pair of shoes/slippers, I am not aware that I even have them on. After 12 days of consistent daily wear, I have to admit these slippers are extremely comfortable. My toes feel comfortably snug, but not cramped, and above the front part of my foot the lining is soft and nothing cuts into my foot. The sides of the shoes offer a firm support so that my foot does not slip around, but not so stiff that my feet feel bound. The arch support is superior, and there is no pain in my feet at the end of the day. There is a slightly raised back along the ankle, which again offers some extra support, and as I raise each foot to take a step and walk, they do not slide up or out of this slipper. Additionally, this back part along the ankle fits firmly and comfortably and I have not had any red blisters across my Achilles tendon. The underneath soul of these slippers have (40) rubber nodules around the perimeter, 6 more along the front of the soul, and another by the heel. These provide slip-proof safety, on carpet, tile, marble, and all smooth and slippery surfaces, and I have tested them under both wet and dry surface floor conditions. The Abusa slippers are well constructed, they are very comfortable, they provide proper support for the entire foot, and the rubber flexible soul provides slip-proof safety for all floor surfaces and under all conditions. I love that they have conformed to my feet, rather than my feet conforming to these shoes, so they do NOT leave any marks on my feet. The only issue, which is the same for all footwear with sheepskin lining, is that they will be hard to clean when they e"
B00RIRMNA8,iYunyi Men's Adjustable Quick Dry Race Day Running Sport Letter Basebacall Twill Cap,iYunyi,,$7.72,"Lightweight and comfortable. Worn at the beach--no sweat; in the gym, not a problem. Dries quickly keeps air moving.

Perfect fit, great price

Hard to find a quality running hat at this price. They delivered! It is great and I would buy another one

I bought this for my husband to use for running. He raves about this hat! Perfect gift. Perfect price. Perfect fit. Couldn't be happier.

This hat is okay. It kind of ""puckers"" and doesn't fit smoothly. But for the price, that's my only complaint.

Nice light cap for summer walking

Excellent for the price. Fits well, wicks well.

nice, light weight running hat.

I'm a gal. This is a great running hat.

My husband loves his running hat. It dries very quickly as well and I think it looks good on him.

It is comfortable and delivered on time

These hats are nice and cool as well as lightweight. I wear them playing tennis.

A nice cheap hat.

The front shade is a little long , I am looking for a short one so that It look better. Please make one that is not long or short . Still Good for the way they make it and Cool n Comfortable !

Nice light weight

Nice hat!

Great product, no issues

Can't beat it for the price. Comes from China I think so delivery was a little slow

Nice if you're a pin head.

Husband likes it. Nice neutral classy casual....not a regular ball cap look..... Just as needed...

nice lightweight hat - i wear it every run and really enjoy it.

very good

Not bad for the price. This hat is very breathable and don't fit to bad either. Depends on the style of hats you like, this one fits snug to your head, has kind of a bicyclist hat look to it.

Is what I expected. A cool, snug fitting cap with nicely curved bill to wear on warm days. Has good air flow and protects my eyes. Not crazy about the badging, but I don't have to look at it while wearing it.

Cheap hat, I guess you pay for what you get.

Great fit and design, and a super price. Used for running and everyday wear. Very light and extremely comfortable.

So far so good with this hat. Breathes really well, and is super light and comfortable while running. Thought the brim would be a little smaller, but otherwise serves my purpose perfectly. And can't beat the price. Wish it shipped faster than a few weeks though."
B00FDND7KO,DJT Women's Long Sleeve Hooded Zip-up Sweatshirt Black 3XL US14,,,,"I read all the review before I decided on what size to order. Most of the reviews said it ran small. I saw a review that said she was a size 12 and ordered the 3X and it fit great. I am also a size 12, so I ordered the 3X and yes, the fit is perfect. I love this sweatshirt, it fits just like it is shown on the model.

Order 3 times your size to get a proper fit, I'm a slim 14 and this is long and great for my tall height but after reading all the size reviews I ordered the XXXL and its perfect. I don't care about sizes I just care about how the fit feels and looks :-) .

THE SLEVES WHERE A LITTLE SHORT BUT OTHER THEN THAT IT WAS A GOOD FIT

I love this sweater, its perfect for the car and not too heavy. one thing is the arms for me are ok now but hopefully won't shrink when washed

Got my adorable hoodie today--I love it! It's comfy and cozy. I went by other reviews on sizing. The best thing to do is to check the listed measurements, but also this particular seller has US sizing equivalents next to the DAUNTING many x's sizes. Ignore those x's and go by what their equivalent US sizes and measurements are. I NORMALLY wear a size XL/14. I ordered 3XL (XXXL): US 14 (their equivalent), and it fits great. I'm 5'6"" tall, my bust-waist-hip measurements are 43-34-42, and this fits nicely. The bottom portion is nice and stretchy, and I really like that it is longer, as well as the sleeves. The hood is thicker than the body and sleeves, but I personally like that because I don't like to get too hot. It is still nice, soft, and warm. Many reviewers also didn't like how this hoodie looked unzipped because of the double zipper, but I think it looks fine and it doesn't look weird or bad at all. I'm very happy with this purchase, and I will be getting another for my mom. If the manufacturers ever offer this in brown, I'll be all over that, too!! Update 1/3/15: I purchased another hoodie for my mom, and she LOVES it! I've had my hoodie for a couple of months, and I still love it. I'm so satisfied with this purchase!

I read others reviews and purchased a large (usually wear a medium). I love it and have received a lot of compliments.

I got a 3x & when i got it fit like a 1x know i have to send it back for a 5x my boobs are too big for the 3x on this so woman make sure you get a 5xif you hhave big boobs i like it but it was too smil for me of you all woman need to get some hair get it from me at pearl diamond.com

I wear an american Large sweater and X-Large sweatshirt and had to buy a 3XL and it still a little big which is perfectly fine because I wear another sweatshirt under it half the time, I live where it is really cold during the fall, winter and early spring, and this sweatshirt is awesome. I love the length wear it with leggings. I just bought another one two sizes smaller for my sister because she wears a medium and I am waiting for that order to come in. My sweatshirt only took a week and half to get here even though the transit said a month, was super happy about that. This is a must buy plus its really warm and I have gotten tons of compliments on it by friends and random people. P.S. side note (yes the zipper is not centered, but if you buy the right approximate size it looks really cool)

I ordered this extra big to wear it as a jacket I normally wear a extra large so ordered 3X but it was smaller than an extra large. When I tried to return it they asked for a picture? I ended up keeping it cause it was a pain to return it I emailed them after they asked for a picture and didn't get a response.

Had to give away, was about 2 sizes to small

Looks and fits just as pictured as long as you order 2 sizes bigger. I normally wear an XL in hoodies but large in tops. I got a 3xl and it's perfect. MAKE SURE TO READ REVIEWS and size charts.

It was every thing I wanted the length was right the arm length was right but the body wasn't fitting me I thought 3x was big but it's not

I had to return because it runs small but once I got the ri"
B00MFIVCQQ,Kamaco Winter Single-Breasted Warm Pullover Long Cardigan Sweater Khaki S,Fengbay,,,"Great item. Fits perfect. Long, warm, and stylish. Will order again in different colors.

I love this cardigan. Although it is not as long as in the picture, it is quite long. I receive many compliments every time I wear this sweater.

Nothing like the picture. It's knee length usual cheap material, not sure what the material is as the writing is in oriental characters. Haven't worn it yet cause I need to wash it first."
B00P9H3JHA,Husky Anime Faux Animal Hood Hoods Spirit Paws Ears Mittens Gloves Zipper Pocket,HatButik.,,$19.99,"I bought two, one for me and one for my boyfriend. They're really soft, and great quality. Although the inside wasn't black it was actually white, I thought it made it look better than the picture.

Perfect!!

Nice!!!

it sheds to much for my liking but its still a great product and i cant wait to wear it to EDCLV

I love this hood!! Its so cute and the fabric is much softer then I thought it would be. The fur is nice and fluffy but it sheds and it smells like plastic. Over time it should go away tho. The shipping was fast but it was a day late which isn't that big of a problem. Im really happy with the ears, as they don't fall down. Im about 5'4 and the length is perfect

The little pocket makes it amazing. The hood holds up well and the fur feels really nice, not too fake. I will definitely purchase another some day.

Super soft material! My ""paws"" were darker than pictured; they matched with the black lining instead of being grey. Also really happy for the small zipper pouch. It's too small to hold my phone, but I can put an ID, and hide some cash in there if I needed to.

Love this thing. It's very soft. Fits good and is very comfortable. Only complaint is that the zipper broke to where it doens't close within the first week but that's okay becuase I never use it.

looks okay, its very low quality but dose keep your head warm during the cold weather. and it has a zipper pocket and mittens with you see the paw prints for your hands. it dose loose some of the fur when you first get it then it stops. if your on a budget for your kids this okay.

Great

My kiddo thinks it's great.

I like this product, it is fun and edgy. The only thing I was disappointed in was the fake fur constantly falling out. If you're fine with the fur falling out then I would recomend it.

Absolutely adorable and so warm! I may be 50 but still a kid at heart. High quality and very soft. Can't beat the price.

Keeps me warm during the winter, great for raves!

It's a little bit loose about the head, but it has a button, so it works out pretty well. Daughter loves this thing. It is really cute and she says it is warm too. :)

Daughter loves it. I think it's goofy. Did smell kina funny when first opened.

I had a different one of these I had bought at Walmart a few years back, it was thick and super fluffy then it came up missing. So I began my search for a new one. The reason I gave it 4 stars is because it's not as thick and fluffy as I'd like it to be, but it works...I really like the button at the top that's one thing the one from Walmart didn't have

It was just a little big for my daughter but the quality is great and it is absolutely beautiful. My daughter loves it !!!

I LOVE MY SPIRIT HOOD!!!! I wear all the time lol! And it definitely kept my head warm in Minnesota

Wife purchased for a Halloween custom, and has used it after a few times on the cooler days.

Im in love with it not only did it come early but it came as expected , its so cute and fits perfectly on me .

its kinda thin, it feels a little cheap. but it works though. its just, it feels so thin, but in the picture it looks big and fluffy im a little dissapointed.

Amazing! Soft as imagined and well crafted. I love the pocket and the length is good. I can't wait to wear it to a show. For this price your'd be dumb not to buy it.

I bought this cute spirit hood to show my Husky pride at a viewing party. I received lots of compliments and am sure that I would've been toasty warm had I been out in the cold. The fit was great as well. I have a big head but it fit just right.

I love it!

Nice nice

I love this hood! I was worried because of some recent reviews but I got an amazingly soft spirit hood that does NOT smell weird! One of the ears got a little bent during shipping but it's not a big deal at all. And my ears are BLACK, not pink! I fluffed mine up with my hands when I took it out of the packaging and I also threw it in the dryer with a dryer sheet for about 10 minutes. Fluff air - "
B015C2MOBI,Women's Fall Winter Long Wool Woolen Warm A-line Pleated Expansion Skirts Skirt,eYourlife2012,,,"Runs waaaay too small. I'm an L, so I ordered a size up XL and this skirt was S size!!! It's a shame because this skirt is very lovely had it fit correctly. Nice wool material with little pockets, and it came with a cute gold belt. I tried to return it but it's asking for me to pay for the return postage. I'll keep it and give it away to someone who can fit in it.

runs small

I wanted a simple skirt with plenty of leg room. This skirt looked very stylish online so I bought the gray one. I ordered one in a small even though I saw people saying they run ridiculously small. They ended up sending me a Medium, which was good because I just fit into it. I could have even gotten a bigger size than that since it sits a little higher on my waist than I like. The skirt is lined, but not part where the belt loops are, so it is very itchy being wool. I wouldn't buy it again. Pros: Not see-through, good fabric, plenty of leg room Cons: Itchy on waist, runs small even on next size up, a little too short

5 stars for quality, but the fit is way off. I normally wear a US size 4 or small, but based on other comments, I ordered this skirt in XL. It fits, but just barely. The quality is great - nice thick wool, the skirt is lined, and the style is very flattering, so if you can order it a couple of sizes up, I would recommend this skirt. 5 stars for quality. 1 star for the really bad sizing.

The skirt is pretty and very warm. It's better to order one size up. The seller is quick to respond email enquiry and is very helpful.

It is valuable cloth and nice cutting design.....really don't hesitate to buy it......

very small size for xlarge. Ok if you are a size 8.

Too long and I'm 5'8"".

Didn't expect such good quality from an inexpensive China-made skirt, but my daughter loves it. It's thick, it washes and dries with our normal laundry and still looks great.

This was a very nice skirt, well constructed and a nice weight to the material. I did order based on my measurements, and was disappointed by how snug the fit was. I recommend add an inch to your waist measurement when ordering. Other than that, a wonderful piece. The belt was a nice addition.

Zipper is in the left seam versus the right. This runs very small. I ordered an XL. I sm usually a 10-12 US size. If this is an XL then I would like to know what unit of measure is being used.

The skirt has rough wool and was sent a size too large. It's a beautiful skirt and I'm hoping the replacement will fit well.

The skirt wasn't true to size. It wasn't design properly and it should be taken off the market.

Bad

Arrived extremely late and then it was too small

The skirt is a bit large despite my ordering a smaller than usual size. It is also very heavy and bulky, so I doubt I will wear it much - I would have returned it except that I was in the States only a brief time and didn't try it on until I returned to Israel.

It fit well

At 2 sizes to small

Material is very good but size is too small

why is seller having such difficulty in responding? this skirt has an awful smell to it and it's too small.

have to wait for colder tempd to wear it

No way possible to get correct size. Their sizing not consistent. Ordered 2 of sane thing, same size, both were different and the sizes were no where near US std size charts. They did offer full refund."
B015M9ZKQM,"Hot Sox Lightning Bolts Sock, Black, Medium",Hot Sox,,,Keeps my foot warm. Soft and fun. I don't expect a lot from my sox.
B01DQ0KYU6,"Lightweight Soft Open Front Shawl Collar Cardigan for Women Ð Draped Long Sleeve - Large, Black - also in Plus Sizes - from Katie K Active featured on Nbc's The Biggest Loser and Cosmopolitan",Katie K. Active,,,"I really do love this new cardigan!! It's medium weight and pairs perfectly over a top and pants or leggings. Very nice and warm for Central California weather in the mild parts of winter, and of course Spring and Fall for sure!!! Feels wonderful on - fits perfectly."
B00HN272MW,Mud Pie Baby Boy One Piece Crawler Bodysuit Set,Mud Pie,,$11.04 - $60.00,"So cute!

very good

Super cute great fit very pleased

Great quality onesie and socks. Looks great on my son!

Very cute and incredibly soft little top, but the stripes pilled pretty badly on the belly after even the first day in a wrap. Still wear it all the time because of the soft fabric.

I love this little gown!

I ordered this adorable onesie for a friend of mine who is having a baby boy around football season, excellent quality as I expect from the Mudpie brand and adorable! Mudpie sizes can sometimes run a little big or small but this one is right on size wise. Very cute and would order again!

Exactly what I was looking for to send to a friend in France who wanted country western items. Good quality and very good appearance. CUTE

Nephew loved it

It's really cute.

So cute

Adorable. Nicely made and thick fabric. Paired with denim colored shorts (Gerber) it makes a darling outfit!

The crawler is adorable, and it will make a great baby shower gift

Fits great!!

So cute! Everyone loves it who sees him in it!

VERY CUTE

Scratchy not typical mud pie softness.. Fits perfect for 16lb baby

Really cute but super expensive for the product! For horse lovers only if you think they have to have it!

Cute packaging.. But such a small gift to give someone.. I'm going to need to buy something else as well.

Mudpie never disappoints. Amazon is one of the best sites to find at a good price. We love Mudpie's quality fabrics. This set is too cute. Great for warm weather.

A darling, good quality garment!

Adorable but like all things Mud Pie, runs very small

My favorite baby gift the socks are a good bonus.

Awesome

My grandson had it on today on it looked adorable on him

Bought it for my nb grandson..loved it so did the parents

Bought this for my little cowboy and couldn't be happier. The fit is true to size, and it looks fantastic with a tiny pair of jeans."
B00QSXNW08,Totes Unisex Rain Poncho,,,$21.00,"Used it on a rain forest hike in San Juan. Rain was expected but sudden. I opened the pouch and slipped in on protecting my clothing and my camera .

Nice

Good product

it is good, but on the baggy side.

Good quality rain ponchos (others I've owned have been cheaply made).

Awesome and always ready for the rain.

Everything was perfect

great rain protection

Perfect to pack for Alaska trip!

These were purchased for an outdoor concert. They were so appreciated in the downpour! Great quality, price and reusable!

Great when we need them, have not worn yet ready when needed at grandsons baseball and soccer games. Leave in car for these storms. We are in Florida and tthey come up fast.

Keeps you dry & very warm. Large enough for an adult with a back pack and bags. Snaps on both side. Easy to pull on/off and roll up to store away in mesh bag it comes with. Used in Florida where it rained/poured on & off.

this poncho is available at heb for $4.50 for a single poncho. I did a mistake ordering a pair of these from amazon for $20!! And the size is just too big, looks like a box when u wear it. The length of the poncho and sleeves is quite short."
B01DVPHLK2,"TINYUNICORN Summer Women Wide Brim Straw Foldable Hat anti UV Absorb Sweat,Black",TINYUNICORN,,,"It is a very cute hat, but on the small side. I can't get it on my head, but I also have a lot of hair. The bends from shipping also take forever (if they ever) come out. https://www.amazon.com/review/R2UAK6H838Z7PL/ref=cm_cr_rdp_perm

Finally received this hat after waiting for almost a month. It arrived in a cardboard box, which was damaged. Upon opening the box the hat was bunched up and folded. Although this is a foldable hat, the crown was badly creased as was the brim. I am hoping that when I am actually ready to wear this hat the brim will not show the creases, like the advertised pictures shows. I purchased the black colored hat. The hat does fit snug, and has a chin strap to hold it on, which I do not see using. This product was purchased at a discount for reviewing.

I was so excited to get the chance to get a floppy hat for this summer but after opening the box, I was sorely disappointed.... It came SHOVED in a small box, which caused it to be creased and those creases seem to be permanent. I attempted to put the hat on but its larger than my head and because of the creases, it looks like a soggy wet hat and it looks terrible. The hat looks NOTHING like the picture... it is Shiny and you can tell its fake and cheesy and you can see the fishing line that was used to sew this thing together. I got this at a discount/free for my honest opinion and review.... And honestly I am considering returning it because its THAT awful.....

A wonderful hat for the summertime at the beach or marina! I got this stylish with fast delivery thanks to my PRIME membership, love that. So lets talk about the hat1 First, definite thumbs up. For the price, this is a great value. The material seems to be some kind of nylon blend or something, and you can tell that it will hold up well, far better than the straw types I have owned. The item packaging was a tad disappointing, in that it came tightly packed in a small box. While the hat definitely can be crunched, crushed, smashed, sat on, spilled on a and a host of other things I haven't managed to accidentally do to my hats and seems to handle them all just fine, the long exposure in the crumpled position in the box makes it memorize some bumps and wrinkles that are difficult to get smoothed out. Nothing was broken or ruined, but instead of having the nice smooth look in the picture to the right, it has more of an irregular floppy look like many of the beach hats do where the brim kind of ""ripples"" around the hat rather than a front and back dip like the photo shows on the listing, and which attracted me to the hat in the first place. However my hubby recommended trying to smooth it out more with a warm iron (not hot since plastic and nylon can melt) and I may post a follow up on that if anyone is interested. That said, the hat itself seems well made for the money and fit pretty much as expected. My head is in the small to medium range and it fit fine, but not tight. There is a fabric sweat band around the inside which is very nice and missing on some of the overseas sourced hats I have bought in the past. So plus there! It also has a built in head strap for those windy days at the beach to keep it secure on your head instead of blowing away! So another nice one there. The overall construction is sturdy. I did find a few hanging clear nylon threads which I show in one of the photos I think, but I clipped them off myself and gently toasted the ends to prevent any kind of slippage of the thread. Again, something I see with most hats like this so its not unusual. The seams are solid and the overall feel is a mid-weight level so the hat has some substance to it. I love the look and the bold stripes and the colors are uniform and crisp with no variations or fades, etc. This is definitely a great buy and for going out shopping, to the beach, whatever its a nice fashion statement with a wide range of outfits. it looks great with a sundress! I have a white one with black polkadots with matching pumps "
B013FIS34S,Koloa Surf(tm) -Koloa Text Logo Hoodies-Hooded Sweatshirt-Ash-5XL,Joe's USA,,,"Great hoodie

Perfect

Thank you.

The neck hole is a little small, other than that I'm happy with this product and will be buying from them again. It also came with a free beanie..

Awesome gear...

Not only was it well packaged and shipped super fast, the Koloa hoodie is well made of high quality materials. To top off the order they sent a free beanie hat and a Koloa decal (I will proudly apply to my board). Great price for great quality with a great experience. Great job Koloa and great experience with Joe's USA.

Its great and I love it the only wrong I would say and its basically my fault on this one , I ended up getting a medium in mens , im a womens small... so yeah it basically fit like it was and XL on me , but its still really cute .

Love It!

Awesome

I love the Koloa brand. The designs, and color choices, should fit anyone's style or taste. These hoodies are light-weight but warm. I'm 6'2"" and the XL fits nicely. Joe's is an awesome seller. Each time I've ordered Ive gotten freebies. I highly recommend Joe's & the Koloa brand! I hope new designs are available in the near future.

IT'S COMFORTABLE

Love the color / anxious to wear while driving school bus next year in the cool weather ahead! Thanks.

Great fit!!

Holds up with many washes keeps its shape. Durable and soft.

Fantastic hoodie! I will be ordering a few more along with trying out some of the t-shirts!

light weight, love the color I haven't seen anyone in the Washington DC area wearing anything like it. Maybe starting a new look.

High quality and great service.

I really like the hoodie a lot. Get so many compliments on it. The only reason why I don't give it 5 stars is because I ordered a XXL based off the size chart they had. I'm 6'1 and weigh 250. Fits little loose around the body but if I extend my arms the sleeves are perfect. Should I have got an XL?, or maybe I'm just used to my hoodies being a little more of a snug fit.

Great sweatshirt though!

Always a great experience when ordering from joes!!! Ty ty ty love it!!

Warm, comfy, and the perfect weight. A bargain for 14.99

Digging my hoodies guarantee I buy more

These are nice hoodies for the low price. I went up a size did not have too they are roomy. I am going buy few more next month as christmas gifts. I will also buy a couple more for myself. Neon green very bright love this color.

Great shirt..great price!! Love this company!! Will order more!!

Great sweatshirt! Fit perfectly and will be great when coming back from surfing!

Good fit for me mom love it

My new favorite hoodie! Super comfy and guys great.

I love this hoodie. I had to look up what Koloa was and its a city in Hawaii. Either way I like it. The color is the same as the picture and the size is perfect. Its very nice and soft on the inside.

Comfortable and warm! All around positive experience.

comfy

The pictures are not very accurate with the actual color.

Nice quality and price. Feels good over a t-shirt and or with a vest if it gets colder. Got a Royal Blue and a Cardinal Red. Colors are fine.

Great sweatshirt for a great price.

Its a nice hoodie, the neck was kind of tight for me . I put the shirt on and tried to stretch the neck out, but the stitching ripped where the hood part is sewn. I like koloa products .I ripped the hood off and use it as a gym shirt now. I will probably order another one a size bigger ."
B00DNNU17I,Keds Women's Boyfriend Chambray Stripe Blue 7 B - Medium,,,,I really like how they look. They are not for a wide foot as they run a little narrow. They are very fun to wear and the price was great.
B00JTN1MRO,"HE05335BK06, Black, 4US, Ever Pretty Short Evening Dresses For Women 05335",,,,"My daughter wore for homecoming. Very cute and becoming. Although she would have liked to have the hem a little higher (as do most teenagers) it was still above the knee.

This dress fit my 15 year old daughter perfectly! The quality of the lace and fabric were even better than I expected as well. We bought it to attend a sweet sixteen party and it is perfectly simple, elegant and longer in length than other dress for her taller frame. We love it!"
B013DYADSI,Choies Women's Chiffon Black Floral And Birds Pattern Sunscreen Kimono Coat S,Choies,,,"I really like this piece, but the sleeves are ridiculously too long! The pattern is really pretty and the length is longer, which is what I wanted. I contacted the company and they offered to give me back half my money. I thought that was a really good deal so I kept the piece and will have the sleeves hemmed. Once hemmed, this will look great with jeans."
B00Z8R6ATU,Oakley Mens MC Bolt Short-Sleeve Shirt X-Large White,,,,"Fit's perfectly, one of my favorite new shirts, have it in the grey. Was worried it might be too small since I have had other Oakley T-shirts before and they have tended to run small but this one was spot on. Will be ordering it in other colors as well. Love the lightning bolt (esp since I am a WX nerd), great deployment t-shirt! Does a good job in the severe heat as well with sweat dissipation also. Has a small triangle in black on the top with the Oakley logo and some writing on the back, but it's very subtle and good looking! Also one thing I love is that it doesn't SCREAM OAKLEY, it's also very subtle and you can only tell from the back. Which is good because I only wear Spy Sunglasses now haha..."
B01BIVNRRC,Juhabridal Long Sleeves Lace Mother of the Bride Dresses Formal Evening Gowns JHB031,Juhabridal,,,"The dress did not exactly look as showed in the picture, but it was still very beautiful and well made. I'm glad I made this purchase!"
B01BCDUIOG,Swarovski Exist Small Pierced Earrings 5192261,Swarovski,,$62.00,"Lovely and love it. Perfect size, very flattering, and comfortable. And on top all, service very good with speedy delivery."
B01D8K7HMM,"ProEtrade® Women's Plus Size Swimdress Printed Swimsuit Beachwear Plus Bikini Swimwear (10, Light Blue)",,,,"<a data-hook=""product-link-linked"" class=""a-link-normal"" href=""/ProEtrade-Women-s-Plus-Size-Swimdress-Printed-Swimsuit-Beachwear-Plus-Bikini-Swimwear-10-Light-Blue/dp/B01D8K7HMM/ref=cm_cr_arp_d_rvw_txt?ie=UTF8"">ProEtrade Women's Plus Size Swimdress Printed Swimsuit Beachwear Plus Bikini Swimwear (10, Light Blue)</a>I am comparing the following 3 swim suits I bought this week. I want to go to the gym and sit in the spa at the end. I picked these 3 items because I don't want to shave my private part every time when I want to put on the swim suit. These 3 swim suits all does a great job covering the bikini area. Two of them are 2 piece design and one is one piece design. My size, normally I wear size 8 petite for bottom and large for top. Bust size: 38"" widest, wear 34C and 36C Victoria secret full coverage only, may need a bigger size if not full coverage. Waist: 30"", butt: 36""; height: 5 ft 4"". I can put all of them on without any problem. I am returning 2 and keeping the one that is most comfortable. Size information for B01D8K7HOA: I ordered size 10 as more people think it's bigger than expected than smaller than expected. - Straps are adjustable from 9"" to 16"" - Bust: is 30"" measure flat, removable bra circle is 5"" diameter - Waist: as this is a 2 piece design, these is not really waist area, the part after the bra goes from 30"" to 36"" wide. - Bottom: boy short 26"" flat and you can stretch it out to 32"" - From the top to bottom, it measures 18"" Feedback: - I like the boy short, but I like this one the least. Although the bra padding can be removed, this is the most basic kind that I don't like. It is not designed for someone with huge top as there is no wire support like the other 2. I don't like the back (halter), I have a hard time to tight it. The position is too high and the fabric is too smooth and it keeps sliding away from my finger tips. I would rate this 75/100 compared to the other 2. /// Size information for B01H59GO1W: purchased size L based on size chart: 38.5-40"" chest - Waist is around 28"" - When lay flat without stretching, the bust area measure 32"" (without counting the curve of the cups) - From top (where the bust area) to bottom of the skirt measure 20"" Features that I like: - Adjustable shoulder straps, you can change it from 7"" and extend to whole length of 14"", I find the strap slightly uncomfortable - supportable wired cup - Removable padding, you can remove it if it does not fit you. I find the padding slightly bigger than the available area. It is difficult to pull it out, and flatten it out and have it turns and faces the right way after I try to put it back in. Feedback: One piece design: depends on your height, you may find it better to buy 2 pieces if you are much taller than me or you wear different sizes of bottom. I think this is perfect for someone who does not have huge tops. If you have more than C cup, you may not like this one. It maybe good for someone who is between 5 feet to 5 feet 7 based on the length and the shoulder strap. I do look slimmer in it, especially the waist area based on the design. As I am not that tall, although it fits me (not too tight, not too loose), I look ""wide"" in it based on the proportion of the dress and my body shape. I am returning it as I feel the cup padding area is smaller than my actual chest, and I rate this as 85/100 based on its quality and comfort. /// Size information for B01GX3BT9I size 12, I ordered this size based on my bust. - Strap is not adjustable, it measures 14"". As it is wider than B01H59GO1W, I find the strap more comfortable. - Bust: is 28"" measure flat, meaning, this one come with big curve bra and wired cup, and I can not measure all the curves. I only measure from the back in a straight line. - Waist: as this is a 2 piece design, these is not really waist area, the dress is 36"" wide after the bra cups. - Bottom: straight is 30"" but you can stretch it out to 36"" - From top to bottom, it measures around 25"". Features that I like: Flexi"
B012OEASCE,Soophen Polyester Boy's Soild banded Bowtie - Green,Soophen,,$4.00,This is a great bow-tie and my son loves wearing it!
B00JLXTMCY,82D-8212RS-NVY Women'S Rayon Span Basic Round Neck Short Sleeves Mini Dress - Navy S,82 Days,,,"Purchased this for a last minute Kiki's Delivery Service cosplay and it was perfect! Probably my most comfortable cosplay! It's super soft and hung nicely :) I'm 5 foot, 112 lbs and usually wear a small or medium.

LOVE THIS!

Way too big"
B000GAP1HG,D&G Women's White and Pink Frames with Pink Lenses,Dolce & Gabbana,,,"These sunglasses are very comfortable, and are definitely a bargain considering they're Dolce & Gabbana. I would recommend these to anyone who wants the D&G style without paying a fortune."
B015QV6BHI,"Set of 3 Pairs Single Flare Stone Plugs - 00g - 10mm - (White Jade, Hematite, Sodalite) - Sold As a Pair",Mystic Metals Body Jewelry,,$11.99,"They are a good set of plugs. The only problem is constantly losing the o-ring while sleeping. Also. The stone is so heavy you end up stretching your ears over time where they can easily slip out doing mundane things. I've lost one side due to this twice. Better for special occasions perhaps not everyday use.

I love these so much! The fit is perfect to gauge, the flare is large enough to prevent pull through and the stone itself is gorgeous. I love the coolness of the hematite; if my ears get irritated for any reason it seems to help heal them faster. I have bought this set in several gauges as I've increased the stretch; I highly recommend them."
B01EJKA6H8,StyleDome Women's Casual Cotton V Neck Long Sleeve Collar Shirt Blouse Tops Wine Red US 12,StyleDome,,,"Very form fitting. Nice quality thicker fabric. Arms are long. I had to fold them up, but my arms are shorter anyway. I wore it for a Gilligan outfit.

Comfortable. Well priced. Wash in cold water to retain color and hang dry."
B00W89Z66Y,Handmade Celtic Tree of Life Charm Beaded Pendant Necklace (Sodalite),,,,Very pretty High Quality Thank you
B00URGYQYS,"Cocobla Women Boat Neck Loose Dolman Sleeve Tops Bohemian Chiffon Blouse T Shirt (One Size, Orange 1)",Cocobla,,,not the best quality
B018G5AW9O,Dresstells® Long Prom Dress Asymmetric Bridesmaid Dress Beaded Organza Gown Burgundy Size 22W,DRESSTELLS,,,"We ended up cutting off the top and using the bottom and part of the top as a 'skirt' . Back made it difficult to find a bra as it was open. This was for my granddaughter, who is heavier (about size 20) . We had to purchase a shell type top."
B0097Q3OF6,"Sterling Silver Rose Gold Plated 5mm Criss Cross Mesh Design Italian Bracelet Band - 7.5"" Inches",,,,"This bracelet is very elegant and well made. Looks great!!!!!

EVERTHING WAS PRFECT . My wife loved the jewelelry spending some time to look at the purchase is # 1

I really like this bracelet, especially the color. It is really shiny and comfortable and not heavy at all. Worth the price!"
B000IHVQ4Y,"14K White Gold Princess Diamond 4-Prong Stud Earrings (3/4ctw, H-I, I1-I2)",Netaya,,,"This product was delivered with a ""broken"" fastener for one of the earrings. It was so loose it was not on the earring and was in the box separately. As soon as we found that this was not acceptable, we returned to the vendor for a refund. The refund was credited to our credit card quite promptly so this part of the transaction was handled well! The product was shipped and received promptly also. V. W. Witwer San Antonio, TX"
B01E8OA6UW,Zago Women V-Neck Loose Tank Tops A-Line Dress Blue XL,Zago,,,Cute dress but a little short. Comfortable to wear around the house but too short to wear outside but if you are young and on the small side it's a very cute dress.
B00STVDLBM,"Pi Day Once in a Century March 14, 2015 Long Sleeve T-Shirt Medium Military Green",,,,The Pi shirt was exactly the color that I wanted and it fit perfectly!
B014SGN7EC,Froomer Women Long Sleeve Cardigan Knitwear Sweater Coat Casual Wool Outwear,Froomer,,,"Its a thin knit pattern, however it works for what I needed it for."
B016JXO8YK,GOGO TEAM Womens Yoga Pants Sport Running Wear Skirt Leggings Black-USXL,,,,"The waist too small? Really?

It's cute but it's fits pretty tight I ordered a XL I wished I ordered a XXL but im working on returning it and ordering another.

Cute pants, fit as expected. I am 5'5"" with a 37"" waist and the XL fit just right.

Weren't what I expected. Shiny spandex material. Didn't really like. Ran small."
B01HJ0K9P4,-Pearl Goddess- Black Pearl Button Gothic Rouched Vintage Style Blouse-Plus Size (P24),CSDttT,,,This is a great item and works well in steampunk or Victorian fashions. The collar with the cravat is detachable and buttons on and it is light weight. Make sure to get accurate measurements before ordering as this is true to measurements and not normal sizes you get in stores. I am a plus sized female with a 52 inch chest buying shirts with button ups always gap and this fit perfectly with no gaping. I love this shirt!
B00FPS3GYE,Alternative Ladies' Sprinter Pants 9574 - Small - Eco Black,,,,"Ok quality... I had them for about five months, they are not in my regular clothes rotation and they already have a hole at waist line. I think they may run a little small too."
B003XSC4A0,Pink Floyd Division Bell Tie Dye Shirt,ill Rock Merch,,,"got a size too small and they immediately shipped me a larger one with a return bag, pre stamped and ready to go. arrived within days of the order. excellent service! thanks.

This shirt is very nice, although I don't like the ""plastic"" feeling of the prints. Also, for a small, the sleeves are pretty big. The length of the shirt is a small size, but the sleeves are like a large."
B00SX7T7BU,Women's Fun and Colorful Crew Sock 6 Packs (Beams),Eros,,,"Great socks well made and fit great.

cute and a good product for the price

Cute, comfortable, it'll work.

I should have read more closely as these aren't cotton socks and are rather slippery as well as the fact I couldn't cuff them due to the ugly underside..."
