repetition,implementation,mode,model,wall_seconds,engine_seconds,cpu_seconds,llm_calls,cheap_calls,expensive_calls,final_answer_rows,true_positives,false_positives,false_negatives,precision,recall,f1
1,trummer_heterogen_v2_cascade,llm,ollama/qwen3:0.6b->ollama/qwen3:1.7b,43.92016458394937,43.92016458394937,0.144946,57,50,7,40,13.0,27.0,0.0,0.325,1.0,0.4905660377358491
2,trummer_heterogen_v2_cascade,llm,ollama/qwen3:0.6b->ollama/qwen3:1.7b,17.92047079198528,17.92047079198528,0.13606099999999996,57,50,7,40,13.0,27.0,0.0,0.325,1.0,0.4905660377358491
3,trummer_heterogen_v2_cascade,llm,ollama/qwen3:0.6b->ollama/qwen3:1.7b,17.014646374969743,17.014646374969743,0.133549,57,50,7,40,13.0,27.0,0.0,0.325,1.0,0.4905660377358491
4,trummer_heterogen_v2_cascade,llm,ollama/qwen3:0.6b->ollama/qwen3:1.7b,17.305052874959074,17.305052874959074,0.12900699999999998,57,50,7,40,13.0,27.0,0.0,0.325,1.0,0.4905660377358491
5,trummer_heterogen_v2_cascade,llm,ollama/qwen3:0.6b->ollama/qwen3:1.7b,18.301281832973473,18.301281832973473,0.127463,57,50,7,40,13.0,27.0,0.0,0.325,1.0,0.4905660377358491
6,trummer_heterogen_v2_cascade,llm,ollama/qwen3:0.6b->ollama/qwen3:1.7b,18.584673957899213,18.584673957899213,0.120512,57,50,7,40,13.0,27.0,0.0,0.325,1.0,0.4905660377358491
7,trummer_heterogen_v2_cascade,llm,ollama/qwen3:0.6b->ollama/qwen3:1.7b,18.115366916987114,18.115366916987114,0.12248399999999998,57,50,7,40,13.0,27.0,0.0,0.325,1.0,0.4905660377358491
8,trummer_heterogen_v2_cascade,llm,ollama/qwen3:0.6b->ollama/qwen3:1.7b,18.18739633401856,18.18739633401856,0.130228,57,50,7,40,13.0,27.0,0.0,0.325,1.0,0.4905660377358491
9,trummer_heterogen_v2_cascade,llm,ollama/qwen3:0.6b->ollama/qwen3:1.7b,16.934778666938655,16.934778666938655,0.12935200000000002,57,50,7,40,13.0,27.0,0.0,0.325,1.0,0.4905660377358491
