method,precision,recall,f1,wall_seconds,llm_calls,cheap_calls,expensive_calls,cheap_seconds,expensive_seconds
V2_3,0.3558790800702566,0.4871212121212121,0.4030262485446885,13.803993954288307,10.709090909090909,8.0,2.709090909090909,10.284533637713386,3.5182081389992335
V3,0.6926406926406926,0.21363636363636362,0.3223072833599149,29.663896165472796,30.0,24.0,6.0,22.598469744856594,7.063564697799103
V3_2,0.99,0.49393939393939396,0.6069387475269827,5.947655768136874,4.6909090909090905,3.0,1.690909090909091,3.781438965219158,2.165573688848368
