question_index,question,implementation,method,repetitions,wall_seconds,llm_calls,cheap_calls,expensive_calls,cheap_seconds,expensive_seconds,precision,recall,f1
1,q_01,suql_baseline,SUQL baseline,1,26.8537400419591,40.0,0.0,40.0,0.0,26.8537400419591,0.2777777777777778,0.8333333333333334,0.4166666666666667
1,q_01,suql_v1_two_level_cascade,SUQL V1 (2-level cascade),1,33.70614966697758,100.0,40.0,60.0,13.408840166928712,20.23826008173637,0.2777777777777778,0.8333333333333334,0.4166666666666667
1,q_01,trummer_baseline_adaptive_block_join,Trummer baseline,1,210.43174829200143,30.0,0.0,30.0,0.0,210.43174829200143,0.17857142857142858,0.4166666666666667,0.25
1,q_01,trummer_v1_structured_two_level_cascade,Trummer V1 (structured + 2-level cascade),1,119.92938787501771,8.0,5.0,3.0,16.482995417085476,103.44231654098257,0.2857142857142857,0.16666666666666666,0.2105263157894737
