implementation,method,total_wall_seconds,total_llm_calls,total_cheap_calls,total_expensive_calls,total_cheap_seconds,total_expensive_seconds,macro_precision,macro_recall,macro_f1,cheap_time_percent,expensive_time_percent
trummer_heterogen_v2_3_batched_cascade,V2_3,82.09253115514929,33.0,24.0,9.0,13.974250427225012,68.10785921163519,0.2910655015918174,1.0,0.4503023431594861,17.024721329298256,82.97527867070174
trummer_heterogen_v3_pruned_cascade,V3,43.48609920053489,85.0,70.0,15.0,19.306879570591263,24.165062999723222,0.4615384615384615,0.8666666666666667,0.5892255892255892,44.412277043665576,55.58772295633443
trummer_heterogen_v3_2_pruned_batched_cascade,V3_2,40.74816451497927,16.0,10.0,6.0,4.159408875031989,36.58112817827019,0.405982905982906,0.7333333333333334,0.4907407407407407,10.209509191275751,89.79049080872426
