question,difficulty,implementation,method,wall_seconds,llm_calls,cheap_calls,expensive_calls,cheap_seconds,expensive_seconds,cheap_time_percent,expensive_time_percent,true_positives,false_positives,false_negatives,precision,recall,f1
question_1_easy,1,trummer_heterogen_v2_3_batched_cascade,V2_3,24.40816397717307,11.0,8.0,3.0,4.398674882779067,20.006614496169444,16.134907759968424,83.86509224003159,12,25,0,0.3243243243243243,1.0,0.489795918367347
question_1_easy,1,trummer_heterogen_v3_pruned_cascade,V3,21.706032723357733,30.0,24.0,6.0,6.612552946475758,15.088330030324869,31.10340597929161,68.89659402070839,12,12,0,0.5,1.0,0.6666666666666666
question_1_easy,1,trummer_heterogen_v3_2_pruned_batched_cascade,V3_2,12.880995685467497,5.0,3.0,2.0,1.3369313485348937,11.541271166727794,10.342184207534858,89.65781579246514,12,12,0,0.5,1.0,0.6666666666666666
question_2_medium,2,trummer_heterogen_v2_3_batched_cascade,V2_3,27.28049302637704,11.0,8.0,3.0,4.749544624683701,22.527558435199104,15.607614531548808,84.3923854684512,10,28,0,0.2631578947368421,1.0,0.4166666666666667
question_2_medium,2,trummer_heterogen_v3_pruned_cascade,V3,10.482700090802444,26.0,20.0,6.0,5.326369488326071,5.152235923842951,54.237568216884966,45.76243178311504,6,6,4,0.5,0.6,0.5454545454545454
question_2_medium,2,trummer_heterogen_v3_2_pruned_batched_cascade,V3_2,12.975219435587697,5.0,3.0,2.0,1.2010064054788514,11.771861795547672,9.27805436272455,90.72194563727544,2,4,8,0.3333333333333333,0.2,0.25
question_3_hard,3,trummer_heterogen_v2_3_batched_cascade,V2_3,30.40387415159917,11.0,8.0,3.0,4.826030919762244,25.573686280266635,14.372929598832838,85.62707040116716,10,25,0,0.2857142857142857,1.0,0.4444444444444445
question_3_hard,3,trummer_heterogen_v3_pruned_cascade,V3,11.297366386374712,29.0,26.0,3.0,7.367957135789435,3.924497045555406,68.99372011789552,31.00627988210448,10,16,0,0.3846153846153846,1.0,0.5555555555555556
question_3_hard,3,trummer_heterogen_v3_2_pruned_batched_cascade,V3_2,14.891949393924072,6.0,4.0,2.0,1.6214711210182444,13.267995215994729,10.908327468986446,89.09167253101356,10,16,0,0.3846153846153846,1.0,0.5555555555555556
