implementation,method,precision,recall,f1,wall_seconds,llm_calls,cheap_calls,expensive_calls,cheap_seconds,expensive_seconds
suql_baseline,SUQL baseline,0.6825238095238095,0.7583333333333333,0.6779407105877694,115.56995479621953,117.08,0.0,117.08,0.0,115.56995479621953
suql_v1_two_level_cascade,SUQL V1 (2-level cascade),0.7089600925390399,0.8083333333333333,0.6959243272516105,923.6018740803493,70.05,40.0,30.05,834.3242152937125,89.25166273053443
trummer_baseline_adaptive_block_join,Trummer baseline,0.6548934837092732,0.4083333333333333,0.44433787891979737,71.27735597164953,96.87,0.0,96.87,0.0,71.27735597164953
trummer_v1_structured_two_level_cascade,Trummer V1 (structured + 2-level cascade),0.8096717171717172,0.75,0.7570538199828818,35.053483586978686,10.0,5.0,5.0,21.077190249442356,13.975617623349825
