product_id,review
B00UMCSWHY,"these look pink here but when they come in they don't look pink haven't worn yet

Awesome glasses dark what I wanted and style is sweet :-)

They fit great lol be safe he color

The glasses are nice only giving them 3 stars cause the lenses were smaller than my wife likes. The also don't make it dark, another of her preferences. Otherwise I'd say they are great looking glasses.

Nice glasses for the price. No issues so far

So far, they are working fine and they look great. That being said, I feel like I have to add that they were shipped in bag, without much protection. The logo was broken off one side. I used a dab of Gorilla Glue, and it seems to be holding alright.

Beautiful! Love these sunglasses!

Bought this product, love them but the screws keep falling out. Can't wear them when they are broken..very disappointed..

Great price love the color! Wasnt quite what I expected but not bad for the money Im sure theyll last me all summer!

I like the sunglasses but when I received them one of the arms was bent. I was able to fix it well enough. They work well.

They fit too tight around my head. I've never thought I had a big head but with these glasses sure it feel like it. :(

Love these

good fit , pretty, good price

My favorite glasses..won't wear anything else but these love them

Came when ordered and exactly as pictured love em

Cute, good priced and well made.

Emblem fell off arm of glasses within 2 days.

Love how they look.

Not tinted very well so they didn't work very well

Love the glasses. Defect in one lens right on my line of sight. Really bummed because they are perfect except that defective line all the way down inside the middle of the left lens.

Nice

Love them.

Prompt shipping. I love my sunglasses. Exactly what the picture looks like and as I expected. Very stylish.

So I love these sunglasses but the reason I gave them a four star is because they were missing a bead on the sunglasses on the side so they were slightly damaged but not enough that I won't wear them.

I had to order these glasses twice. The first time I received them they were broken so I had to return them with no problems. The second pair I received was perfect fit & not broken.

Pretty nice for the price

They were shipped fast and fit comfortably

This is my second pair! Love them get a lot of complements on them! I now own 3 pair in different colors!!!

The CG fell off on one side.

fell apart right away

I bought a pair of these for my fianc just to hold her over until I got her oakleys, and they came in broken! Returned them, for a refund and used the refund to hope for a better pair... NOPE! They came in broken, yet again! Not wasting my money on these again. To those of you that received them in great condition, you're the lucky ones.

quality product, fits great, great price

I love pink and these sunglasses are amazing! Does not look cheap...thank you!

Love how snug these fit. When I bend over to clean my horses feet they don't fall off like my old ones.

Great looking glasses. However, on the second day I had them, I dropped them in the GRASS and both arms snapped off. Not very good quality.

These sunglasses are nice & fashionable but very cheaply constructed. They haven't broke, yet, but I have only wore them once & I don't dare fold the ear pieces down because there is not much holding them together!

Really light weight kinda cheap

Look great and match anything pink and black.

I really like these. They seem sturdy and fit snug on my narrow face. They also are good for wind when we airboat.

Like them but when I received them it has a blotch of what looks like gold paint on them.

Very nice

Loved!

Was very disappointed stated pink lens. Have to wear pink over eye injury There to dark for me to even wear

Love them.

Cute but made cheaply

Beautiful sunglasses don't appear to be so cheap. My husband was worried I spent to much when he saw them. Fit is great too. Highly recommend them.

Very cheap and break easily....
"
B00RNBZD7O,"Really like the sunglasses very much. Cuts the sun's glare and fits perfectly over my RX glasses. My sister likes how they look! She got a pair also!

Great!!! Couldn't imagine better over small frames.

These are a bit small and tight on my head. Otherwise a good product.

Love them...wish I would have ordered more than one pair.

Love these. They fit beautifully over my square type frames. Since I have a sensitivity to bright light these make being outside and driving a lot more bearable. More fashionable than most by far.

Nice for the price.... fit well, just not very dark

These are wonderful! Had a little trouble with USPS, but the seller was very responsive and willing to help out. I thought the lenses would not be dark enough, but once I tried them, they are plenty dark. Since I wear contacts some days and glasses on others, I was hoping the fit to my face would be close enough that I could use these for either situation. The frames fit around my glasses just fine, and the sunglasses when worn with my contacts fit my face well too. So I'm going to protect these from scratches cause I don't want anything to happen to them. But if I do need to replace them, I know exactly where I will go.

cute sunglasses fit perfectly over my glasses...love that they keep the sun from coming through the side too...and stylish

These sunglasses are just what I needed. They fit well over my wide temple glasses. The colour is lovely, I find them comfortable to wear. A great value. I would purchase again.

Fit perfect. Love

These sunglasses fit perfectly over my glasses and do NOT squeeze my head - which some do.

I got these for my 10 year old daughter to wear over her regular glasses. They are slightly larger than a perfect fit, but I do realize she's inbetween a youth and an adult. Overall decent pair of sunglasses. I like the side shield for the extra sun protection.

There is nothing small about these frames. I looked like a senior citizen! I'm in my 30s and wear small glasses (kid frames) - these fit over them, but they look ridiculously big. Very disappointing.

Cute sunglasses! A little bigger than I expected.

Loved the sun glasses. With my gray hair they look good because of the colored frames. They fit good over my regular glasses.

They are exactly as described and work perfectly. Styling is nice, too.

Love the color, love the fit.

They were just too small for my glasses. I wish there was some kind of guide so I could have known what size to order. My glasses are quite small and frameless so I though these would work. Didn't like that it cost me return shipping to find out they wouldn't work for me.

These sunglasses are truly remarkable. They fit well and the protection for your eyes is very good. Bought a second pair for a family member. Stylish and easy to clean.

I've been wearing Fit Over glasses for many years as my eyes are too sensitive to sunlight to allow me to wear most prescription sunglasses. Plus it's more convenient to me to keep my glasses on and just put on or take off the sunglasses. This is by far the most attractive set of Fit Over glasses I've ever bought - the print is subtle and they look like traditional sunglasses. Love them.

Amazing, they fit over my very small glasses. They work very well for the purpose intended.

They are by far the best sunglasses I have own

Fit perfectly. Clear vision!

I am a petite woman and this product fit over my classes without being overly large on my face. Love the purple print. The print is subtle and adds a nice accent without being garrish.

The glasses were great! They fit over my regular glasses easaly. I love the fit and loved the purple frames!

Much easier to deal with than clip ons!

Excellent

I've had so many compliments on these. I have prescription sunglasses, but love these since I don't have to switch them!

Love them"
B00SXOSDXG,"Honestly kid glasses. Gave them to my five year old niece and she looked great.

Highly recommended purchase. Best clubmaster style shades for the price.

This glasses feel a little bit on the cheap side, I tough the little legs would feel a little bit more riggid bit they were too loose. The lenses are fine, they're kinda dark. But for the price you get a nice looking frame. You get what you pay for, don't have high hopes. It is fine if you just need a couple of glasses last minute and don't want to spend too much on glasses.

Regret buying it

I bought these because my face is small but they are actually kinda big. They ship from China, mine came in within a week. Overall decent product for its price but if you have a small face like mine, this is not what you're looking for.

If I could leave zero stars I would,size was perfect for my wife's face. But within 3 weeks of wearing a fee times and never dropping The Cheap Thin plastic is cracking and deatsching from the metal frame. Crappiest construction EVEr, I have cheaper glasses that last longer and don't disibtegrate . fell apart from just putting on the face. Do NOT buy

I like the glasses but it's false advertising. I got knock off Ray-Ban sunglasses and that's not what I wanted. I don't wear knock offs. Overall the glasses are nice but it should have been mentioned these are ""Ray-Ban"". I'm so upset. It says Ray-Ban on the lenses and everything like the real one but it's fake.

A little disappointed. They are kids size. Doesn't fit me whatsoever but my little sister loved them. Wears them whenever we go out.

They are meant for children. Extremely small, may fit you if you have a smaller face

Good product

Garbage. Don't waste your money. Are like kid size glasses

I received a pair that had been broken and glued back together. I would not recommend this product to anyone."
B005KXG074,"Ad says ""Protection: 100% UVA & UVB"" But imprinted on the lenses is ""UV 400."" Because I need the full 100% UVA and UVB protection, I hesitate wearing them. I have heard nothing back. Qhy!!!!

love these sunglasses they are so nice but sunglasses are all the same no matter what I have 3 pair of these sunglasses different colors and yes these are knock offs and come from china but so what still love them regardless. Budget sunglasses believe it or not I get compliments all the time with these sunglasses. Plan to order more pairs later down the line. Kristen.

Cute sunglasses.

we are happy with the product

Luv these sun glasses. Fit just right for me n others asking where I got it..lol.

I love this glasses, they are very sophisticated and pretty

got here quicker than expected. The glasses looked like the picture, but they were REALLY big and lose! i had to take them to an eye glass shop to have them reshape them to bend them and make them a little tighter, but they're still a bit lose.

It got broken after2 days

Exactly what I expected!!!!! Great product for the price...I just ordered another pair for a birthday gift...great great great great

There alittle big on me and im olny 14 and there big and there cheap I think but there pretty but I wouldn't buy them again though

nice glasses. arrived on time. a little wide but I have a lot of hair so that's not an issue.

For an online purchase without trying on - these were awesome! They were just a little bigger than I expected. But I still like them a lot!"
B01DXACNXK,"Lens popped out and is plastic. I bought glasses just as cheap and got better

I hate them. Costs to much to return.

When I opened them, I thought what in the world. They were closed flat and looked sort of big and funky. But I love them, they are not too big at all. I thought they would fall off my face, but they don't. Really may not be for everyone, but I think they are really cool and block the sun. What more could you want.

I opened my package and the leg of the shade was broken. If the seller, replaces the item I will give 5 stars, because they looked cool but I can't wear them ):

I wanted the gold and pink sunglasses, but due to a problem with availability, I settled for the black on black. The code I received in order to offer my honest and unbiased review in exchange for a discount only applied to the black on black glasses. I love the design. It is so different than anything I could ever hope to find at a reasonable price in a store. They block the sun as expected. I was a little worried that they would end up being bulky on my face, and heavy on my nose and ears. When I received them, within the appropriate amount of time, I was happily relieved of those fears. They are not bulky on my face and they are not heavy. They are sturdy, so you have to expect some amount of weight, but it is not bad. These look really cool on my face. The tan line they will leave might be a little annoying, though. So, I have resorted to wait until the sun is not so strong and hot here in Northern Illinois, USA, to wear them regularly. I am the type of person that will forget I am wearing sunglasses and end up with the raccoon eyes tan line on my face."
B01DM9SIL8,"I love these. I expected them to be not as well made as they turned out to be. The lenses are flat and in no way curved so don't think they are curved like regular sunglasses. I love that they are transparent but still have that chrome shine on the lenses and I love that they are big, even on my face. Update, I have ordered these 3 times, this time not only did I not get what I ordered but I got two pairs of sunglasses that are ugly at. I'm super disappointed since the glasses I like are hard to keep from scratching and the others I have aren't lost just scratched up"
B004QRR1Z0,"Love these shades!

The product and shipping were overall great, the sunglasses did have a small scratch on the front and side but nothing major, thank you

I love just about all fox products, and this is exceptionally one of them."
B01E6ZG9E0,"These glasses are absolutely fabulous! They even came with a case to keep them in! I'll be buying another pair in the future for sure!

I love the style and get compliments all the time. They appear to be good quality, although they did seem to scratch easily (the reason I gave 4 stars and not 5) Still worth the price!"
B01ADPJW8W,"Works and fits great.

I have prescription glasses and wanted a pair of sunglasses to leave in my second car because I often forget to get my prescription sunglasses out of my primary car when I drive it. These work great and fit my glasses absolutely perfectly.

great quality and very reliable seller

Arrived damaged with broken frame. Very thin and cheap. Glad they were broken so I could return and purchase something better.

Husband says he likes them just fine!

Fits over glasses great, ould by again

Very comfortable. I am glad I chose these. Delivery was on time.

I love the glasses. I needed a pair that could fit over my prescription eyeglasses after my recent eye surgery. I took a chance on this pair and i am very pleased. They are comfortable and fit over my glasses very well. My eyes are very well protected too.

Fit great looks good as advertised

These glasses look good and help block glare. Good buy!

This is the second pair purchased my husband likes the fit over sun glasses. Good value. Thanks

They fit great over my glasses.

These are a necessity after eye surgery. Nothing protects better, and I love being able to put them over my regular glasses. I only wish they came with a nose piece so I could wear them alone."
B01FY3I0J0,"These are cute and something different from my other sunglasses.

I'm only giving these pair of sunglasses 3 stars because when I received it already had a scratch on the lens. Pretty disappointed. But I still kept them because I can hardly see the scratch when I wear it.

These are supercute sunglasses I got the mirrored/ clear, they have that vintage cat eye look that I adore. I am the type who likes to wear different sunglasses, these did not disappoint they are quality made, stylish, unique and all for a reasonable price. I am glad that i came across these, I will be looking at ordering more in different colors they even come with a cloth bag for protection. I received this product at a discounted rate in exchange for my honest, unbiased review all opinions expressed in this review are from my own personal experience with the product. I am not affiliated with the manufacturer nor the seller of this product, I am not compensated, I am under no obligation to leave a positive review"
B00AJYQQOQ,"These aren't shoes they are sunglasses

love the look

My husband had a pair of these for years. They were so scratched that I looked for another pair and found these. He loves them and won't wear any other sunglasses.

Orange Lenses for life. These shades will forever brighten your days up despite if it cloudy or overcast. =-) hallelujah"
B01HE5UNFK,"Nice fit for large glasses. Good bargain.

Attractive and work very well for my husband

Perfect fit and fast delivery. Locally, I'd have to pay more for one pair than I did for these two, including postage.

I should have ordered the 60mm I got the 63mm and they are very large..too large. But the glasses themselves are nice.

They work just great. They fit over my glasses nice and snug. I like the side because the sun doesn't come in that way.

Sized as advertised, appears to be of good materials.

Much better than the over priced versions. I bought them both and this one is just as good if not better! Great buy

Look good & work well

Very nice and fit well.

Product was very large and did not fit over a normal size pair of eyeglasses.. Since it cost so much to ship the product back I just threw them in the draw. They are oversized , ugly and of not use.

Excellent glasses at a reasonable price. Fit perfectly. Great no scratch feature. Seem to have more bounce to the ounce on hard surfaces Couldn't be happier with them. (I ordered 2 of the same because I am constantly breaking glasses, especially sun glasses, Hopefully the second pair will stay on the shelf for a long time.

Little bigger than I thought .... my error.

They are very nice and fit great over my eye glasses.

These should be called ""goggles"" not sunglasses. They are the size and shape of the sort of eye protection older people wear after eye surgery. Very large and not the least bit attractive. If you want that look, these are for you. Wish the other brand I bought on Amazon hadn't broken unexpectedly and for no reason other than they were of poor quality. Sometimes it doesn't pay to get out of bed....

I purchased the glasses for my father-in-law and he loves them.

These are really nice. They fit just right over prescription glasses They really cut the glare

These sunglasses are terrific!

THESE GLASSES ARE GREAT AND LOOK VERY CLASSY.

Loved the pair I bought. Fit over my prescription glasses perfectly.

Great sunglasses that really work, also they fit over my prescription glasses quite well, Everyone in my office wants some.

They fit and work perfectly!

Love these glasses. Every thing is so clear. My eyes feel protected while still looking stylish. Great service from the company.

These glasses are exactly as advertised and we are very pleased with them.

Love them! Fit great over my huge ray ban glasses without any problems.

I wear these by themselves and they block the sun from all sides.

the large is actually the same size as my last pair of XL! wish I had a smaller size.

They are goood. The

Work perfect over my glasses. Love them!

The glasses are great. I wish they were just a little larger.

Just what I wanted

They are a good value and fit over prescription glasses well.

My dad wanted these, but they were too small for his glasses. I returned them and he bought some at an eyewear store.

Lens are not the best quality.

These are such a great idea and I especially love the side view protection. I highly recommend them.

They fit well, work to keep out the sun and fit over glasses w/o being too snug or clunky.

I did not get this item; you sent me one with gray lenses, not these nice warm color lens as shown, which is what I wanted. So I am not a happy customer. I specifically wanted the warm tinted lens because that is what I saw. The warm lens is critical because they make clouds outstanding, especially if you fly and even though I am now a retired solo glider pilot, I do go up in a dual seater glider from time to time. Therefore if you have the warm glasses with the same size I ordered,but with these warm color lens, then you should send them to me as soon as possible. I am Not a Happy customer yet. -Tom

These are really great for those who want to wear sunglasses without taking off their glasses! They fit perfectly over my oversized glasses, and cut the glare significantly!

Sized just right to fit over glasses. Light weight and appear to b"
B01AB8RGIO,"I don't even think these sunglasses are worth one star. I bought my first pair on June 2, 2016, within a week they broke! At first, I thought it was my fault even though I didn't think that I had done anything to break them. I ordered another pair on July 5, 2016 and I loved them again, sure enough the new pair broke. I noticed it was missing a screw and fortunately I had the old pair laying around, so I took the screw I needed and used it to repair where the missing screw was. The sunglasses broke again a week later. These sunglasses have broken three times. I contacted the seller and asked what they would offer to do since I purchased 2 pairs from them and they never responded so I decided to go ahead and post this review for anyone considering these sunglasses. Move on and Don't stop here! These are by far the WORST sunglasses I have ever bought!

The style is really cute and trendy however these are not brown they're more yellow."
B00MXJT098,"I'm Alberto's wife, soooooooooooo love these pair. Made in Italy. I'm a fan of thick frame glasses, this is a perfect fit piece on my round face. The price is worth more than the quality. Before, I always picked for $5-20 value sunglasses, I don't really spend much on it as long as it looks perfect for my face but It didn't last long I had like 3 pairs and all broken so I decided to make a change to try a bit higher price of pair. I never regret I chose this new pair. I think this will last longer. It comes with a case and a cleaning cloth. Thank you for my husband for buying these for me and for the seller."
B00DUOCENE,"Great 10$ classes. I would deffenetly recomend then these! I missed placed my okleys that looked just like these, and these 10 buck sunglasses remind me of them. Not the same, but really good for a cheap price

I received these sunglasses with both lenses scratched, looks really chip made and they are too dark. But you get what you pay"
B00SF4UDBY,"Super cute sunnies. I got the ""leopard"" ones that look kind of like a composition notebook. Just note that in the picture they look black and white speckled but are actually just black in a clear plastic so it's not as good of contrast as in the pic. Otherwise, they are sturdy and seem a bit more expensive than they are."
B01C74988Q,"Quality for the price!

Love them!!!

I love them"
B00OL5H8NW,"I bought these for my husband as his eye doctor recommended he get them. He has chronic dry eye and loves these! He said it feels like his eyes are able to ""breathe"" in them. I would highly recommend these to anyone with dry eyes.

I ordered these glasses and received brown instead of gray (as pictured) I returned them."
B00KQRSRT8,"I can't tell them from the very high dollar ones, can you?

I love these glasses and have purchased a set of them for other members of my family because mine keep disappearing!! I have had so many people ask about them and so many compliments. They work really well and I have light sensitive eyes. Awesome product

Broke after only a few uses, also had a glare from the sun so it didn't really help me at all.

These glasses were very nice looking and worked very well in the sun. I have had them for only a week and have gotten numerous compliments"
B00DAN9IE8,"Sunglasses fit perfect.

Excellent look!"
B005FRC6UA,"These were purchased so when I am riding the motorcycle and they are a snug fit and work well. They are comfortable on my face and I enjoy wearing them.

Original order took over two weeks with no tracking info. Contacted company and they reshipped the next day. Received product and was very pleased. Excellent customer service!!"
B0009PLVF4,"I ordered this item and although what might have been sent may well be the model as described, it is NOT what is shown in the picture. The product delivered not only has a more rectangular lens shape, the supports that go over the ears, far from being curved and smooth as in the picture are in fact straight and ""rippled"". The color isn't the same, either, although that can be subjective. Having looked elsewhere on the web, the exact same picture appears with this model on other retail sites. However, I have been unable to find a picture of the sunglasses supplied to me. This leads me to suspect that the item supplied was, in fact, the correct model but that the picture (probably supplied by the manufacturer) shows an entirely different model. I am in the process of returning this item: I will not be a happy camper if I have to pay a restocking fee!"
B00B33K61Q,"best glasses I've ever had. durable, great quality, love the small frame for my small face.

beautiful sunglesses

Larger than I wanted

great sunglasses but it did not come with a case

I liked these a lot, nice shape - not too big. Carefully wrapped. My only fear is that the little rhinestones could fall out and there are many on the side. Otherwise, Nine West always has nice products and this is a good deal."
B00D9EILRS,"Just receive it in Hong Kong ! It's great!

Amazing!!

Great sunglasses

The glasses are much too heavy.

I bought them for my boyfriend for his birthday, and he loves them!

Great price for the perfect glasses!

Perfect

Bought it for my friend. He love it.

good

RB 2140 has raised platform for Asian face. It fits perfectly compare to my normal RB2140!

Wear them everyday!

Please know these are for small faces!

That's good

very tight on the top of the ear.

These are AMAZING. I will never go back to normal $5 sunglasses again. My boyfriend recently purchased a pair of 2140 50 ray bans and while they looked amazing on him I felt not so great about how they looked on me. So he researched and found the ""asian fit"" ray bans. I'm Asian-American so I thought I would give it a go because the normal 2140's sit on my cheek bones (an uncomfortable amount) and slide down my nose. Plus the size 50 is a little bit too small for my wider/rounder face. So I took a chance and ordered these. I LOVE THEM. The big difference is they don't tilt in as much as ""normal"" ray bans, the nose bridge is way longer, and you can get them in a slighter bigger size the 52. It made all the difference. The glasses don't touch my cheek bones AT ALL and sit in a flattering way on my face and the larger size offsets my wider face. I LOVE THEM. Would totally recommend to any asian americans who have problems with nose bridges or anyone who has a wider face or smaller nose.

Best Ray ban ever!

Thank you! good

The bridge fits great, comfortable and it looks awesome

Bought they for my son. His first pair!

Medim size, fit well.

Very wide

Awesome product. I love these glasses. Received early.

My wife loves them.

http://www.amazon.com/gp/product/B00D9EILRS?redirect=true&ref_=cm_cr_ryp_prd_ttl_sol_2

FAKE.

i LOVE it. just great.

love it

These look good on anyone. My husband loves them"
B01BTVY6RQ,"Love it

I LOVE these great retro sunglasses. They remind me of my great grandmother!

Nice quality , much larger than I expected...

Beautiful sunglasses. Metal construction, not a cheap plastic frame. But, the lens doesn't look the same color as the photo. It is a mirrored lens, which is fine. They are gorgeous! I especially love the nice box and cleaning towel that came with it. What a deal!!!"
B00NK4SLUE,Love
B00EU6BJFK,"Not the best quality, but looks very nice. I'd do it again for the price, however there is room for improvement.

It fits perfect. I just wish it had a brushed steel frame with no design on it. flat black looks good too.

One of the nicer ones. Others look much cheaper with lower material and built quality

Not for big domes like mine, too small.

Well, what can you expecet for eight bucks? Very cheaply made all plastic, but,,, the look is very cool looking. No one can tell unless they handle them. If you want to look good but don't have the budget for the real high end deal then this is the way to go.

These are a nicer quality for being so cheap, and they are really dark tinted.

Great

good item. I Like it thr sunglasses

These are actually surprisingly high quality frames. I've tried on the real Matsudas and while these aren't as nice, they're definitely nicer than most $10 sunglasses. The lens quality is not bad for cheap sunglasses either. I'm only giving these 3 stars because the picture is inaccurate. These arrived with a very bright blue mirror tint on the lenses where they show dark non-mirror tint in the picture. I'd have much rather had non mirror tinted lenses as I don't really like mirror glasses. I won't return them though. They are decent enough to keep.

Great Shades ! Great for casual wear ! Every color is cool & stylish. I bought every color they have.

A great pair of sunglasses for the price, fair time to came from china, everybody ask me for those one

These are quite larger than normal. Good fit if you want to cover most of your face. Feels like $20-50 shades.

They're...meh

Cool looks, cheap finish. The edges were sharp m afraid it will bruise my ear. I wouldn't buy it again.

Just what my daughter wanted.

kind of big for my face I suppose... didn't truly set the outfit to looking like Tony Stark but maybe just slightly lol

Very poor visibility outside in the sun

Too big

Really bad copy

Super generic. You can tell these were made inexpensively. Did not feel good wearing-painful.

asian garbage. very hard to see through.

good color"
B0093K6TMQ,"There are no sunglasses made that come close to the quality, appearance and feel of these. They fit like a glove, feel almost like they're not on, the Karl Zeiss CR39 lenses are bar non the finest you can get, and the ebony frames, titanium face and silver decorations are of the finest quality. The price is $1940 and never discounted so this deal is amazing if it is for the wood temple version."
B00BHQ5KGU,"These glasses were perfect for a 4th of july bach party in key west! we got so many compliments on them. Fit very nicely on our heads and did not leave a headache like some glasses

Cute, comfortable, and sturdy

These are cool.

To perfect! My girlfriend saw them, and that was the end of my ownership over them. Fits perfect on our face/head. Light so it doesn't cause a headache. For sure going to buy another pair."
B00FWFN7TO,"I love these sunglasses so much. I order 2 to 4 pair a year so I always have them. I get so many compliments on them.

Mob wives have nothing on me.. SEXY -these ROCK!!!!!!!

Great product for a great price!"
B001JKTNRQ,"I was looking for a gift for my wife. I have to admit I was pretty skeptic about this item, because its price was way lower than sunglasses store prices. The item is of great quality, beautiful sunglasses cover, holograms, certificates and everything are included. The buyer sent me the item next day. I definitely will buy again."
B01CU4OOYQ,In love with these glasses there strong not cheap at all. I love the details on he side skulls and roses and a stud if you can't tell. The lenses are very dark I love it because you can't see my eyes. Comes with a little bag and a handwritten note very much like the next note it came with :)
B00M8FT2RM,These glasses are beautiful and would buy again.
B01DXUOFPO,I love these sunglasses. Super cute!
B01FSZCD2Y,"The black youth sunglasses were purchased for a cheerleading team that I coach. I ordered these before I found a purple set that I liked also. These sunglasses are really small. They fit my 8 year old's face good but I think I should have went with the adult size. The lens size is similar to sunglasses you would purchase for a toddler. The lens is very dark and I think they will serve the purpose that we need them for. If you have been to a 3D movie and used the glasses they provide, that is what they are like. The price is good at less than $1 a piece."
B00RETWUGC,"The nose piece fell off but because of the way it's designed I literally just popped it back on and it was good as new. I wore them every single day during all of marching band season, and they never once let me down.

The sunglasses arrived quickly and were well packaged. They are nice looking and well made, especially for the money. Unfortunately the ear portion of the frame is too stiff for my main use, under a full face motorcycle helmet. If you do not plan to wear them under a helmet, you will probably be pleased with these glasses. While I was advised I could return them for refund, the return shipping cost makes that unworth the effort. I will gift them to someone who they fit better."
B00KHLYV3Y,"I bought every color!

Pretty"
B00V65VGME,"They are very cool sunglasses, great quality and cheap"
B00XOTJ5OG,It's cute but bends very easily and i had a hard time closing it after a while. It's a bit small and i have to stuff my cloth inside the glasses to get it to close.
B00EWHNDU6,"Very nice Like what I want

These glasses are Awesome looking, they are large though. I have a small face and short hair but they look great, I get compliments all the time. They are very well made, very sturdy. They also, come w/a tool and a nice hard carrying case. I highly recommend these glasses

They weren't bronze (like the ones in the picture) but otherwise I guess they're pretty neat. The lenses are also a much brighter blue than depicted. Shipped much faster than I thought they would.

great quality, however wasn't expecting the blue, but still excellent glasses for the unusual look, price was competitive as well.

wasn't exactly what i was looking for . i feel there should have been more in the description of this product then just flashy photos

This was exactly what I was expecting!! Glad the option exists to remove the dark protective glass leaving clear glass to see through. Thanks."
B01CM0L2AW,"Waaaaaay to big.

Glasses were packaged well and shipped efficiently. My only complaint is that the glasses shading was very dark, so unless it was super bright out I felt like I couldn't see when I wore them."
B0068RVU9E,"Bought it for my wife to keep in her Benz she likes it and it keeps her glasses safe.

Looks really classy, but it's made of cheap plastic. The lid works with a pushbutton and it takes some jiggling to get it to work. The hinge is flimsy and I really don't expect it last very long."
B00G6ADPOQ,suitable for me
B00DNGSR30,"I like

they look very fragile and inexpensive, like something you can find at a gas station.

very nice glasses, i love it I buy them for my husband, color quality and design are perfect i love"
B00RU8ESJ4,Very nice. Mustache lover approves.
B017ALMMFM,"These are super cute to wear a few times. They are not the most sturdy but what makes me the most sad is that they are too small for my face and seem to bebent inwards. Not sure if I got a smaller version but I am giving them away

I have never heard of this company but decided to take a chance, the glasses are lightweight an absolutely wonderful for the sun, exactly like the name zero UV protection, would highly recommend it to anyone

Extremely flat. No shape

It was really low quality it wasn't what I expected at all. The sunglasses looks really cheap. Really disappointed with the product.

These are so cute, great for the price!"
B010497OY6,"Looks great, fits great. Highly recommend this item

Great no distortion, light weight and stylish.

Very light weight and comfortable. Love that the lenses are not Polarized and that comes with a case."
B01FF9MUS0,"I like it, it is just what I wanted, after watching a marathon of Beverly Hills Cop"
B00IGGI5IY,"I ordered these because they looked identical to a pair of Zoo Yorks I purchased last summer. They were my absolute fav and I haven't been able to find them anywhere. However, you don't receive the glasses that are pictured. At least I didn't.

Nice sunglases!

Awesome sunglasses. Great fit. Dark lenses. Perfect size, not too big or small. The only reason I will take a star away is they don't have the Zoo York logo on the side like in the picture. Not a huge deal."
B0186A1WTS,Perfect!!!
B00PGITG38,"It was for neice, she loved it.

The face of the watch is perfect but the band is cheap. I will be replacing it.

Very unhappy with the quality of this item. Wore the watch once and the back cover came off. Tried to glue the glass back on and the crystal was damaged because of the glue itself. A waste of money.

It's larger than it appears in the images (at least it seems larger). The bad is pleather and is too big for my wrist. The buckle already broke after only a couple weeks. It's a pretty watch head but if it were smaller and if it had a nicer band I'd like it a lot. Right now, I don't think it is worth buying a new band for it since I don't like the size.

I love this watch!! I have 3 of them in different colors! They are good quality watch faces, however you might want to get a different band that is a better quality than the one that is on the watch. I get a lot of attention and compliments whenever I where it!

Thank you. Like it.

Favorite one in my collection! Love it!!!"
B00RDV45NM,"I love this purse and Yahoho's customer service. I bought it in December 2015. The zipper is a little stiff. In March 2016, a few of the zipper-teeth popped off. I tried to find a repair shop; I normally wouldn't try to fix a purse, but I really love it. Unfortunately, I could not find a place to fix the zipper. So, I wrote to Yahoho, not only were they prompt in responding, they are replacing the purse. Amazing. I definitely will buy from them again and again. Thank you, Yahoho. - Jenny M.

Nice size - Love the shape. Can be a business or pleasure piece.

This was a gift for my 90 year old step mother. I gave it as a early Christmas present. She was thrilled with the style & quality (as I was too) and the interior room. The firmness of the bottom is a great plus, as things don't get ""lost"" as they tend to, in a soft bottom style. The accompanying shoulder strap is a great bonus! Service and Delivery was superb!

i wish they would put instruction on how to change and do the straps

The zippers were both broken. I returned the purse. The return process is very easy!

The bad did not feel or look of genuine leather and of poor quality..

awesome

Very nice purse. It did turn out a little smaller than I thought it would be but I will still carry it."
B00LGXYIDK,"Over time the ring tends to bend out of shape. The pointy part of the heart is actually pretty sharp.

The heart point is sharp. I do not wear it because it scratches me.

I've had it on for 3 days straight now that including in the shower and it has yet to turn."
B00PBF7I2W,"Works great, just don't try to adjust the hanger after assembling. I tried to remve one of the black clips and it snapped. I easily wrapped in tape and it is working fine.

I bought these for hanging up my rugby jersey but found out that these are not perfect fit for the jerseys. The company noticed my incomplete satisfaction and promptly contacted me and sent me another product that works for my rugby jersey. Really satisfied with the customer service of this company and others should follow this example. The products themselves were also of good quality and I am happy! Thanks Hang Rite

I was using this to hang a small Nick Foles (football) jersey in a shadow box. The hanger hook is very large and not something I would recommend for a shadow box when you are using their hook inside the box to display the jersey. I also was not a fan of the thick black and white plastic the product is made of. Very bulky. The main issue was that although it was adjustable, it was only adjustable width wise. My jersey would not lay flat. Unknown if because it was a small or football jersey or what. Bottom line is that it did not work for me as advertised and I am returning.

Does what it says it does. Wish they were a bit more flexible/shaped like the jerseys

Good stuff for your jerseys.

My hocky jerseys look great on these hangers. They are easy to assemble and the size can be easily changed. Couldn't ask for better.

Very cheap plastic product. The pieces did not fit together basically making the item worthless. Returned immediately.

Used for hockey sweaters. Fits well for shoulder patches, however at the hangers maximum length it is slightly too short to go past the numbers on the sleeves. The hanger still keeps the body spread out and wrinkle free. Great deal for the price

The hangers are pretty good. They are adjustable, but start a little widener than I wanted. If they started a little smaller 5 stars.

I bought these to display my football jerseys but ended up giving them to my roommate for his hockey jerseys instead. The description says the product is perfect for football and hockey, but the football jersey gets crumpled and looks like garbage hanging up. It may be decent for drying, but it does not work well if you're trying to put on display. I'd steer clear.

Did not come with any hooks and only 1 snap clip for both hangers. Very poor quality overall.

pretty good deal, although one of the hangers was bent"
B010X0UWLS,"Rather cheaply made and I am pretty sure the 4 leafed clover inside is fabric and not real. This is definitely a get what you paid for item. Ok for a novelty but I would never give as a gift or consider this real jewelry.

Nice has real cloverleaf's didn't expect that for the money. Cute item.

Very cute. Good quality for the price and real four leaf clover! It also hangs at a good length. Perfect for St. Pattys

Really nice

The item is clearly not a four leaf clover nor is it dried flowers. It is fabric, and a bad purchase.

Turned it into a keychain.

love the concept it arrive before time but the gold color change to a rusted brown color.

So cheap but you get what you pay for.

Cheap jewelry. My 6 year old says the chain ""makes her neck itch"". Has one small four leaf clover, and a second 2-leaf clover in it... so it looks like a circle full of grass clippings. Get what you pay for.

looks like tissue paper not a real four leaf clover and it much bigger than pictured and already a piece broke of inside

Its very cute but i didn't even get to wear it once when I received it in the mail it was broken and I tried fixing it and nothing worked. I have the clovers hoping to find something else to put them in so I can wear it...

Can't wait to wear on st. Patrick's Day

The clover inside was made very poorly. From up close you could see how badly cut it was. The chain was pretty good so I just took off the charm and reused it.

Update: Changed from a 1 star to a 5 star review. I contacted the company and they sent a new necklace at no charge to me. The new one was in a velvet bag and wrapped with lots of bubble wrap so it had no damage. It is beautiful. Very happy with the product and their customer service! ----------------------------------------- Recieved in the mail today, it was smashed beyond recognition :( couldn't even salvage the clover from it as it was also smashed into pieces. So bummed!

Cute, but sloppily made. Leaf was sticking out of glass...sad because this was a gift. Thumbs down UPDATE: found crack in glass. Took another star off.

ordered 5 3 of the 5 fell apart almost immediately

Very Disappointed Actually. It was broken when it arrived and it wad for my daughter. She was Not Pleased Seeing As It's Suppose to be Good Luck And Came Broke

I dropped on the desk by accident (fell about 2 inches) and glass on both sides fell out.

I literally just opened it and it was broken. What the heck. Never buying this again.

good

Great size quality very special

Get this for my girlfriend and she is happy with it."
B01G6YMNQ2,"This product is very cheep .the same day I received the item the crystal came off didn't even have time to wear it.

The ear ring was broke when i received it. Please resend me my ear ring that is not broken,

Beautiful

Very beautiful and tasteful. I receive continuous compliments.

Rather beautiful looking stone, it doesn't look very fake unless you're really examining it. Shipping took a little over a month.

I received it earlier than the said date. The earrings are a tad big, and it looks cheap from a side view. The chain is a great length and is nicely made.

Was a gift to my wife and she loves.

Earrings were broke when I received them

Good Value"
B017D8VUUA,"Great for the price. The stems aren't too long and they are good quality. The plastic gems aren't the best but good for the price.

They're cute and seem to be ok quality. Been wearing one of these for about a week now with no issues.

I noticed some itching the first time i wore one then the next day my piercing was swollen and pink puss came from it. BEWARE almost lost the piercing...

They all seemed used, they are rusty and one of them was missing the crystal .

Horrible came half dipped in gold and some tarnished...

Great variety for price. On the two individual belly rings pictured (one of the lightest blue and red) there was a crack on one in the metal coating and what almost looks like a rust spot on the side of the other. Some of the stones aren't 100% secure in the setting either. If you don't want them messed up, I wouldn't keep them in while bathing / in the water if you want them to last. The stones are shiny and the yellow of the gold tone isn't too yellow. Would buy again or recommend to a friend.

Tarnish doesn't last long

These are really cute! I love how many gem color choices I get. They even come in a little velvet bag to store them, which is adorable! They don't irritate my piercing either which is something I've had problems with before. However, if you wear these too much, the black coating starts to come off, which is disappointing because I like the contrast between the black barbell and the gem. However, the silver color underneath looks fine, so I'll still wear these even when the coating comes off.

Came in quickly and doesn't bother my belly piercing.

Irritated my belly button and the black coloring scrapes right off. I hadn't even wore them yet and I had noticed they came with the black coloring missing around the gem. Cheap. I guess you get what you pay for, but I've bought cheap ones from ebay that I still wear.

Packaging was great, came in a bubble wrap-lined bag and with a convenient pouch! I love them because the screw on ball is also a stone, not just a plain old metal ball like 90% of the belly rings out there. This is an awesome set, ESPECIALLY for the price. All the colors are just as pictured. Most cheap ones turn my belly button green and the gold tarnishes, so I will update after wearing this one for a while! But even if that happens.. I paid less than $1 a piece, I wasn't expecting much :)

Best Buy EVER - just wish they had a real red - the 2nd red looks dark pink

Im still using some of these there not too bad

Paint flakes off, not a good quality at all. Creates alergic reaction in most users, they all tarnish.

Three of them were chipped on the stone and almost all of them had scratches and damage to the black parts ended up throwing all of them except two away because shipping costed more than what I paid

Cute, pretty good quality metal and gems as far as I can tell. Definitely would buy these again if I ever needed more.

Gorgeous belly button rings that look the same in person as pictured. Fit great and haven't caused any breakout or irritation (which happens to to a lot of people sensitive to jewelry). Unbelievably happy to have purchased this.

Better than expected!

Dainty size. Love all the colors.

Bought as gift. She loved them.

Got these in gold color. I was very surprised about how nice they looked and for the price it's a great deal.

As pictured"
B01HFUU9M6,"MY SON LIKED THE CASES BUT THEY CAME WITH SCRATCHES ON THEM AS WELL - EVEN THOUGH THEY WERE NOT EXPENSIVE, YOU STILL DO NOT WANT TO OBTAIN MINOR DAMAGED STUFF IN THE MAIL"
B01EQTIC1O,"Average

Beautiful necklace

Silver is too bright and looks cheap. Do bot recommend.

Nice

Very shiny but cheaply made. I am keeping because it is nice enough looking & I hope my 18 year old grand daughter likes it. It not, I will wear when I can.

Very cute, I love it.

Looks like kids toy jewelry

Looks good on. Materials that it is made of are very inexpensive but it did not cost very much.

Great accessorie to wear goin out!!

It's cute but very poorly made. I wouldn't buy anything like it again.

Very pretty !

Love this necklace!! Just the right length!!

So the necklace is super cute. I can't keep it from constantly tangling up. So I don't wear it very much due to that reason.

kinda cheep metal but for the price ok

This necklace was pretty to look at but wasn't wearable! After putting it in it would tag in a matter of minutes! Highly disappointed

The necklace get tangled very easily and is doesn't lay well.

I am very disappointed about the quality of this product. The metal is so thin it has already bent and I have yet to wear it. The seller requires me to pay the shipping to send them back. Do not waste your time or money!

cheap!

Absolutely love it! It's perfecg

Looks nice, but is very easily broken.

Nicely designed, easy to put on. Hangs beautifully.

thin metal

Cheaply made and took forever to arrive. I'm glad I paid as little as I did.

Cheap, easy to tangle and pendants bigger than pic

After only a few wears some of the silver plating is coming off. Really cute just low quality but then again it was priced very cheap.

cheaper metal, the stainless steel has a very youthful appeal, I think I will give to my 8 year old daughter

I got this as a xmas gift and it looks just like the picture! I am very impressed with how this product turned out to be! Definitely a good seller!

Great material for the very low price

It's cute, but the bottom feather is not shiny like in the pic.. it's pretty ""warn"" looking. And it's so cheap/fake that it really irritates my skin.

Love it thanks again came before time

Necklaces broken, not satisfied.

LOVE IT

VERY pretty, came in an envelope and was a bit tangled. I purchased it as a stocking stuffer for my daughter and I may have to come up with a way to package it and wrap it so that it is not tangled when she opens it. But great length, appears to be good quality and very pretty. I love the three layers and they are all connected so that it will lay nicely.

This is a nice piece to have and the price is so low. It's just like it's pictured.

Beautiful necklace . Doesn't feel cheap . Unique .

Gets tangled really easily

Ugly

I bought this necklace for my daughter. For a little more than $3 it is really pretty and very on trend right now. No it's not a quality piece of jewelry, cheap metal is cheap metal. But for the price it's a super cute necklace that I won't feel too upset about when she loses or breaks it. It took a while to get here but it arrived in tact and looks just like the photo. Very cute accessory for the price. Score one for Mom!

It came all tangled could untangle it,it literally was a giant messy knot and nothing i did could fix it, ended up tossing it im the trash,so disappointed I loved how it looked I'm picture what I got. Was nothing what I expected.

Wish there were a variety of different colors but all in all I like it.

Love it!!

Little on the 'cheap' side, but for the money really cute!

It broke right away. Didn't even get to wear it.

Very cheaply made. It will start to rust and become an off orange color. Not a good look.

YOU GOT WHAT YOU PAY

It was a gift and she loved it

Super cute and looks just like the picture. Its a little flimsy though so I will have to be careful but it was so cheap its a good deal!

It looks cute but gets tangled every time I wear it.

A very cheap product! It came to me all tangled up! I threw it in the trash! The old saying....you get what you pay for!

I like this necklace, but it gets all twisted up due to the"
B01883CH8S,"This wallet is really well made and is 99% of what I want in a wallet. I was a bit sad there was no coin section that was zippered, but the wallet is really awesome and I'd totally buy it again anyway.

cute wallet that has one section for cards and another section for dollar bills and coins. I get the 2 confused sometimes

Love it! Very well made. Zippers work well. Perfect for my needs. Thanks

Bought for wife. Really good quality PLUS she loves that Alpine Swiss donates meals.

Handy and fun color

I'm in the process of returning this item. One of the zippers was broken.

Great wallet organizer. I have used it daily since it arrived. So light and compact, perfect to stash in a small purse.

Very compact but not to small. Wife loves it so much I bought 3 all different colors.

I love it"
B012FCDC82,"Initial Review: Very attractive and like the other Eazybelts I have, I expect this one to look brand new after years of wear. Edited Review: I have reduced my rating from 5 stars to 2. I love EazyBelts, but the buckle has broken on two of the several I have after 1- to 2 years. Until the buckle breaks, the belts look brand-new. Once broken, the belts are useless, so I am giving up on the EazyBelt product line. I will try some other ratchet belt in the future."
B00GPUGDR8,"This charm is super cute and exactly what I was looking for at a great price! It arrived in quickly and in excellent condition. I love the lobster-claw clasp on it which makes it very easy to attach it to a charm bracelet or necklace without any additional tools or the need to visit a jeweler. I chose to use my charm to decorate my Midori Traveler's Notebook and it not only looks great I really appreciate being able to just clip it on without having to re-string the elastic and I can just as easily move it to other notebooks and planners. It has been on the notebook I carry with me for almost a month, in and out of my purse everyday, and there are no signs of dulling or chipping on the enamel and the back is still shiny and pretty with no dents or scratches. Planner charms are very popular right now and there are dozens to choose from in craft stores and hundreds available online but it is very hard to find Hello Kitty, especially in blue. This one is different than everything else out there and really nice quality. I am looking forward to more of these charms to match other planners, to add to my charm bracelets, and give as gifts. Highly recommended!"
B00M0FDK1O,"Nice but coulnt even use it one time it was already broken :( when i recieven it

very beautiful and has a nice long chain.

I Loveeeeee it! Its so beautiful and Nice ! Great Deal for .75Cent

Returned

Pretty necklace!

cute

So cheap and tiny!! Not happy

Perfect for my granddaughter

Love the necklace ...its very delicate ...good to wear on special occasions

Looks ok

I was not very happy with the looks of the quality of this item. Looks very cheap. It was very cheap so don't expect anything other than that. Took a very long time to receive.

Very cheap, wore it one time.

I got this for my brother to give his girlfriend & she loves it! It's simple & elegant, perfect for girls & women of any age.

It came a couple days before the acual date and it goes with basically every thing, very pretty

Looks like it belongs to a little girl

Cute but broke after first use:(

Bought these for christmas presents wonderful product

Break when got it just got today it broken

When my neckalace arrived it looked very cheap. It looks nothing how it looks in the picture. Very disappointed but i guess you get what you paid for.

Wonderful product for the low cost. My daughter's love them.

Rusty the same day I got it

Good Product

Good

My mom loved it great Christmas present

Don't like the way this looks...cheap looking.

It broke after a day .

It was all pretty when I got but it instantly start turning after the first time I wore and broke the second time I wore

Broke the minute i pulled it out of the pack not worth the money

Just as beautiful in person.

Ok not the nicest

Very cute, bought it for my granddaughter, she is 10.

waiting for the stockings!!!

So pretty and delicate for the price! Will buy again!

Both chains broken upon arrival. Shipping took almost a month.

I bought two of these one for me and one for my daughter. They are cute, I was able to find some cute love earrings to go with them.

Its cute, a little small but still like it. I got this product at a discounted price to test and try it out then leave an honest and unbiased review

Arrived a week early.! All in one piece. Totally beautiful. What I love the most is it isn't to young looking or to mature. Perfect for any age. Worth the buy. Would recommend.

its nice especially for the price

not impressed by this necklace at all. I scooped it up thinking it would be a simple and classic necklace, but the quality is that of a child's costume play jewelry. I'm not even sure I could give this to my friend's 9 year old daughter because its so cheap looking. PASS!

With no image available on the site right now it's really hard for you to see what I'm writing about this necklace. It's rather cheap looking. Plain gold lettering with a very small ""pearl"" in the O of love. Would not buy it again. Will not use it for the purpose I bought it for.

Great

Fastest shipping ever. So cute and great price. Christmas present win

Ordered 3 and 1 broke as soon as I opened it. Piece of crap, do not buy. Off color also.

Pearl fell right off. Hasn't been used since.

It came on time with no problems.

Very cheap. Buy for a child so if it breaks it is not a big deal

Very cute just chain looks a Lil cheap but very cute for the price

Cheap! I ordered 10 and I think all 10 broke right away

I've ordered ""cheap"" jewelry online from Amazon for a few years and have ordered several dozen pieces. I enjoy shopping for jewelry - especially when I can get pieces for under $3. I got this necklace when it was only 99 cents. I've gotten other necklaces even cheaper. Still, those pieces got a much better rating than this did. I was extremely excited when I got it. Not as shiny as in the picture but it was still beautiful and did not look like something for less than a dollar. In fact, it could have easily passed for a necklace well over $20. And I know with cheap jewelry you MUST always put on a clear coat of nail polish (will post about that at the end of this review so please check it out if you"
B00T850BIE,"These are ok, they scratched very easily and hubby says they just aren't the same as Costas own lenses. But they sufficed for the time being and fit well in his frames.

These are awesome"
B005GDE44E,"This showed up broken.

Chinese Garbage watch. Broke after 1 week. Hardly worth it to send it back. If you tell them it's broken, they send you the .pdf instructions that you already have! Duh! I know how to wind up a watch dammit. Should send a retour/postage voucher, but like said, at this price why bother. Buy another watch. The mechanics are cool to watch but to fragile.

Need best offers and prices. although I am very pleased with the product. very efficient sta...practical in the product details

I bought this watch to give it gift but when I wanted to adjust broke do not deserve to be bought is a cheap watch as price

The watch is automatic, which is something I always prefer. However, aside form displaying the date, this particular watch has extra features that do not mean anything or make any sense, and the gear-pin to set time does not work properly. I need to struggle with it for a while pushing it in and pulling it out to be able to set the time. This watch came also without any literature showing how to set up all the features it has on the dial. I wore this watch less than 5 times in cool weather, and still the back cover, which is supposed to be stainless steel is already greenish and discolored due perhaps to a chemical reaction with my skin, but not because I sweated because the weather was on the colder side in all the occasions I wore it. I bought this watch very inexpensively, but I have bought watches before below $10 that have never tarnished or malfunction like this one. I love the watch looks a lot, but it does not have nearly the quality and/or craft of my other 4 automatic Seikos and my 30 year-old automatic Ricoh."
B00SPPJS7I,"This is a pretty little anklet, but it caught and broke within a few times of wearing it. It would be easy enough to fix with some little pliers, but I haven't taken the time to do so. It looks like nice metal, and the little turquoise piece is pretty.

Was broken upon delivery. Threw it away.

Just what my daughter was looking for! She loves it!

thank you for your generosity , great attention and were very responsible

After I finally received the anklet, it is just like the picture. Plenty big for my ankle. It looks really great.

Cheaply made fell apart as soon as I put it on.

Took a month to arrive and comes off easily. But it was only a few dollars wasted so no biggie

The silver has already tarnished, disappointing.

okay well i got it a few days ago but i wasn't home so my grandparents put it in my room and when i got home to open it, it was broken! but lucky me I'm good at fixing stuff like this! other then that i like it, its cute and i love infinity signs, so thank you!"
B013HTM26U,"I've received many compliments on this necklace

Love this necklace! Definitely worth the money and cam exactly like the picture and as described!

The necklace broke the first time I wore it.

I can't believe how great this is for such a cheap price! It's beautiful and elegant!

great price, sturdy necklace, very pleased!

Impressive weight and beautifully made. I was skeptical about buying this necklace but was surprisingly impressed when it arrived. It would make a great gift for any special lady. Very well made and gorgeous. I received this at a promotional price in exchange for my honest review.

This broke the first time I wore it. :(

Love it

I bought the pearl necklace to go with my cheongsam, and it perfectly fits.

Perfect for my bridesmaids

It is gorgeous necklacePurchase it for a gift! Love it ! No complain

Happy!

My mom was so excited Thank you.

Well.. It was cheap...something you might find in the 99 cent store...

As soon as opened plastic covering one strand came apart wore with 2 strands same day fell apart at work pieces everywhere terribly made

Very nice!

Arrived in pieces

It's what I would expect for $12.00 so I got what I expected!

Love this necklace. Very sturdy (I've dropped it on hard surfaces & it didn't break or scratch)

Beautiful necklace which I have received many compliments on! The pearls don't look like cheap costume jewelry and are the perfect accessory for so many outfits! I love mine! It's got a little bit of weight to it so it doesn't feel cheap whatsoever. Great product for a great price. You won't be disappointed.

Very pretty, and looks exactly as pictured, but the clasp broke right away. I didn't get to wear it for the reason I purchased, but hope to fix and wear eventually.

Lovely layered white pearl necklace. Dresses up just about anything.

Beautiful. Looks real!

Beautiful necklace that I can't wait to wear to work

I love this necklace. It looks great! However, it broke the second time I wore it.

This necklace is much nicer than I had originally anticipated!! I'm always a little hesitant with buying pearls online because they usually tend to look cheap, but this necklace is actually very pretty and doesn't look cheap at all. The pearls are an off-white cream color and are graduated in size from the ends to the center. When stretched out, the pearl section of the necklace measures about 18"" long, and there is a 3.5"" silver chain at one end so that you can adjust the length. It has a lobster claw clamp, and the pearl stands are strung on what appears to be fairly heavy-duty wire. I love the ""twisted"" design of the pearl strands - it has a very classy and elegant look. Overall, I am very happy with this purchase and would recommend this necklace to others. *Discounted product received for testing and review purposes. I have no affiliate with the seller or manufacturing company, and I did not receive any compensation for testing or reviewing the product. All opinions are my own and were not influenced by the seller in any way. **UPDATE - 9/23/16** The first time I wore this necklace, I only had it on for about 4-5hrs total and was very careful with putting it on and taking it off. However, the second time I put it on (again, carefully), I got in my car to leave for school and as I was pulling out of my driveway, I started to hear a noise that sounded like little beads hitting the sides of my car door and floor. I looked down and realized that one of the necklace strands had broken and the pearls were falling ALL over my car. I tried cleaning up all the pearls that had scattered all over my car, but I'm still finding little pearls here and there randomly. I'm so disappointed because I really liked this necklace!!!! I can technically still wear it with only 2 strands of the pearls, but now I'm paranoid that the other strands are also going to break and make a mess (and potentially be fall risk if the pearls go all over the floor). :("
B006Z84U2K,"This visor is great.

I am sick to death of sunglasses. I have lost count of how many pairs I have owned. They always get broken, lost, scratched or a screw comes loose; but I need them, or at least I thought I did, because I play tennis and I'm a complete Jessie at playing when the sun is in my eyes. Call me slow or just plain stupid but it wasn't until watching Wimbledon this year that it dawned on me that hardly any of the professionals wear sunglasses but many of them, particularly the women, are wearing these visors. So I bought this to try one out and I doubt I'll ever look back. It's brilliant. It cuts the sun out enough to take it completely out of the equation and it avoids the sunglasses problem of slightly reduced visual contrast which always did make me spot the ball slightly later. (There's also the added bonus that it looks nice on too, so a winner all round). PS Re: fitting, there is a good quality adjustable velcro strip across the back - worked fine for me."
B018TEPCQK,"The Material to this bag is horrible! I just received the bag today and the buttons at the bottom of the purse are falling off already! The inside of the purse has a paper material for the lining . The purse looks just like the picture, but as soon as you get the purse in your hands you know that it is was the wrong purchase.

The worst workmanship ever. I have literally carried this purse 5 times, and it's completely fallen apart. It was beautiful to look at, but heed my warning, don't waste your time buying this bag. This is the worst purchase I've ever received from Amazon.

This purse was much small than I had expected and the suede look section looks more like felt. For the price is will work for at least a weekend purse.

The handbag I received is poorly made and cheap looking..the strap which was crumbled up inside is a mess..I threw it away..this bag is not worth $17.00.. I would not purchase again!

my wife bought this 1 month ago and the handles are falling off of it. She did not over stuff it with her wallet and Tylenol bottle. the style was nice, she loved it, but since 3 of the for connecting points are separating she has to stop using it.

Love this purse

Very good

Not really what I expected

Purse was smaller then I expected. It's for someone who don't carry a lot

to small

The main zipper is broken, there is no way to open or close the main compartment. Quality of the bag is horrible and does not look the same as in the pictures. Felt cheated. Returning it now.

Total crap. This item fell apart within a 1 month period.

This purse was lovely at first , then 2 weeks into having it it started ripping .. I don't suggest anyone to buy this for long term use

This is the worst item I have bought on Amazon so far. The bag is totally different from the picture. The quality is 2%. The material is below cheap. As I was trying to take off the wrap on the handle, the handle tore out of the sewing and is almost out. There were many other things I disliked about this product. 1. The cross body strap felt like it was going to fall apart within the first couple of uses, it was so thin. 2. There was issue with the interior lining of the bag, the fabric they used as so rough and flimsy, you could clearly see through it. 3. This bag was smaller than anticipated and made with cheaper materials because when I picked up the box, it felt like I was only picking up the weight of the box. 4. The material on the middle of the front side of the bag picked up lint really easily. In addition, there was a large crease on the back of the back that would not smooth out. Overall, the material everywhere was way too thin to be usable for more than a month. I am currently in the process of returning this item . Really poor quality. I am disappointed!

Much better of what I expected. It is very elegant, perfect size, not big, not small.

Sorry had to rewrite this one because the handle to to the purse just ripped. I hadn't had it for more than a month. I really like it to.

Very small and not what I expected. Poorly made.

It's pretty but the material is very thin......not the quality that I expected.

Don't get fooled by the picture. The picture only shows one side of the bag. The other side is made of different material than rest of the bag. It is kind of material which very prone to getting dust stuck to it. Refer to the picture. You can see lot of white stuff stuck to the bag. It looks very dirty. And the way it is folded while packing, there is a big stretch mark. Look at the pictures and don't buy this. Also the chain doesn't work. Just shocking that such kind of item are sold at amazon. You will get a decent hand bag(Nine West) for 19.99 at burlington.

cute but too small. Looks bigger then I actually is. gave it too my Lil sister so it can look big.

POOR quality MALA calidad

The quality, the strap is already broken, athe material is peeling, zipper never worked because it get caught in the cheap lining and I purchased it less than a"
B00IMEH3F6,"Straps aren't something to look at, meaning the materials are of priced quality, the rest of the watch is nicely done and you will have fun with it. I would buy again. Got lots of Wow's!! And Ohhhh's lots of compliments.

bought this for novelty gift it worked just fine out of the box. Time will tell on the durability.

i love this lighter fits well i ordered two one black tone one silver tone i recieved two black tone,i payed extra for the silvertone and did not get it another bait and switch ,i was surprised it came two weeks early

Good for the price

This watch is so cool,I love it,great conversation piece..

The rubber straps looks not strong enough but worth for the price.. I like it ..

Very cool novelty watch. Fun to watch faces when you do it.

He loved it! It works I also bought one for his co worker He also loves it . It has a plastic rubber wristband but other than that as a gift it was awesome

Thank. U they. Just got her today

got this for my dads birthday and he thought it was ""pretty nifty"" :)

Terrible!

I don't like it Just two days it's work

this watch is awesome !!! so cool

The lighter works great and the watch itself looks good. This is my new favorite accessory. Its practical and stylish a win win

Gift for my dad for Christmas, he loves it. It came filled but ran out in a month or so, a quick fill up with a store bought butane filler and it's going fine. Definitely recommend

For the price I paid I could not be more impressed. This watch looks beautiful. I meant to buy one with the silver finish, but guess I didn't. I wasn't even disappointing one bit once I put it on. Works very well. Used it until it ran out of fluid and refilled it easier and faster than my more expensive jet lighters. Bought two from different pages to see which would work better, but it turned out to be the same manufacturer under a different title. YES this is CHINESE, but this is more ""quality"" chinese hardware than usual. Does not feel cheap and other than the watch face, does not look cheap. Having paid 11 dollars for this, I can't say anything really bad about it. Exactly what I expected except it did ship much quicker than I thought. The good: -Heavy and feels sturdy. -Fuel lasts a considerable amount of time once filled. -Keeps time well. -Lights every time without fault. -Comfortable even with the weight. -Strong flame that is not put out as easy as a Bic. - Nice shiny finish not easily scratched. -Looks like a normal watch to people who don't know. - The bad: -Uncomfortable straps. -Flimsy straps and buckle. -Hard to read clock hands. -Difficult to light wearing on your left wrist. (I wear all watches on my right). -Did burn my hand once because of the wind. (Nothing bad, just lost a bit of hair.)

Works great!! I would definitely buy more...In fact I did.

Awesome. Not only does the lighter work as expected, it actually looks good when you wear it. Shipping took about 4 weeks, but that is clearly stated in the listing.

Hard to read watch face.

Awesome, I bought this as a gift for my son and he loves it. He gets a lot of cool comments on it. Very unique gift.

Fake watch made in China, does not come with fuel and does not work out of the box, it is a tremendous pain to fuel it since it doesn't come with instructions whatsoever.

Works very well took long to come but worth it

Kool watch

What a great idea, and it WORKS!!!! Now I don't have to hunt for a lighter, it's right on my wrist

The time keeps stopping other than that my husband is happy with it

It looks great! Like the style.

I bought this as a gift for Christmas. It's a great present but I didn't think it would look so big but it guess it's room for the gas. Great Gift Though

4 star becausr watch comes in and i don't even have directions on how to change the time. Good product though, evem came in the mail already with butane in it. I was surprised.

Great concept but the band broke....need to fix that.

I ordered six three didn't work

Great novelty,fun to"
B00512RQFE,"STONES ARE MUCH DARKER THAN WHAT I WOULD HAVE ANTICIPATED BUT OVERALL, THE QUALITY IS GOOD. I WOULD ALSO SUGGEST THAT IT COME WITH A LITTLE NICER PACKAGING FOR GIFT GIVING.

Very, very pleased stones are set securely and give a sparkling presence. Glad I purchased it! My lady will be quite pleased

Decently fast shipping and a nice little bracelet. I bought my fiance one similar to this last year, but the clasp sucked so when I saw this one had an actual hook I was sold on it. It was a little smaller than I thought it would be, but still looks great.

I purchased this bracelet as a gift. The bracelet looks good in the advertisement however it looks much nicer when you look at the actual bracelet. The gift recipient was quite pleased and I believe she thinks I spent more than I did :-)

Very nice product - great value for the price especially. Amazon originally botched the pick and sent the wrong product, but the seller MLG immediately reached out to provide a replacement and facilitate a return at no cost to me. My wife loves it.

Pretty! Got this as a gift and loved it!

Looks beautiful but clasp does not secure it very well has fallen fall several times. Needs a better clasp

Crappy design and quality. Disappointed. Sent back.

What can I say other than this bracelet is perfect. Good size on the wrist. Strong, sturdy construction. I've worn mine for over a year and I'm very pleased with the product.

Very pretty. Exactly as described.

Lost a stone the first time I wore it.

This bracelet is absolutely beautiful. It is easy to wear and matches so many outfits, I love it. The sapphires are stunning.

I am giving this one star because it is pretty, otherwise it would receive no stars from me. I received this bracelet from my son for my birthday and that is the only reason I still have it. I received it in October and since then I have had to bring it into the jeweler at least 5 times to repair links that had broken. For the price that my son paid (over $100 months ago) it is sorely lacking in quality. As I said, the links have broken repeatedly and and although very pretty the bracelet was not worth the money that it cost, even if it hadn't broken at all, since it feels very flimsy. I would not recommend this to anyone.

My wife wore this Christmas day after i gave it to her as a present. One of the small silver links failed and the bracclet is broken. Sending back for a refund."
B000A15X6K,"And more pewter in color than expected. We found a similar frog cuff in Albuquerque in September and lost it. I was thrilled to find this to replace the lost one, but he's smaller and doesn't seem to be as well made or detailed as the one we lost. Kind of disappointed.

This product is very cute! I purchased it as a gift & I am very happy with how fast I recieved it & the quality of the product. I would recommend.

I gave it to a friend, and he thought it was great. I thought it might have been a little too feminine, but apparently it was not. I kind of want one for me, too.

this frog was so small and very cute but it was totally uncomfortable!! i've had others before that i lost in the years but ordering this one was a mistake!! it hurt SOOOOOO badly!! and putting it on was always hard. finally it just broke!!! don't bother.. find a different frog

I expected to recieve 2 frogs and only got 1. What happened to the other one? It is cute but toooooooooooooooooo little.

Like the other reviewer, I love the shape of this cuff, but it hurts on the ear and gets caught in long hair. I have tried it on the lobe, upper part of my ear and inside part of my ear and doesn't matter. It's hard to get on and I'm constanly checking to make sure it's there. Even with all that I only took one star away beucase once on it is very cute if you can handle the discomfort.

this tiny silver frog is adorable!! but the part that fits onto your ear is totally hard to pry open. my fingers hurt! ditto my ear. but the shape is so cute that i took away just one star tee hee:-)

Beautiful and easy to adjust.

very cute!

GREAT!

Stays on my wife's ear fairly well, even when swimming. You can bend the arms if needed. It appears to be sterling. It is a tad bigger than a pencil eraser.

These are so tiny I don't even know if they are gonna stay on my nieces ears and she is two. I have lots of cuff type earrings and these look neat but are unwearable :(

I love my tiny frog ear cuff in sterling silver!!! It's very cute and comfortable!!!

I, like someone else who posted a review a few months ago, also had ordered this little frog one time previously and liked the first one more. It was indeed more smooth and shiny, and somehow was just cuter. The detailing is very close but the lack of smoothness (there weren't any grooves on the frog's back) and something about how the little legs are shaped is different. Also the markings of his finger's weren't crosses, they were regular straight lines. Maybe this is not the same seller from whom I bought it the first time. It was like a year ago and for some reason there is no trace of it in my order history. Since I lost the first little frog only recently, I had to begin a search for the replacement and this item was the closest to be found. If it is the same seller, I wish they could just go back to making it the first way. . feasible replacement I suppose =(

I've ordered this product twice (I tend to lose tiny jewelry) and the first time I loved it - It was shiny and smooth. This second time, though, it showed up much darker & not shiny, and the metal seems much rougher, which makes it uncomfortable to put on. Love the size and design.

It looks great -- I received lots of compliments--- My only concern was getting it tight enough so it didn't fall off....

I have never been so disappointed in a purchase as I am with this earring. No only was it tarnished beyond recognition but it was also bent. No Thank You on this one"
B00KWKFUV2,"Return policy, wait 4 weeks for refund after returning Capt. America shirt and purchase a new shirt with your own money. The red color on the shoulder on one side is a light red and the other a blood red color. Captain America's red color should be the exact same. Defective product and the seller is unwilling to work with the buyer of a DEFECTIVE PRODUCT, unsatisfactory bar none.

It's a great shirt for the captain America fan.

PERFECT!!!

This was my first purchase of a compression type shirt. Since my chest size fell between the large and X large sizes, based on the size chart, I was unsure what to order. Compression shirts are designed to fit tight, but I didn't want something too tight. So I ordered the large. When I first opened it I couldn't believe how small it looked! Almost like a child's shirt. But then I tried it on. Wow. The material expanded like magic to a perfectly snug fit. The graphics looked as cool as the photo on the product page. I will say that initially, though super soft and flexible, the tight fit took getting used to. But after my workout began, it started to feel like a second skin. Its now my favorite workout shirt."
B00DM05DAW,"This was a bracelet purchased for my daughter and she loves it. Super cute and goes with almost anything. Thanks

These are wonderful and the leather qualilty it awesome! I will be giving them as gifts and am so excited to give them

This is a nice little trinket, but the decorations do fade pretty fast. It is good for large or small wrists because you can wrap it either 2 or 3 times around.

I wear this about twice a week love it! Great price, you can't beat it! Love it! True to color

I have a small wrist but these still don't fit around. 2 loop is way to big and 3 loop will possibly accommodate a child's wrist. I just thew them in my closet. o wells.

I loved this bracelet when I looked at it on the computer. But when I got it, it was too big for my wrist and is difficult for me to wrap around my wrist.

The bracelet is nice. Fits my arm a little funny, so I will be giving it as a gift. Good price.

very stylish and comfortable to wear; I bought several to give as gifts for the holidays; I'm sure my friends will love them too.

Cute little bracelet. Great stocking stuffer. Thank you

VERY GOOD !

The color is exactly as it shows! I LOVE this bracelet! Its not too big or too small... Worth it!

I wear this all the time and love it. It is cute, has held up well and is easy to put on.

This was a gift for a teenager, but when it came I could easily see it on my wrist too. Pay attention to previous reviews where the leather looks more red than brown. It's ok though as this lends to some of the uniqueness. The snap closure seems to be pretty secure and its just fun. I was thrilled that I picked out a winner for a hard to pick for teenager, and the shipping was very quick, which helped my last minute shopping problem!

Love it .can wear with any outfit. Will b ordering from u again. Same as picture. Very pretty with other bracelets.

Purchased for my teen daughter for Christmas. Pic looks like the leather is dark pink. No it is red red. Bonus, her favorite color. Great value and appears to be well made (Haven't worn yet).

REALLY HARD TO PUT ON AND IT IS A TWO PERSON BRACELET FOR A KID I HAVE SMALL WRIST BUT THIS IS NOT FOR ME DAMAGED IN SHIPMENT

The bracelet is good but not great! It was ok for the price. I couldn't wear it the one day I wanted to wear as it was a little complicated but I didn't have enough time to explore, so gave it up. I am sure one day I would be able to work my way and wear it successfully. BTW - It is Red/Maroon and not brown as suggested by the seller.

Received the bracelet today... Loved it BUT it was RED not LIGHT BROWN as described. Plan on keeping it though...very cute!"
B00NQVXCE6,"Absolutely darling necklace! great quality for the price! Comes in a nicely packaged box

My daughter adores it!!

I bought it for my daughter in high school who loves dolphins. It's a beautiful necklace with a unique chain. She absolutely loves it and receives many compliments on it.

Excellent item, fast delivery. Exactly as advertised. Definitely worth it

Receive my necklace, love it came 3 before the estimated date.

I purchased it as a gift for my mother and she adored it! The pendanent was bigger than I expected though.

GREAT GIFT & GOOD VALUE

Beautiful necklace for the price...gave this necklace to two of my little cousins for Christmas and they loved it!

Best Christmas present ever

turned out to be a big hit with my girlfriend for Christmas she absolutely loved it

Looks and wears well!

It wasn't nothing like the picture online. Its very very cheaply made and looks just as cheap

a little small but otherwise she wears it all the time

:)

Perfect

This necklace exceeded my expectations and my daughter was elated to receive it for Christmas. We both love and recommend it, especially for the price.

Beautiful and great size for a toddler !

Mom loved it! I'm not in trouble anymore.

gift

Perfect

Aunt LOVESSSSSS it!

Bought this for my mother over a year ago and she still wears it to this day.

Got this for my girlfriend and she loves it

She loves it,I can't say anything else

This little charm is really lovely! It was a gift for my niece, who's nine years old, and she absolutely loved it. Thank you! I would absolutely order this item again. :-)

Loved the neckles. Chain is also very nice.

It's so worth it for the price, simple and elegant as long as she isn't materialistic

beautiful,my daughter very like.

Perfect! The necklace came with a gift box (the box was a bit damaged from the weather in assuming). Other than that the necklace was amazing.

looks beautiful an eye catcher

Showed deep purple...this was white!

It looks Amazing. I couldn't be happier!

Fast shipping, my son ordered for a friend at school and they loved it. It was a very nice product.

This is beautiful! I gave it as a gift and my friend loved it!

This was purchased as a birthday gift for my little sister. Her favorite color is blue. Her favorite animal are Dolphins. The Crystal is very nice and does not look cheap. Does not leave a greenish mark around the neck.

Really beautiful but gave me a rash, wanted to wear in remembrance of my mother but am returning it

Grandson picked this out and it turned out lovely. His mother was so happy. thank you.

Very nice.

Girlfriend loves dolphins got her this. She taught I spent to much on her but she loves it. Definitely worth the money guys ;)

She will love it for her birthday.

Beru cute

Very pretty I love the necklace

My granddaughter loved this! She is 5 and loves dolphins and this fit the bill. The blue crystal made it more ""special"" for her.

Granddaughter loved it

was a gift for my granddaughter she loved it,, and it looked wonderful well made .. I was a little worried about the chain, she's just 7 and kids aren't real careful, but that should be easy to replace.

Beautiful necklace! I bought this for my niece who wants to become a marine biologist. She loves it!

She loves it! Wears it every day now. What more can I say?

Such a great gift for my mom. It fit perfect.

:)

Appropriate simple, classy, personalized mother's day present. Arrived quickly. Light weight, subtle, and yet a versatile accent to casual and semi-formal wear. Straight forward box with ribbon.

She don't wear it because it irritates her neck it created a rash around her neck and now just hanging on my bedroom wall

Great quality and stays sharp and bright. The downside is the small size of the chain other than that its great.

nice quality - cute gift

Gorgeous! Bought it as a gift and wanted to keep it for myself.

Looks just like the picture. I bought it as a gift for someone. And they love it. Thank you for havin"
B006NA0CSG,I ordered this bracelet as a gift for a friend who is truly fussy about her choice of Jewelry. This bracelet is lovely and crafted so beautifully...she can also alter the fit. I am more than pleased with this selection - a great bargain at this price.
B01FFCUFJI,"came to small gave to my cousin

Will wear with jeans just like the picture.

It's way to small. Very thin and I was told I couldn't return or exchange it :(

as seen in picture. very nice blouse. the under blouse in of sheer material. very chic though. can dress up or down.

Super Cute!

Why is it that most clothing that comes from overseas is see-thru and small... it truly is hit or miss, and this is surely a miss. The shirt is made of an extremely thin material that came with a hole on the side where the stitching is atrocious at best. It's extremely small even though I ordered a couple sizes larger than I usually wear. The lace is pretty- I will give it that, but again too small. I've attached a couple of pics to show the hole and with the shirt on.

Very cute blouse but is very small!! I got an Xtra large and it was very tight in the chest.

Runs small by a few sizes and paper thin material

The shirt is much thinner than what is depicted and the size runs smaller than normal."
B0012NJHT4,Only had them three days and a stone fell out. Cheap price. Cheap quality.
B00BQLWO6K,"Perfect but littlebit smaller

Its nice but not really as colorful as the picture.

I bought this tshirt for my daughter to wear on hear 2nd Birthday the 3T fit perfectly. I thought it was too small but actually with her Ralph Lauren leggings n her Ralph Laurent hat the tshirt didn't look bad at all!!! Love this tshirt! My daughter looked absolutely gorgeous in this outfit! !!"
B00XMJAU3S,Wasn't what I expected. Material was way too thin.
B01FJ243VU,"T-shirt, itself, is AWESOME but the sizing chart was not accurate and it is too big and no longer available to re-order at a smaller size. :("
B015G2VDFM,"Works as expected.

Good

My silver/platinum plated/cubic zirconia ring had been sitting in a box for four years and looked dull and tarnished. This stuff made it look brand new! I considered buying a new ring because it seemed beyond repair, I'm glad I spent a few bucks on some cleaner instead.

Works great

Happy with product.

Doesn't work on silver.. only gives a slight shine look to my non-silver jewelry.. However, it is super sticky afterwards and doesn't clean all that well. Not worth it.

Nice product

This product didn't clean my silver earrings at all not even after using the brush provided. I put it in the trash.

It cleans my jewelry good

Very soapy.. I feel like it's filmy...

Cleans very well. Made my silver pendant look new!

Works real good. Have restored some jewelry pieces back to their original look."
B00X5DQ3MS,"very cute, but very large for a newborn"
B00ZEEA2UA,Beautiful and fits well! Love this swimsuit cover...
B013SVKORG,"Gave this as a gift to a friend with some anger issues...his life has changed dramatically! When I wear mine on my wrist, I receive lots of compliments on the beautiful design. Helps relieve stress and keeps me zen and present.

This is one of the nicest pieces of jewelry I have purchased. It is very rich looking and the quality is upscale. I wear it daily and have received many compliments either as a bracelet or necklace. Highly recommended

Beautiful! Package arrived quickly in a beautiful box. Exactly as listed and love the detail. Would love the elastic to be a bit more tense but other than that it is perfect!

Amazing!!

These are great beads I gave to someone as a gift and she is delighted with these beads. I gave these to her because I have a pair myself and love them.

Just want to say thank u I love them.

Beautiful bracelet/necklace of obsidian and tiger eye. Very well made and comfortable to wear. I love what the obsidian and tiger eye represent! Thank you for a high quality item i will love to wear all year round.

Absolutely beautiful Mala Beads ! The obsidian beads and details on this are stunning! The shipping was very quick. The packaging is also very sweet its boxed nicely with a pretty bow. I was pleasantly surpised with a gift added to my purchase ! I will certainly be ordering again very soon !

Fantastic looking Beads! the bracelet came in perfect condition, the tigers eye are a great looking stone, it also came packaged in a nice little bowed box. the band streches well enough but is still snug when wearing it throughout the day. Would Highly recommend

Comfortable and flexible fit.

I love this bracelet! I get compliments every time I wear it. It comes nicely packaged and arrived quickly. It's comfortable and really beautiful. It looks just like the pictures. Great purchase! I'd definitely recommend it!

More than I expected amazing product and the packaging was also 1st class I will always buy from this seller Thank you

Really nice piece, I used as a necklace sometimes since it is so long. It is beatiful and elegant.

Excellent craftsmanship.

Arrived just as advertised. Very beautiful and well made. 10/10 would buy again.

These are very high quality mala beads, manufactured with much attention to detail. I will be getting a lot of use out of these. I recommend these beads and will be ordering again soon!

I love these beads! They are quality beads & have incredible detail in them. I love the rich colors. I would definitely buy again from this store!

I love this Mala bead bracelet. The beads are beautiful. They are shiny and uniform in size. The colors are just as they appear in the picture but they are smaller than I thought they would be. Other than the size of the beads, it is just as pictured. I have seen Malas for quite a bit more so this is really worth it. Nice elastic band. Not tight but not too stretchy either. Very comfortable.

Love your products

The product arrived as promised and is beautiful. The two tone guru bead is stunning and eye catching. The band, however, is elastic and since I wear it primarily on my wrist I will have to restring it at some point in time, or order another one, which I would certainly do.

Beautiful beads. I feel like my karma is better already.

I bought this one as well as another for my daughter and we both love them. they are well put together and are beautiful malas. My daughter hasn't used hers as much and recently as of 4/3/17 I contacted Armorwings to have my mala restrung. I didn't necessarily want a replacement but Faye, insisted it would be easier and by Saturday 4/8/17 I received the new one. I appreciate the quick customer service. And the willingness to take care of the problem. I have since bought two more pieces from Amorwings, before this situation one as a gift and the other for myself. And I will buy again. Beautiful pieces. Thank you, again for exceptional customer service. Brandy

I'm upgrading my review. A year ago I ordered 2 pair of Mal"
B01B41O6K8,"i like this beanie a lot. i got it for a cosplay actually. (i get a lot of things for cosplay) it came sooner than expected which was wonderful. it doesnt slouch as much as i wanted it to, but it does slouch a bit. the colour is also darker than it shows in the picture not by a huge amount but it is noticeably darker. still a good beanie though :3"
B00ZQQ81JU,Horrible! It fit when I got it one wash on cold and no heat tumble dry and some how it shrunk to be way to small.
B00OAY0VKG,"I really love this jacket, I wish the sizes were what they should be according to U.S sizes and not chinese sizes. The material is nice and the white lining inside the hood is super soft and well made. I normally wear a size 6, or Med to Large but have learned to order bigger when purchasing anything from china. I was a bit shocked that I ordered an XL and it was still a little tight, thankfully it's sweatshirt material and stretches. Still all in all it's a comfy piece and I'll keep it, next time order a XXL that way it'll be perfect!

I love it! However I would have gotten one size bigger from my normal size! But cute and for sure stylish:)"
B012P73E6C,"Love the cozy elegance of this short coat. The bronze color is amazing and I love the black velvet trimmings. Liked it so much I bought it in another color. It does run small tho, I had to exchange my usual size L for an XL. P.S.: it's very warm even in the coldest NY weather"
B010BD5NUW,"Very good!

good product"
B003MAVYGY,"Perfect size for little girls not too long. Pretty and quality crystals and nice setting. Champagne color is clear and shiny.

I ordered this product on Jan. 12 and they told me it will ship on Thursday January 26, 2012 - Friday February 3, 2012. Well my little sister got it today. This gift was for her 10th birthday. She called me and she was so happy and loved the pendant. I'm so happy she liked it. I wish I can see it on her being that she lives out of state. I really hope the pendant last her for a long time and I hope it doesn't fall apart on her. lol. But overall I will rate it at 4 stars because she loves it. I was very pleased that she received it before the shipping date I was promised. That was a fast delivery and my sis said it came with a beautiful box and the pendant was in a cute bag.

I got this for a teen-ager who still loved Hello Kitty. But you know how picky teenagers are..... It was a hit for her and all her friends!"
B018FLQS24,"It's okay but no layering with this top

Comfy material but ran smaller than expected, I gave it to a friend but I intend on ordering this again in a larger size :)

Great purchase.

Perfect fit....Great look. Great with jeans of any color and adds a bit of flair and warmth to any kind of outfit.

Update: this thing just keeps getting worse. Every time I wash it (delicate cycle, no dryer) another seem tears.. I spend more time resewing this that. Actually wearing it.. down grading from 3 stars to one.. In no way was this worth $25. $15 at the most. And yes I got authentic ""bepei"" Pros Great color saturation. I got the green. Think rich yet dark. Real nice. The cut is heaven. I'm 5foot6 and wear a 16. I got the XXL and it was definitely the right size for me. it stops at the bottom of my butt. Perfect fit and flare. Very comfy. The feel of being in PJ's yet you look cute. Cons Material is thin. Not like a sweatshirt. More like a regular stretchy soft cotton. Almost jersey knit. I'm a curvy girl and its not very forgiving (mine isn't tight at all but when it got cold it was easy to tell by looking at my chest if you know what i mean.). There were 3 stitching defects I see immediately. The pouch isn't sewn on all the way. The cuff stitching missed the fabric in a spot and there's something funky on the hood I can't quite figure out. The draw strings are coming unraveled already I tied them to try to stop it. The neck line is sewn weird on the inside but this time on purpose. I can't explain but if you buy one youll see what I mean immediately. It kinda makes you say ""huh?"" Basically I think this price point is way off. To say an original price of $45!?!? That'd be robbing someone to be frank.. $25 is still too high for what you're getting.. at. $10 - $15 I'd fix the holes by sewing myself and never mention it - heck I would probably get another one at that point. But no way at $25."
B001E3G74U,"Love it! Yellow stitching looks fashionable The straps however were not flexible, so after only 2 months, they started cracking up along the section that constantly bends in my hand.

As soon as I got this bag, I was really happy because it is not that big but also it has plenty of room for your wallet as well as makeup bag, you also have room to put other things on the side of the bag. Which I usually put my cellphone. I really recomended to everyone as personal or presents.

This purse was ok the internet picture did not show the yellow stitching and it did not say that there was no zipper across the top, it did not say there was a snap enclosure

The bag is much bigger then it looks, not a problem at all I did want a smaller bag I have a habit of filling handbags to the brim. I may not have checked the size before ordering so thats my fault. The yellow stitching is bright but I think it adds to the bag. The only thing I found a slight problem with is when I opened the plastic the bag came in the bag smelled awful. I assume it was because of packing and the leather. Perhaps it was in storage a long while. I just sprayed the bag all over with body spray in and outside the bag. over all I am happy with this bag. I'll just have to order a smaller bag. What is one more bag to a purse collector.

I just got this bag for myself and I love it! I wasn't crazy about the yellow stitching at first (it is a little yellow) but despite that I love it! The handles are very comfortable to hold or place it on your arm and that works great too! It is one of the most spacious bags I have ever owned yet it is so tiny! I especially love the outside pockets for my phone, it makes getting to your phone so much easier! There are a lot of pockets inside the purse and though it doesn't look that spacious it really is! The middle pocket has a zipper and I put my keys in there so I can find them easily! I would definitely recommend this product!

My daughter loved it! Got her this for her birthday and her friends are very jealous and want to keep borrowing it. thank you!

When i saw this bag online i absolutely loved it,it looked plain black, i did not see any yellow stitching on it. Now that i have it, it has bright yellow stitching,which is not what i saw and ordered on the site. The stitching is sloppy and there are areas where it looks as if they made an error and the stitching was removed. The design on the bag itself is not good at all. I probably will never use this bag. Very disappointed."
B003CDCZ6E,"We purchased this costume for our haunted house, and it works wonderfully! Easy to incorporate into whatever we have! Just make sure they wear something underneath, the material is thin, but very comfortable!"
B00DFAIPGS,Keep you warm
B00NVK2T9G,"They fit a little snug.

5 ft, 120 lbs, they're perfect normally I have a hard time with one size, my hips are wide and pretty much all my weight is in my thighs but they're just right, not too tight at all.

If they were a tad bit bigger they'd be perfect. The shipment was fast too"
B01GNUXMVO,"DO NOT BUY FROM THIS SELLER!! This product (and product photo for that matter) are stolen from the Etsy Shop ""The Oysters Pearl""! This photo is of the real original artist and her son wearing her own product!

This is copyright fraud. This is taken from Etsys ""The Oysters Pearl."" The actually designer of the shirt is the mom in this picture and she deserves the credit. She is gifted and talented and you should go check out her work there instead!

This product is a knockoff of ""TheOystersPearl"" on Etsy. The photos of this mom and son were stolen and used without permission from that site. Do not expect high quality product from this seller. Check out TheOystersPearl on Etsy for the real deal.

This is a knock off product of the Etsy ""TheOystersPearl"". These images (featuring her and her real-life child, serving as baby model) are stolen from her site."
B0178G7QD2,Love this suit!!! Fits perfectly. A steal at $70.
B00HSFN656,"Absolutely love it; exactly what I expected, and shipped faster than anticipated!

Arrived a week earlier than expected! Great quality. Thank you!

It looks exactly like The picture and Its cute. Me and my bestfriend are gunna buy a french fry one also. As like a bestfriend kinda thing Haha."
B01H6GCPAI,These shoes broke after the first time my 7 month old wore them. Very disappointed.
