repetition,implementation,mode,model,wall_seconds,engine_seconds,cpu_seconds,llm_calls,cheap_calls,expensive_calls,final_answer_rows,true_positives,false_positives,false_negatives,precision,recall,f1
1,trummer_heterogen_v2_cascade,llm,ollama/qwen3:0.6b->ollama/qwen3:1.7b,11.441689624916762,11.441689624916762,0.108832,50,50,0,50,13.0,37.0,0.0,0.26,1.0,0.41269841269841273
2,trummer_heterogen_v2_cascade,llm,ollama/qwen3:0.6b->ollama/qwen3:1.7b,11.306292167049833,11.306292167049833,0.114558,50,50,0,50,13.0,37.0,0.0,0.26,1.0,0.41269841269841273
3,trummer_heterogen_v2_cascade,llm,ollama/qwen3:0.6b->ollama/qwen3:1.7b,11.320178583962843,11.320178583962843,0.11078499999999997,50,50,0,50,13.0,37.0,0.0,0.26,1.0,0.41269841269841273
4,trummer_heterogen_v2_cascade,llm,ollama/qwen3:0.6b->ollama/qwen3:1.7b,11.449540083995089,11.449540083995089,0.11761800000000001,50,50,0,50,13.0,37.0,0.0,0.26,1.0,0.41269841269841273
5,trummer_heterogen_v2_cascade,llm,ollama/qwen3:0.6b->ollama/qwen3:1.7b,11.292054624995217,11.292054624995217,0.11382,50,50,0,50,13.0,37.0,0.0,0.26,1.0,0.41269841269841273
6,trummer_heterogen_v2_cascade,llm,ollama/qwen3:0.6b->ollama/qwen3:1.7b,11.262753000017256,11.262753000017256,0.11865700000000001,50,50,0,50,13.0,37.0,0.0,0.26,1.0,0.41269841269841273
7,trummer_heterogen_v2_cascade,llm,ollama/qwen3:0.6b->ollama/qwen3:1.7b,11.247959917061962,11.247959917061962,0.10780199999999998,50,50,0,50,13.0,37.0,0.0,0.26,1.0,0.41269841269841273
8,trummer_heterogen_v2_cascade,llm,ollama/qwen3:0.6b->ollama/qwen3:1.7b,11.36690687504597,11.36690687504597,0.116886,50,50,0,50,13.0,37.0,0.0,0.26,1.0,0.41269841269841273
9,trummer_heterogen_v2_cascade,llm,ollama/qwen3:0.6b->ollama/qwen3:1.7b,11.148229792015627,11.148229792015627,0.116819,50,50,0,50,13.0,37.0,0.0,0.26,1.0,0.41269841269841273
