implementation,method,precision,recall,f1,wall_seconds,llm_calls,cheap_calls,expensive_calls,cheap_seconds,expensive_seconds
suql_baseline,SUQL baseline,0.5476190476190476,0.2777777777777778,0.2820512820512821,233.7477311619344,40.0,0.0,40.0,0.0,233.7477311619344
suql_v1_two_level_cascade,SUQL V1 (2-level cascade),0.3253968253968254,0.2777777777777778,0.27521367521367524,216.8833866335316,73.33333333333333,40.0,33.333333333333336,17.887159543206995,198.96614139432594
trummer_baseline_adaptive_block_join,Trummer baseline,0.3333333333333333,0.027777777777777776,0.05128205128205129,26.210352170001716,6.0,0.0,6.0,0.0,26.210352170001716
trummer_v1_structured_two_level_cascade,Trummer V1 (structured + 2-level cascade),0.6666666666666666,0.05555555555555555,0.10256410256410257,41.01128691260043,7.666666666666667,5.0,2.6666666666666665,11.332078040274792,29.678506921272497
