repetition,implementation,mode,model,wall_seconds,engine_seconds,cpu_seconds,llm_calls,cheap_calls,expensive_calls,final_answer_rows,true_positives,false_positives,false_negatives,precision,recall,f1
1,trummer_heterogen_v2_2_structured_pruned,llm,ollama/qwen3:1.7b,20.105172667070292,20.105172667070292,0.5356700000000001,4,0,4,11,9.0,2.0,4.0,0.8181818181818182,0.6923076923076923,0.7500000000000001
2,trummer_heterogen_v2_2_structured_pruned,llm,ollama/qwen3:1.7b,6.593290208023973,6.593290208023973,0.35783,4,0,4,11,9.0,2.0,4.0,0.8181818181818182,0.6923076923076923,0.7500000000000001
3,trummer_heterogen_v2_2_structured_pruned,llm,ollama/qwen3:1.7b,6.427148417104036,6.427148417104036,0.355946,4,0,4,11,9.0,2.0,4.0,0.8181818181818182,0.6923076923076923,0.7500000000000001
4,trummer_heterogen_v2_2_structured_pruned,llm,ollama/qwen3:1.7b,6.469000624958426,6.469000624958426,0.36247100000000004,4,0,4,11,9.0,2.0,4.0,0.8181818181818182,0.6923076923076923,0.7500000000000001
5,trummer_heterogen_v2_2_structured_pruned,llm,ollama/qwen3:1.7b,6.483510290971026,6.483510290971026,0.3591429999999999,4,0,4,11,9.0,2.0,4.0,0.8181818181818182,0.6923076923076923,0.7500000000000001
6,trummer_heterogen_v2_2_structured_pruned,llm,ollama/qwen3:1.7b,6.42535187501926,6.42535187501926,0.3535009999999999,4,0,4,11,9.0,2.0,4.0,0.8181818181818182,0.6923076923076923,0.7500000000000001
7,trummer_heterogen_v2_2_structured_pruned,llm,ollama/qwen3:1.7b,6.584111250005662,6.584111250005662,0.3653639999999999,4,0,4,11,9.0,2.0,4.0,0.8181818181818182,0.6923076923076923,0.7500000000000001
8,trummer_heterogen_v2_2_structured_pruned,llm,ollama/qwen3:1.7b,7.173533249995671,7.173533249995671,0.35938000000000003,4,0,4,11,9.0,2.0,4.0,0.8181818181818182,0.6923076923076923,0.7500000000000001
9,trummer_heterogen_v2_2_structured_pruned,llm,ollama/qwen3:1.7b,8.672600334044546,8.672600334044546,0.36327999999999994,4,0,4,11,9.0,2.0,4.0,0.8181818181818182,0.6923076923076923,0.7500000000000001
