repetition,implementation,mode,model,wall_seconds,engine_seconds,cpu_seconds,llm_calls,cheap_calls,expensive_calls,final_answer_rows,true_positives,false_positives,false_negatives,precision,recall,f1
1,trummer_heterogen_v2_cascade,llm,ollama/qwen3:0.6b->ollama/qwen3:1.7b,11.251183541025966,11.251183541025966,0.10235300000000001,50,50,0,50,13.0,37.0,0.0,0.26,1.0,0.41269841269841273
2,trummer_heterogen_v2_cascade,llm,ollama/qwen3:0.6b->ollama/qwen3:1.7b,11.306899791932665,11.306899791932665,0.103836,50,50,0,50,13.0,37.0,0.0,0.26,1.0,0.41269841269841273
3,trummer_heterogen_v2_cascade,llm,ollama/qwen3:0.6b->ollama/qwen3:1.7b,11.191954375011846,11.191954375011846,0.108754,50,50,0,50,13.0,37.0,0.0,0.26,1.0,0.41269841269841273
4,trummer_heterogen_v2_cascade,llm,ollama/qwen3:0.6b->ollama/qwen3:1.7b,11.460339082987048,11.460339082987048,0.10146699999999999,50,50,0,50,13.0,37.0,0.0,0.26,1.0,0.41269841269841273
5,trummer_heterogen_v2_cascade,llm,ollama/qwen3:0.6b->ollama/qwen3:1.7b,11.334625040995888,11.334625040995888,0.11271599999999997,50,50,0,50,13.0,37.0,0.0,0.26,1.0,0.41269841269841273
6,trummer_heterogen_v2_cascade,llm,ollama/qwen3:0.6b->ollama/qwen3:1.7b,11.47634570801165,11.47634570801165,0.11683099999999999,50,50,0,50,13.0,37.0,0.0,0.26,1.0,0.41269841269841273
7,trummer_heterogen_v2_cascade,llm,ollama/qwen3:0.6b->ollama/qwen3:1.7b,11.411292792065069,11.411292792065069,0.115933,50,50,0,50,13.0,37.0,0.0,0.26,1.0,0.41269841269841273
8,trummer_heterogen_v2_cascade,llm,ollama/qwen3:0.6b->ollama/qwen3:1.7b,11.52910058409907,11.52910058409907,0.103731,50,50,0,50,13.0,37.0,0.0,0.26,1.0,0.41269841269841273
9,trummer_heterogen_v2_cascade,llm,ollama/qwen3:0.6b->ollama/qwen3:1.7b,11.305322667001747,11.305322667001747,0.09849899999999999,50,50,0,50,13.0,37.0,0.0,0.26,1.0,0.41269841269841273
