product_id,title,brand,category,price,review
B00MBWC10W,Active Basic Women's Basic Zip Up Hoodies,Active Products,,$16.69 - $43.99,"Good, but a bit small.

I love these sweatshirts. I like things fitted so I don't mind that they run small. I usually wear a small or extra small. Medium in this fits me well. They shrink a little bit when washed. I live in these and my yoga pants. :)

It's a nice, soft hoodie but the sizes are off.

They are really small but they are nice, just wish I had ordered a larger size."
B017155YMU,Gracie Jiu-Jitsu Academia Gracie BJJ French Terry Hoodie - Green - X-Large,Gracie Jiu-Jitsu,,,"Wife loves it as it is to small for me. I bought an XL, it was tight, but after the wash it was a large. I am 6'2 and 240, usually an XL is perfect. All GU clothing fit small."
B0176AG6D6,DJT Womens Oblique Zipper Slim Fit Hoodie Jacket X-Large Dark Grey,,,,"Love this jacket! Fast delivery, fit perfect and very nice/soft material!

XL and its to small...but, I washed and hung dried, so it's mine. Didn't wash well at all little fabric is full of pilling. Don't buy not a good value.

Sturdy construction but a bit snug. I won't be able to dry it. Bought a xl and fits more like a smaller large. Still pleased with purchase. Make sure to go one size up from your usual size.

I ordered x large cause I am pretty much all boob and that size didn't even fit.....

This jacket is super cozy and definitely keeps you warm. My only complaint is that the material is extremely sensitive. After one day of wearing is I got those annoying little balls of fuzz under my arms and at the cuffs of the sleeves. I did like the jacket enough that I bought another one in a different color thinking that chances are this jacket won't last long because of the material. I think the price it a little high for the quality.

Cute and comfortable. Based on other reviews, I ordered a size up, but when fully zipped I still feel it's a tad more snug than I would like.

Wear it all the time.

I ordered the xxxl because of some of rhe reviews. It is a comfortable fit i typically wear a large.

The fit is small and kind of odd, but overall it looks cute enough to wear. I am not going to return, but I wouldn't buy again.

I bought an XL and I'll 5,6 200 lbs that's what i buy anywhere. Sleeves are a bit long. But it fits ok. Not my favorite but i like it overall. Material is warm. I did expect it a bit heavier. But is ok.

Love it! It's exactly how it looks in the picture I have the dark gray one and it's perfect and it came quick! If you don't buy it your missing out.

I like the style - bought it off season so haven't worn it yet, but it runs very small -- as I believe other's have reviewed as well.

I love this jacket! It's perfect for those chilly mornings where you need something lighter than your winter coat and more than a light jacket. I love the diagonly zip and snug fit. It would be nice if it were a little longer but overall well worth the money.

This is a great hoodie! It's a bit smaller than expected though. But comfy! I had to return it because my preggo belly couldn't fit in it lol. I was looking for something baggy enough that I could wear during my 3rd trimester. They gave me my refund no problems! I'd buy from them again for sure :)

does not fit true to size. an XL is more like a Med.

Cute sweater but too small. I'm 5'7 and 150 lbs. the xl was too snug for me. The material doesn't seem like it would be very warm.

Love it! The reviews helped a lot with what to expect it is very comfortable

Super cute, lightweight sweatshirt. Too bad ran WAY TOO small.... Had to return it.

This is the largest size that they has and it is too small. Too small in chest area. Unable to zip it up. Seems as if it was made for teenage individuals.

Fits perfect!

To small not as thick as it looks on line."
B00RK6WYCO,"I'm Not Weird I'm A Unicorn, Kids Printed Hoodie - Hot Pink/White/Transfer 7-8 Years",Print Wear Clothing,,,The material is good cotton hoodie material. It is exactly what I expected and fits my daughter perfect. I was glad that the material wasn't extra thin and cheap as I suspected it would be. I have washed it a handful of times already and haven't noticed any fading.
B00LVVJ8QY,Superfs Women Warm Long Hoodies Sweater Fleece Wool Coat Jackt Leisure Cardigan,Superfs,,,"The quality was not good. It does not look like the ones that models are wearing in the pics.

Cheap looking and that plastic tie looked even cheaper. There are no belt loops so you just hang it around the hanger and maybe lose it.

I sent this jacket back. The material ""pilled"" with lots of little ""fur balls"" all over the place. Just did not seem high quality."
B01G43F6I2,"Womens Crochet Jacket With Hood Lace Athletic Jacket Gym Jacket Track JAcket Hoodie (Small, Grey)",Shop Pretty Girl,,,"Cute hoodie. Love the lace design on the front...adds some visual interest to a typically somewhat boring piece. I ordered the gray and it's a lovely color. The material is somewhat scratchy and stiff, which is why I deducted a star, but I am hoping it gets softer in the wash."
B01268TD24,Angelliu Women's Casual Long Sleeve Hoodies Angel Wings Sweater Coat Gray,Angelliu,,,the fabric feels a bit thin but it's a good hoodie besides the occasional lint pills that stick to the wings
B017LVPSYI,Bepei® Women's Long Sleeve Crewneck Tunic Sweatshirt String Hoodie Redwine M,,,,"shrank

Different than a regular ol' sweatshirt, and I bought two of them!

Not anywhere near a sweatshirt or long as it states they are , very misleading

The medium fit as expected. Not the highest quality item, but I will keep it and wear it with a pair of leggings.

It's a nice hoodie and the length is great, I got a medium and it's a little big but not bad, will definitely wear it more in spring

Quality-nicely made; neat seams; medium-weight; not stretchy/elastic; true color; not a lint magnet Comfortable-soft; sleeves to wrist; normal-sized hood; long length; low, roomy pocket (no hunching); tagless Washes and dries well Sizing-Slim fit. I ordered my usual size and am very happy with the fit which is not tight but leaves just enough room for moving comfortably (even after washing, it is fine). If you want a roomy hoody, or if you are ""hippy"" or ""busty"", order a size up.

It was bigger than I expected, but 100% cotton so I tried to shrink it, which helped a little. The sleeves are too short. It only looks good if I scrunch them up. It's pretty thin too. I guess I was expecting more of a sweatshirt thickness. Overall, I like it enough.

Is not very good quality

For the price this is a great shirt. It fits nicely with leggings. It is not very thick but it is warm enough to wear on a cool fall day.

The cut if the torso is short. It's more like a shirt thats just a tad longer. The material is thin. Fits skin tight. Just ok. Arrived sooner than amazon said it would."
B008FXOMFS,PattyBoutik Women's Hoodie Cable Knit Sweater Dress (Black L),,,,"This dress is cute. I really like the fit. It's super cute.

I bought the shorter version of this I liked it so much I went ahead and ordered this one so comfortable.

This dress is a very good quality. The fabric seems to be one that will hold its shape. Perfect weight for cooler Florida days.

This is a clingy sweater dress, not a baggy thing that hangs on you like a sack. This will show every curve you have. It's wonderfully sexy. And long and narrow, below the knee.

You can dress this up or down. Looks FANTASTIC! Hugs you in all the right places...I can't imagine this dress not looking great on just about anyone! Don't think twice about buying it.

I am 5'4.5"" and very curvy. My hips are at least a 40"" and I would say my waist is a 28"". I'm short~waisted too, somewhere between a size 8 and a 10. I ordered a Large. This dress is amazing. I don't like clothing that's too tight, so you could say this dress is looser on me, but it still shows my curves! If you didn't mind looking super sexy in a tight dress, you could go with the medium at my size. I'm impressed with the quality. I usually don't like cable knits but this is WARM and FLATTERING. Wish it came in navy and other dark colors. I will check back in to write how it held up in the wash. I love that there's enough neck room to wear a scarf. Will go great with any boots or shoes.

This brand never fails me. Fits perfectly. Long warm snuggly and sexy. Wish it came in more colors. I am hour glass.

I like the dress and would recommend it. It is a fitted style, perfect for the winter and I love the length.

The dress is juicy, just what I wanted. I saw a dress like it in a store about 10 yrs. ago, but it was $400 and I knew I could not afford it. I just wish it came in more colors I would buy every color. Very satisfied customer. The dress hugs your body and I wore with a pair of coach boots and pocketbook.

I love everything I buy at PattyBoutik. Things fit well and look just as the picture depicts.

very cute and comfortable. Just what I was looking for. Fast shipping! I am very happy and will be ordering more from PattyBoutik.

This is warm, soft, thick, good quality and sexy without revealing too much. Easy to dress up or down. Slinky feeling, not sleazy. Hugs curves. Love it!

Perfect for fall. Warn long practical. Looks good too

LOVE this dress!! Love Patty Boutik!!!

Great fit... everyone loved it

Boots or flats,it looks great with either!

One of my favorite dresses, can't beat it's comfortability, and it's stylish too!

Love it!

Nobody can't wear this dress! That's a double negative for a double positive dress. Order your size by their measurements, and the dress will look amazing. Or shimmy your curves into a size smaller than yesterday and you look amazing. It makes you feel comfy and elegant and sexy. But Don't Freak when you open the bag. It's that kind of fabric that starts small but is meant to be filled out a bit. Or a lot. What can I say? I believe this dress is a little bit magical but that sounds silly. Great quality for a price that makes sense.

This dress is so comfortable. It's like wearing a blanket.

I have read all the reviews here and the positive ones are correct! This is an amazing dress! Comfortable and super sexy without being obnoxious!! Thank you

Bought in both colors, fit is perfect at one size bigger I'm usually a M got a L

My favorite! It cost more because the quality is exceptional . I got it in both colors!

This dress is amazing. Fits great and is very flattering. Very comfortably. I love this dress. Very well made. I will be shopping for other great finds from the PattyBoutik collecton.

Why did I wait so long to buy this dress? Maybe because sweater dresses typically make me feel like I'm burning up and don't do a lot for me. Well, the reviews are right, this dress is awesome. It was a toss up for me if I should get a medium or large based on people's reviews. I'm a size 10 and decided to just use the size chart which recommend"
B01C3A7ER6,Colored Organics Boys' or Girls' Unisex Organic Lightweight Fleece Raglan Hoodie 2T Grey,,,,"Very, very soft. Hasn't shrunk (machine wash and dry). Fits as expected. Good zipper. Light weight.

Nice weight little jacket to have on hand for the grandkids."
B00D3EZ168,"Men Assassins Creed III Slim Fit Hoodie Casual Outwear XL,Black",Fancy Dress Store,,,"It's a nice little designed sweater. The sweater is designed to only look like that, though, The grey that you see is exactly how much grey is on the sweater; there is no layers to this sweater, only the illusion of layers. The fabric itself somewhat thin, too. Even slight breezes will go right through it. So while it does not work well in harsher conditions, indoor use on cold days is actually fine for this sweater.

Great fit. Good stitching and seams.

My boyfriend loves this hoodie, said its really soft & didn't shrink when i washed it. Just took forever to arrive via mail but other wise happy with it."
B00XU8VH5G,TeeStars - Dog Lover Black And White Pug Animal Lover Graphic Top Hoodie Large White,,,,"Great product for my boyfriend, he loved it! Great quality too and picture doesn't fade/come off."
B0145GZUHC,"Tcombo Distressed Cross - Religious Christian Men's 2 Tone Hoodie Sweatshirt (Large, Black/White String)",Tcombo,,,"Honestly, I took a leap of faith in buying this. I had no idea what I would be getting. It arrived in an unassuming package and when I first got it out it looked too small to fit me, but when I put it on it was by far my most comfortable hoodie I own. The Cross in the front of the hoodie is high quality, and hasn't worn at all even after washing it multiple times. I recommend getting this if you haven't already, definitely a great hoodie.

This hoodie is much nicer than I thought it would be for the price. Many of my friends at church tell me that they love it (finally one of the cool kids) :) It feels great on too. Definitely my favorite article of clothing. Only down side is that it's a magnet to dog fur. But thats a whole another review about my dog. Lol

Bought this for my 13 yr old daughter, it is now one of her favorite sweatshirts!!"
B019PL7DUO,"Basic Kangagoo Pocket Long Sleeve Thermal Knit Hoodies, 006-black, Medium",,,,"This sweatshirt fits exactly as it states! It is the perfect, lightweight hoodie that you can wear everyday and I plan to get a few more in the different colors!

As expected

This is super comfy, but it's a little big. I ordered a size small, I'm 5'2/125lbs, DDD chest, and am a size 4. I didn't want to go much smaller, I normally have the issue of shirts being baggy in the stomach, and tight in the chest. After washing, the hoodie didn't really shrink, but it's so comfy that I don't care if the extra fabric bunches up. I'll probably by more anyway in size S, as they don't even have an XS.

Love that it's light weight and warm"
B0186ZNQ4W,Ladyde Women's Fashion Scarf Neck Batman Tops Hoodies Tees Sweatshirt,Ladyde,,,"Fit as expected, looks exactly like the picture and it's comfortable. Very good buy. Only careful with washing it in the washing machine, the sleeves might get little white balls from the fabric. They're easy to pull off but stll, if you want it as good as new handwash it.

I purchased this hoodie for my sister for her birthday. She loves it and says it's comfortable and warm. But after wearing it one time the pocket stitching came apart. She sewed it up herself and it's holding fine now but just be aware that the stitching may be very weak.

Firs great.

I bought this for my 12 year old, initially she loved it and swore she was never going to take it off, but after only 1 day of wearing(we hadn't washed it yet) the inner arm area started getting little fuzzy balls (pilling?) The quality is really cheap and after we washed it, it started to come apart along the seams across the bottom and along the zipper. She only wore it twice before we had to toss it.

I ordered a medium but I had to return it for a large. It was for my 7th grade niece who isn't big by any means, but on the taller side, so I thought an adult medium would work. However, its was still a little small, width wise and in length. I would say these sizes would be more for juniors than adults.

I like this hoodie but the ears don't stay up. Also, runs a little small."
B01C3A7L6K,Colored Organics Boys' or Girls' Unisex Organic Lightweight Fleece Raglan Hoodie 3T Red,,,,"Nice color. It's a paler bright red like a Roma tomatoe. Thin but soft more of a mild weather sweater, nice and long torso. Like 55* or warmer. Bought the small for 1.5 yr old I think it will fit till she is 3. She's on the large end of the growth chart."
B00VYYXGGQ,CHIC Women Men Defend AK47 Gun Paris Sweatshirt 3D Hoodies Clothing T Shirt (L),Chiclook Cool,,,xlarge is like a large
B01BKX0SA2,COLOSSEUM GIRLS OLE MISS JEWEL HOODIE (M),Colosseum,,,Before ordering I checked the size chart. I ordered according to my child's size. When I got it. It was literally 3 sizes to small. Not happy at all but my child insisted on keeping it.
B0142BLU2Y,Mesisefra Women's Winter Thicken Cotton-padded Warm Button Hoodie Overcoat Amry Green US Size 8(Label Size M),SIN.SE,,,"I was surprised about the coat liner, it is removable. Overall I like the coat and think it will be plenty warm for the winter.

The jacket in the picture is nothing what I received. For starters the sizing runs way to small. I put on the jacket and it sheds everywhere. They make it seem as if it's a warm jacket but really it's just a rain coat. Do not recommend."
B0182VL7E6,Raxo Netflix Hoodie Merry Christmas Sexy Hooded Sweatshirt + Key Chain S Red,Raxo,,,Good fit and nice quality. Bought it for my daughter. She loves it. Shipped quick. Makes me laugh everytime i she her wear it.
B015O2OWXE,CM-Kid Little Boys Cartoon Crocodile Dinosaur Zipper Hoodies Winter Jacket Coats,CM-Kid,,,"The design was wore along the bottom of the jacket, a few of the ""spikes"" on the back were cut a little uneven and it was very small for a 4T. I returned the jacket."
B00OTDOZM8,"Women's Sweater emoji suit white Hoodies 3D jogging Sportwear Sweatshirts, S",Mang GO,,,This is a gift that was sent to my grand dauthter in another state. SHE LOVES IT! Thanks. I would buy from you again
B019IXQ33W,Wolf Hoodie Child Costume,Costumes4Less,,$15.95 - $38.18,My four year old is the size of most six year olds and higher side of the autism spectrum. He hates masks but will wear a hood. This did good use as a wolf boy Halloween costume and it's warm enough I let him wear it to school still here in Southern California.
B018S2SBZW,Ugly Christmas Sweater Sleigh Bells Ring Hoodie Small Black,,,,Thanks
B019MCML7Q,"Wensltd Clearance! Women Pullover Sweatshirt Hooded Top Hoodie (XL, Black)",WensLTD,,,"The sweater is so cute! I ordered a size XL, I usually fit a medium, it arrived early and it fits perfect. I recommend ordering 2 sizes up. Other than the size being off I love the sweater.

awesome shirt but runs small . the large is more like a medium and a small medium that is

Runs extremely SMALL! I read the other reviews and thought I needed to just order an XL because in hoodies, a large usually fits a little big like hoodies should. No, the XL is more like a medium."
B00QZD5YWA,Attack on Titan Shingeki No Kyojin Survey Corps Eren Cosplay Black Hoodie Japan,Cottory,,,"Love it!!!! Its so soft comfortable and just awesome. yes one size up! And just super happy!

Bought this sweater for my friend who is a HUGE fan of ""Attack On Titan"", and he CANNOT TAKE IT OFF!! He literally has worn it everyday since I gave it to him! Highly recommend this product and seller!"
B016B3SH36,Detachable Fux Fur and Hoodie Quilted Padding Jackets 025-Black Medium,,,,"Just like it says, it fits a little small so order a size up but it's a beautiful jacket! I'm so excited wear it to my trip to Europe in March/April. They do such a wonderful job and the customer service is amazing. The jacket is super cute. It's beautiful. I've had plenty of fantastic comments so far at work!

Overall it's great for the price. The review said it ran small so I ordered a medium but would've been better off with my usual small. The sleeves are a little long but I am only 5'1"". Also the belt was falling out of the loops a lot so I took a large safety pin and pinned it to stay on (I pinned from the inside so you can't see the pin at all.)

This Jacket is so beautiful and sexy! Ive got so many compliments on it. Even though it is light weight, not very thick in the body, it was very warm in 19 degree Denver weather. Love it

Sad to small

my wife loves the jacket, it's just too snug. so i would like to exchange it for a large.

I read the other reviews stating that the jacket ran very small, so I ordered myself a medium. I normally wear a small, sometimes extra small, but the medium fits great. It's impressive & looks expensive...this is a great value for the look.

I ordered a size med. and it was way to small.."
B00F1GNPP0,"Rabbit Rachel Men Faux Fur Warm Winter Hoodie Fleece Jackets Outwear Overcoats (175/92(L), Green)",Rabbit Rachel,,,"Great coat, very warm and fashionable. Just be aware that the sizes run VERY small. Read the description and measure or you will find the coat won't fit. I ordered an extra large and it barely fit and I usually take a medium."
B00RTJ1OZ0,"Hanes EcoSmart & Cotton-Rich Full-Zip Hoodie Women's Sweatshirt, Black, Size - M",,,$23.53,picture is sweat top...description is pants???which product are they selling
B016P53LD6,"Marine Raiders Full Color Veteran Pullover Hoodie (2X-Large, Military Green)",USAMM,,,awesome old school leatherneck hoodie!!
B005R1YSTG,"Live Love Field Hockey Hoodie Sweatshirt (X-Large, Black)",Activewear Apparel Field Hockey,,,Very nice sweatshirt an fast shipping
B01BZ26W2G,iHeartRaves Trippy Shrooms Long Sleeve All Over Print Hoodie Sweatshirt (Large),,,,"Loved this product

Love this hoodie. I were this all the time.

I received my shirt today.... Wow! It 's even more Radiant than the picture. The material is nice quality, not to heavy and not like regular sweatshirt material. The only problem is it runs small. I am a women's size 16, and I ordered a x-large. It was very tight. I gave this shirt 5 stars because I do love it and will exchange it for a 3x so that it will fit a little loose like a sweatshirt should. I highly recommend these shirts, just be sure to go up a size or 2."
B018FVWSG4,Women Lace Up V-Neck Cross Hoodie T-Shirt Casual Tops Shrits Long Sleeve,Winson,,,"Looks like a halloween costume shirt. Not cute. Definitely not what I expected.

cheap material, WAY too big!

The fabric looks like exercise material, but it fits really nicely. I like it a lot."
B0192ZMPL0,Tzou Women's High Neck Pullover Cotton Hoodie Sweatshirt with Pocket,,,,"Little small

Cute hoodie. Nice and thick and soft. Does run a little small but I like it sort of form fitting.

To small, fit my younger sister who's an extra small and I'm usually a medium. I'd order a size two up. But also isn't the same thing in the picture. Cute though and very soft."
B0145GXI8K,"Tcombo German Eagle - Germany Deutschland Men's 2 Tone Hoodie Sweatshirt (XL, Black/White String)",Tcombo,,,"My son is 6'2"" and we were worried that the sleeves would be too short but they were fine.

Bought for my son size was exactly as said. Excellent quality. Heavy hoodie.

My only complaint on this shirt is that the eagle graphic appears to be artificially ""aged"" so it doesn't look like it's brand new. Not sure why. I like new. I don't like artificial aging."
B00Y5YQ4TI,CHIC Women Men Biggie Smalls Hoodies Sweatshirt 3D Clothing T Shirt (M),Chiclook Cool,,,Small enough to fit a kid
B00H39O0C0,Men Double Zipper Designed Hoodie Jacket Slim Fit Casual Jacket Hoodie Coat Gray L,Nicky's Gift,,,"I wear this jacket all the time. I love it, people around me love it, and was the topic of conversation everywhere I go when I wear it. The jacket was even shipped before the estimated delivery date! A great buy and would have no problem buying from this seller again in the future!"
B0181QYOB0,OCPrintShirts Youth Toddler Dr Seuss Thing 1 HOODIE (9-12 years old) L Red,iz,,,"My son love it!

Good quality hoodie but the 'Thing 2' patch is starting to show some cracks after 2 washes even though it was turned inside out. We will stop using the dryer and hang it from this point forward."
B01G9VFDLO,Kanup® Mens Fashion Fluorescence Athletic Pullover Hoodie - Green XL,Kanup,,,I love this jacket! Highly recommended!
B00V8594LC,"Attack on Titan Cosplay Hoodie Short Sleeve T-shirt (L, Black)",Mixmax,,,My daughter loves it perfect fit
B00DW221IW,"New Men Double Breasted Casual Hoodies Slim Long Sleeve Top Coat Outerwear (M, Blue Grey)",Fancy Dress Store,,,"The flex at the bottom isn't shown in the pictures, but it's very irritating, tightening at the bottom but baggy everywhere else. The buttons are cheap and fragile. The whole sweater is baggy, heavy. I find myself wearing it only when/if it's chilly, but I never bother buttoning it, because it doesn't have the style that the picture implies.

Good

nice

I saw this product online thinking that it would be a nice hoodie to buy. after i received the package and about a week after the buttons started to fall apart. it's a very good material it keeps you warm but it's not worth the buy."
B01CUK5P3Y,Mens hoodie sweater sweatshirt jacket men hooded zip sweatshirt mens grey hoodies l,MINSNOWLER,,,"Looks nothing like the picture. This is absolute trash. I dropped it off at Good Will without wearing in public once. I hope they don't track me down and throw it back in my face...

Product arrived as described. Runs slightly small.

Very thin, can see through it."
B00K04IXE6,RVCA Men's Puffer Bedblock Zip Up Hoodie Black Medium,,,,Very comfortable. Super happy.
B018522WK0,TeesRoom Women's American Horror Story Hoodies Asian Size Cotton Top Black XL,TEESROOM,,,"Just wrong size great quality

Loved this for my daughter. But know it's not a sweater. It's a long sleeved tee with a hood

Runs really small and fabric is thin.

This is amazing. I gave been playing to buy an American Horror Story hoodie for a while but have always put it off to buy it when it get close to winter, but since the weather in Texas is crazy I just decided to go ahead and order it and I'm glad I did. Love what its made out of realy soft and comfortable to relax in.

High quality hoodie! Everyone wanted to know where I got it!! I recvd this product at a discount for a fair and honest review.

This sweatshirt is perfect for any American Horror Story fan. The sweatshirt is nice and light but keeps you warm on those chilly nights. The hood a front pocket are great for keeping your hands and ears warm and my favorite aspect is the witty way every season up to date is represented on the front. Great sweatshirt. I received thls sweatshirt at a discounted or free price.

a bit small for an xl but love it"
B01870ZJ8M,"Cutiefox Casual Cotton Funnel Neck Long Tunic Hoodie Sweatshirt for Women(Green,XXL)",Cutiefox,,,i ordered 2 sizes larger and it fits great! love it! very unique
B01E4BWRTM,Carter's Girl L/S Embellished Sherpa Lined Hoodie; White (4),,,,"This white sweatshirt is super soft and thick. My 3 1/2 year old loves everything that glitters and sparkles, so the rainbow sequin heart is perfect. It is a little more roomy through the bodice, which will allow me to layer in the cool fall months."
B00PVECSEG,Drake OVO Sweatshirt Hoodie (X-LARGE),IceTee,,,very happy with this!
B015RM3KK2,Maven Gifts: Minecraft Creeper Head Green Cardboard Mask and Creeper Inside Hoodie Black X-Small,,,$80.42,Kids will love this!!
B0178GWNMG,Dolphin Shirt Co California Republic Vintage California Flag Fleece Unisex Hoodie - Medium,Dolphin Shirt Co,,,cute sweater for anyones wardrobe
B00NF18MLA,Hoodie: Technology The Six Million Dollar Man,TeeShirtPalace,,,thanks so much
B01ELAESQG,"Jicheng Electronic IPhone 6 Plus Chill Pills Case,3D Chill Pills Love Magic Potion Heart Pills Lovel Capsule Silicone Case for Apple IPhone 6 Plus/6S Plus 5.5"" (Chill Pill)",Jicheng Electronic Technology,,,"Cute but the case is peeling apart

Looks amazing! Highly recommend it.

Looks like the photo. Kinda bulky, I ended up not using it as much as I expected.

Cutest case ever, makes my 6+ feels bigger but I like the bulky feeling.

It's huge in person but I love it my favorite case as of yet !

The case is as shown in the picture. The packaging was really neat and cute, but the case itself smelled really bad when I took it out of the packaging. Also the buttons are hard to press. But overall the case is pretty.

Love it! My case came in 10 days and it is great quality and adorable. Highly recommended.

Found this case on a blogger site and took the chance on buying from Amazon for wayyyy cheaper price. 100% expectation met/exceeded.

Very cute!!

I received all 5 cases WAY earlier than expected . Ordered them on July 12 and at checkout , it said I could expect them between August 5 - 23 but I received literally a week after ordering them which made me happy They're really big which I love & they're for my iPhone 6s Plus so of course out of all the cases , the pink stitch is the only one that's a bit fragile & could possibly rip easily which kinda sucks but not bad for the price I totally recommend purchasing these cases

it's a great case I got the 'Chill Pills' everything looks fine and dandy for now I just got it today it's like 20 days early so that's awesome ! definitely smells weird. super snug perfect fit. I feel like buying this case is a hit or miss you'll probably luck out and get a good quality one but s*** always happens. definitely read the review for the one you specially want. hope this helps:)

my case is the bomb.com!!!! I'm so in love with it. one of a kind."
B0180FAENE,"Women's Full Length Fleece Lined Fairisle Print Leggings, Black/Grey, 3XL/4XL",,,,"I was giving fleece lined leggings a second chance as the first pair was very disappointing, more like tights!!! This pair is amazing. Super soft inside and out. I the length was absolutely perfect for my short legs. I got the 3/4x as I was expecting them to run small, I need them to shrink just a tad. I love them!

I bought the 3XL/4XL and was still a little small (I usually wear XL). These are SUPER COMFY!!! Beware: first time wear, you will have black fuzzies EVERYWHERE from these pants. One wash and they will be fine. My boyfriend loves the way they look on me, so I'm happy with them :)

Wish it fit a little better But warm and comfortable"
B01CY99RDU,"Baby Girls Little Mermaid Bow Squama Bikini Set Swimwear Swimsuit Bathing Suit (4-5 Years, Pink)",Hotone,,,"I bought this for my granddaughter because we are going to Cancun on vacation. She absolutely loved it!

It was perfect soon cute!

i bought this for my neice and i love love love it crazy cute. color and fit just as shown...

This bathing is the cutest!!! The only reason why I gave it three stars is due to the quality of it. I guess you get what you pay for. I had to sow the corner of the bow to attach it to the bathing suit and the headband bow fell apart. Besides that is really cute and my daughter won't want to take it off"
B01C9QPIPE,Eleganlife Women's Retro Flower Printed Causal Loose Cotton Linen Long Dress,Eleganlife,,,"Do not feel good after take it out of box. But after wash, it becomes soft and shrink little bit, I feel better. It is a keeper for me."
B015Y58A02,Alternative The Comfort Crew Bundle,,,$33.29 - $68.00,"I am happy

the white is not as good the other two.

Very soft, fits as expected, they tend to get a bit more snug after washing, so if you like the form fitting look, this is for you. Two reasons for a 4(.5?) instead of 5...one, these are ""eco"" colored, therefore not true deep black or true icy white (more of a cream) though not necessarily a bad thing and two, the neck collar is a bit thick for this to be a nice vintage looking tee. I would prefer a simpler neck collar that is almost non-existent, given the excellent fit otherwise. Probably still deserve a 5 due to great value at about $15 per tee. Come on, hard to beat that.

Shrunk big time

Buyer be aware that even though the description calls it a ""crew"" and picture shows crew neck t-shirts, they are v-neck t-shirts. Returned the first order thinking there was a mistake but the second order was the same v-necks.

The dark colored shirts were great, but the white one came both dirty and already pilling. I hope that this goes away with washing, but I really needed the white shirt so..... it could have been better

Fit as expected. However, careful during washing as they tend to shrink.

Love love love these shirts. 5'9 170. Ordered Large. Fits comfortably yet still fitted.

Moisture wicking properties in the fabric are great especially when you're sweaty"
B01EQB4UNQ,Nipplecovers Silicone Pasties For Women Reusable Covers Breast Petals Adhesive,Nudwear,,$22.00,"wife loves them

Perfect!

These work really well. I don't like wearing a bra, and these cover the nipple area completely!!! Not at all visible under white tops or any other color.

These stayed in place and I didn't have to worry at all. I love them!!! They are exactly what I was looking for!! I definitely recommend them!!

perfect

I'm normally too lazy to write reviews but these are pretty awesome so i thought i better get on here. Anyway, these are perfect - they do not show under your clothes and they stick all day. I've used other ones but they were too thick and sat on your breast like a small lump. Made my boobs look weird. These shape to your breast very well - looks natural. I feel confident going braless, plus they're so comfortable you will forget you're wearing anything at all.

Great product with long-lasting adhesives. Perfectly invisible under clothes - highly recommend!

Definitely the best I have try. Not to tick, perfect texture, and they stick! you don't have to worry or even think about losing them.

Stay on great!

Meh... This is my second pair. After a year of use, my first set needed to be replaced. When I ordered these, they are not as good as the original. This time they are kind of cone shaped. So when you go braless... You look a little pointy or ""coney"". Not a great look. But they are comfortable and stick well.

Only received one petal. Not two?

Lost stickiness after one use.

Soft, easy put on. Can see the rim of petals through the shirt.

I was so excited to try these covers out, as I have been searching for a long time. Based on the reviews I thought these would be perfect, however I needed up having to return them as they were too thick and made it look like my nipples were pointy. Very odd and not flattering.

This is my second time buying these because they work well, look good, and are easy to clean. The sticky ness of my second pair seems to not work as well around the edges for some reason which is disappointing, but I still use them all the time. I just wish they were more consistent

I do like the way these lay, and there is more surface area but they don't last as long as some others. Also exterior they're very plasticky where I prefer a softer material. Lasts about 5 hours

I love interesting clothes but sometimes its impossible to find a bra that will work. I love these. They sit perfectly against the skin and you cant tell Im wearing them. Perfect after washing. I would recommend these to any ladies looking for nipple covers. I plan to show these on my YouTube channel during a favorites video!

Really nice, but the edges don't stick well and it slightly buldges out and you can notice the exact shape through your shirt.

Stayed on all night. I barely noticed them.

Love these! Easy to use and love that they're reusable.

Cant say how much I love it. I used so many brand and styles, but this is the best for coverage, drying, no odor,easy to take care and even I wear light shirt, I don't has to worry about something pointing out.

Love these! I have an issue with my nipples showing with stick ons when I wear tighter shirts and these hid them well. The only complaint I have is there is not a non stick center so they pull on me when I remove them so I cant wear them more than 2 days I a row. Cleaning is amazing an easy. Ive cleaned one pair at least a dozen times now and they still stick like when I first got them.

Lasted all through the day!

Dont show under clothes and stay on. Exactly what I was wanting!

Use it under a one piece for river tubing and it worked perfectly!

The edges are not cut well and look a lot messier than ones I've brought directly from Nudwear. The center also has a defect where it's not flat on the inside.

I think the package is really sweet BUT for me the patches are way tooooo big! This buy was a 100% fail!

These are great. Absolutely can not tell you're wearing these through a light colored shirt.

Best breast petals I've bought so far. I re-use them cons"
B000NGMOT6,Sterling Silver Cubic Zirconia Pave Eternity Band Ring,Amazon Collection,,$24.00,"I love this ring. The ""diamonds"" are small enough that it looks real. I wear it constantly, and it still looks great.

Looks nice, but very uncomfortable wearing. Worth it the inexpensive price if you are wearing it for short periods of time.

I can't believe how pretty this ring is. I bought it as a travel ring so I can leave my wedding set at home during an upcoming trip. Definitely exceeded my expectations.

Looks real and has held up very well. I am still wearing it. Stones could be a little larger.

This is a good quality ring for the price. I've been wearing it daily for a while and have had no bending, no diamonds missing and no weird coloring on my fingers. I think it's so sparkly that upon close inspection people may suspect it isn't real, but I've still gotten more compliments on it than on my real wedding ring!

Exactly as expected. Very nice and subtle ring and sized accurately. Just enough sparkle without being ostentatious.

I like this ring. Its like a real diamond.

Beautiful ring ,I bought 2 to wear with my Engagement ring I love Them both,high quality ,look real ,and are absolutely beautiful

Ring looks great and fast shipping.

Looks cheap. Unhappy but won't bother returning not worth the time

I bought this ring 2 years ago and it still looks new. One of the best rings I have ever purchase and my favorite.

Delivery timing good.. Ring looked better in person

Beautiful ring, but it just wasn't as dainty as I wanted so it was returned.

This ring is beautiful looks real doesn't tarnish I wear it as my wedding band

This ring is absolutely gorgeous!!! I have had so many women stop and tell me how beautiful my ring was. I have had no stones fall out as of yet (and i wear it 24/7), but I have had it catch on fabrics quite a few times. There is one area on the ring where it has a strange dark spot like maybe one of the stones weren't set evenly with the others. I try not to notice it, but I do a little. Even so, I still give it a 5 star rating because now a days what do you get that is without flaws in one way or another. I'm actually going back to buy another to wear on the other side of my engagement ring with this band so it will have the look of a three pc stack set. For this price you just can't go wrong.

Love the sparkle and the antique look.

I love this a lot, very detail even the inside is clearly label with all material.

The pave diamonds get caught on everything. :(

I have been wearing this ring daily for just over one year now. It is still a shiny silver with sparkling stones. I love this ring. It is not expensive, yet it fits right along side my real diamond rings. The silver coloring does not look like a cheap, tacky ring. It has been a year of hand washing, showers and baths, it still has not rusted or faded. I definitely recommend this ring.

Very nice!

Good quality

looks very cheap, not a bit attractive

This is a very Great Ring with a nice price for those in-between moments around the House.

Mine was only 1 row pave had to return. Must have been a warehouse mix up but still dissapointed

Pretty ring. Not very sparkly, though.

Love ring until stone fell out. Other than that it started out very pretty.

Love this ring! Well worth the money!!

I love this ring...however since it's not platinum, this metal makes my finger itch.

I have been wearing this ring since the day I got it. It has never dulled and is comfortable, along with sparkle.

This ring is beautiful! Fools everyone and gets TONS of compliments. It's a little hard to keep clean, but if you use a soft bristle toothbrush it cleans right up. Definitely worth the money!

don't like this ring. It looks fake. I won't be wearing it

lt was very real looking, so much so that my friend talked me out of it to go with her real diamond engagement ring a perfect match.

beautiful ring!!!!

This ring is gorgeous in person! So much sparkle and soooo believable! Smooth setting so it won't catch on anything. Good weight, feels good on and migh"
B00V4QYABY,Women Summer Navy White Stripes Round Neck Pleated Chiffon Cocktail Party Dress,LIZHOUMIL,,,"Awful. Does not look like what is shown in the picture. Very poor quality of material. It should be a zero star,

Quality cheaply made..

This dress was way too small - not at all comparable with US sizes. Also it's made of a very thin quality material that probably would not stand up to a washing machine. When I requested a refund, I got a few sporadic responses offering different sizes, and finally an international address via email to ship to. This is not on par with amazons return policy for international sellers. Buyer beware!

Did not begin to fit. Will return if not too much of a hassle. Do not order clothing from China!! Sizes are not compatible with US!!

This is a beautiful dress! The one I ordered was too small but I got awesome service from seller. Even ordered another dress in larger size.

Gorgeous dress that looks cute with flats and dressy with heels! I love it! Very flattering cut!

Buy a size or two bigger.

Terrible horrible vas experience por quality i los y my Miley un this dress nad shape

This dress fits well and is very pretty but the slip (solid part under the sheer stripes, which are completely see through) is very short.

Dress was Chinese manufactured for Chinese sizes. I could not get it over my head. I followed the sizing chart Guide but there was NO indication of origin of shipment.

I could deal with the fact that the dress gave me a uniboob because it was definitely a size or 2 too small but it was still cute after squeezing into it. The problem was that after wearing it a second time the outer layer of the skirt came apart at multiple different areas on the seem of the skirt where the stripes connect.

It was for my daughter and she love it

the underskirt is very short

Total waste!!

I liked the dress, but it was way to small!

This is a very poor quality dress. The dress arrived in it's packaging with loose threads hanging off. The skirt is entirely see through and the bodice feels like a child's costume. There is no give to any of the fabric. I will be returning this dress."
B00S0S1ABM,"Women's Comfort White Wire-Free Push-up Seamless Criss Cross Back Yoga Sport Bra (US M, Y-light Blue)",Ninimour,,,"There is too much bulk in the back.

Good quality, but received a large and it was definitely too big.

The quality of the item and material are very nice, considering the price, just crazily good purchase. Though, my top has size L written on it. By feeling, I can see it's not very tight, which I'd prefer, however it never feels uncomfortable or loose. I'm 168 cm height, 55 kg weight, size 34B with wide shoulders 40 cm. It will fit many different sizes, but for myself I'd prefer smth smaller if I could choose. For now I'm happily using this item. It has pads for breasts if someone wonders.

Great Bra. I play roller derby and this bra is very supportive and covers well.

comfortable material fits just like I was hoping it would

Comfortable and great support, I'm 34B and a size M fits very well. It's probably not great for bustier women, the padding is not very big so if your chest is bigger than the padding, it would look weird. The padding is removable, after a wash it kind of goes all over the place so you do have to adjust it. This is a yoga bra, so it's not meant for very strenuous exercise. I wore it running and it still gave excellent support, but soaks up sweat like crazy."
B00573R5OE,The Beatles - A Hard Day's Night - UK Invasion T-Shirt Size M,Live Nation,,,"This shirt is a size women, not a mens size! Order 1 size larger for it to fit properly. Plus, the neckline is really high if you like those type of shirts.

The Pictures and Letting are so muted/faded/subdued they are unreadable. If you didn't know what it was, you wouldn't know what it is by seeing somebody wearing it. I lived in London for awhile so I was hoping for Cool Union Jack shirt. This is not it.

This shirt was for my 14 yr old son, he loves it. The medium size was perfect for him and he is 5'10"". nice quality shirt

Selected this shirt for my grandson, who is a big Beatles fan. He liked the label (official Beatles merchandise) and the design. The ad for the shirt depicts the Union Jack as almost grey - but the shirt itself is quite bright (all black with a red and blue flag design.) Much more attractive than the ad. Good quality teeshirt!"
B01HIOTH5E,Shirts By Sarah Little Boy's Big Brother Est. 2016 T-Shirt Promoted To Shirts (4T Royal Blue),Shirts By Sarah,,,"SO cute, but after a couple of washes the print has started to fade."
B01DSKNQNG,Spiral Womens - Wolf Chi AO - Mesh Layered Midi Skater Dress - L,Spiral,,,"Wonderful, the print is clear and vibrant, fits a bit big but that's what I wanted. Spiral never disappoints, never had any issues with their orders, everything washes well, doesn't fade or shrink, just good quality clothing, period...and...wolves.....I mean, wolves-who could argue that wolves are awesome? Thank you guys!"
B00PAII4BY,Freedi Elastic High Waist Fleece Lined Pants Skinny Leggings Cn455 Black,Freedi,,,"Cheap quality and ruined after 1 wash. Didn't even run them through the dryer bc I knew they would shrink. Even still, I only was able to get 1 use out of them

LOVE them"
B01FA7LL46,Joybeauti Stainless Steel Rhinestone Bar Curved Nose Studs Rings Body Piercing Jewelry 18 Pcs,Joybeauti,,$7.89,"The nose rings are pretty all different colors. And they don't fade. Give it a try. You will like it you will have all colors for different ware of clothing. Linetz

Fantastic and subtle! I am always looking for subtle, diamond, screw/curve studs. These are easy to put in and don't awkwardly twist out and show the stem.

These are NOT right So, either the seller does not know the difference or does not care. the wire gauge is heavier than I am used to, so this was a disappointing purchase across the board.

Not bad. I have a small nose so the stem is a little too long and I'd like the jewel to be bigger. But for the price and amount can't complain. Pretty good quality given the price too. A good back up stash to have when you lose your favorite nose ring and need something in to replace it.

These were exactly what I wanted, the stone is a not too big and the post can be bent fairly easily to keep it in place. I would definitely buy these again but I probaby won't need more for a very long time!

The steel rim to gem ratio is not as depicted, from most angles you can only see the rim, which was the kind of nose ring I was trying to avoid purchasing, but I tried one anyway and discovered that they irritate my skin, horribly. At first I thought it was just because they are thicker than I'm used to wearing but my nose got so sore I had to take the one I was wearing out in less than 20 minutes. I then tried it in my primary ear piercing which has been established and healthy for over 15 years and very few earrings irritate my primary piercings. Well in seconds my ear turned red, heated up and started to swell. Needless to say it's the metal itself, which I had soaked in rubbing alcohol, dried and then wiped in alcohol again before using, so no factory debris to blame. I am returning these and will update on that experience as well.

perfect, since i always lose my nose rings

The price and number of nose rings that you get can't be beat ! Good purchase

Great variety.

Their nice but it's a lil too long and looks like I have a booger

Perfect size and exactly what I was looking for!!!

Small and to the point

Love these!!! Very small gem for a tasteful look. Can be hard to get in, but once u get the hang of it it is fine!

Diamonds fall out very easy. Some even came without any stone in it.

They were okay, not what I needed though.

Exactly what I was looking for... the the gems fall out easily

The ring is a little long and sticks out my nose lol but over I like them all!

Cute nice color

Just what I expected for the price. Needed new rings for my tragus piercing and these are the perfect length. Plus, this style allows the jewelry to stay put while I sleep, L-shaped rings tend to fall out. One of them arrived with the gem missing but since they give you 2 of every color, it's no big deal.

Theyre beautiful studs, but I cant get one into my piercing hole. Ive had my nose pierced for 7 years and Ive never had this issue.

They are not the actual size of a nose ring, they are double the size, and its a bigger gauge then the average nose ring. Also the diamond isn't even implanted into the medal of the nose ring, its just a plastic diamond glued on top of the ring.

These are absolutely not hypoallergenic. My piercing that is four years old is inflamed and is leaking. Had to put the one I previously had in it and the swelling started going down in ten minutes. If you have a metal allergy don't waist your money

It was exactly what I expected. It was similar to the last nose piercing I got. I really loved it.

loved

Very easy to put in. I was super nervous about doing it myself. It's been in a week and I have no complaints.

Love.

They are good quality but at 3/8"" deep, they too big for my nose. Fast shipping, excellent price.

So cheap which is great but the diamond falls out after about a week on each one

These things are so long they look like one of the extra long ones they use when you first get a piercing. Like way too lon"
B01GNKOR6I,"Chellysun Women's Casual V-neck Solid Color Short Sleeve Tops Blouse T-shirt (X-Large, White)",Chellysun,,,Fell apart after first wash. Cheaply made.
B015WCXPQQ,"Happy Sailed Women's Bodybuilding Yin and Yang Print Charming Crop Top, Medium Black",Happy Sailed,,,"When it fabric stretches, the colors fade but otherwise good halter top

Very poor material

I am 19 and really liked the design of this shirt. When I received it I thought it was small, but not until I put it on did I realize how small it was. As a joke my family and I put it in my 8 year old sister and it was even short on her, then we put it on my 2 year old sister and it fit perfectly. The material doesn't stretch very well. I would suggest buying a size OR 2 bigger.

Shinier than expected"
B00Z7X6C4I,Leveret Aligator G 2 Piece Pajama 12-18 Months,,,,"Love these. Fit my average to smallish 12 month old daughter great, with some room to grow. 100% cotton, so they feel soft and she seems to be really comfortable. Will definitely purchase this brand again.

Great quality on the embroidery, they are acceptably sewn, with soft fabric. They seem to run slightly small. my Niece just turn 1 so i bought 12 month size, i should have gotten one size up. I would definitely recommend this company, i will buy again! I also bought women's size pj's, same great quality and cute design.

Soft and maintain strength of fabric after washing. Good value for quality pajamas. These are almost up to par with Hanna Anderson, but a fraction of the cost!

Our baby is low weight for age and this fits perfect, but for the average baby this is a little small. Just size up as needed. Love the fabric, fit for a smaller than average baby, and love the print. Will order more for sure as baby grows.

These pajamas are adorable.

Love this brand! Exceptional quality! I have bought 4 pj's from this brand. So much better than other, less costly pj's.

I have purchased these 2 piece pj sets in almost very color for my grand! They are soft and so colorful! Just perfect for any season!

so cute

very cute

POSSIBLY MY FAVORITE PAIR OF JAMMIES, EVER! These are worth at least twice what I paid for them! In fact, they have tags on them and the MSRP is $28! The alligator is a high quality patch of some sort (not just a design on the shirt) and everything about these jams is so cute! I put my 9mo (17lbs, 28"") in the 12mos jams and they are a little big, but that is to be expected. I am def going to be buying another pair ASAP!"
B00354WN4E,Max Footwear May Ballet Flats,Max Footwear,,,"the bottom of the shoe fell apart after 8 months of wear and tear they were super cute while they lasted

It's perfect for the occasion (Halloween) but I don't think I would buy any other like them because the quality of the shoes are just not worth it. I've bought shoes for this cheap of a price before but much better quality. Again these will probably be just a one time use and work perfect for the occasion. The delivery was very quick too!

These are not shoes that could be worn on a day to day basis. There is not much support. They also run very big."
B01GWY2ITI,"Maelove Women Sexy Sleeveless Tank Tops Bodycon Sports Jumpsuit Rompers (Medium, Black)",Maelove,,,"Doesn't fit as expected and I also checked the size chart. Won't be order of Amazon for fits again

I had to reorder it because the first I just received a black tank. So the second time I received it, it was correct. And BOY is it comfortable, you could literally sleep in it. I didn't want to take it off ;)

Exactly what was ordered, a little lighter-weight than expected but not ""cheap"" so I would recommend.

Awful

The product is awful. It's useless.

I loved it!!

If you were a medium you should order a large

Looks nothing like the picture it's actually a lot smaller than the one online and thicker straps. Not something I can wear out because of the length but cute to sleep in

Material is a bit thin but the fit is ok

I like it.. But it is thin and can see throught it

I read the reviews, yet still thought it would fit me nicely. I'm an idiot for purchasing it.

This actually fit a little loose. I'm a size 8 and an hourglass figure, and I ordered a medium, which is usually my size. It doesn't fit in a streamlined way. I will put it in the dryer to shrink it a bit, but I'm surprised because I usually expect these kinds of products to be sized a bit small. Anyway, don't size up. You may actually need to go down a size."
B01105PO1I,Sexy Girls American Us Flag Mini Jeans Shorts Hot Pants Trousers Denim Low Waist (medium),Generic,,,"My boyfriend bought me these sexy american flag mini jeans shorts as a present, but unfortunately I think he bought it too small. I am usually a medium/large, but the shorts fit like a small/extra small (I'm a size 7 and I couldn't get them past my thighs). I would suggest definitely ordering them in a size or two larger, however I plan on having them as inspiration to slim down because they are ADORABLE!!! They totally have the daisy duke feel and look to them and they are definitely sexy. The shorts are well made, and it's put together very well. The negative thing I have to say about this is that the colors are really faded. i didn't expect the colors to be bright and vibrant, but it looks like it was pretty washed out. To me personally, the design made it worth it even though the colors aren't bright. Disclaimer: I was provided a sample of this product in exchange for a fair, honest and thorough review. Even though I received this product at lower cost I have rated and reviewed this product without bias, based solely on my experience with it. If at any time my opinions change about this product, I will update my review accordingly."
B017NQS09Q,Big White Unicorn Children's Ugly Christmas Sweater Kids Sweatshirt 3T Red,,,,"Originally, I had ordered this for a party and when it arrived the print was not white as shown in the picture. It was more of a light pink, like the red from the sweatshirt had bleed a little onto the screen print. There was also a small section of the print that was faded, it was much larger than the rest of the print - it was noticeable, but not completely obvious. The sweatshirt was a little larger than anticipated but still fit my toddler fairly well. Shortly after receiving the sweatshirt I received an email from the seller asking about my satisfaction. I explained the above complaints and sent them a couple pictures to demonstrate the imperfections. The customer service rep was kind and acted quickly - they made up a new sweatshirt and sent it out to me right away, the changed the size and ensured the print was just as it should be. I gave it a 4 star rating because the experience with customer service, if I had received the second sweater first, I would have given 5 stars."
B01E5PPX66,SleepytimePjs Kids Family Matching Pjs OVERALL Top/Printed Pants-12Kid,SleepytimePjs,,,"Cute

Very cute jammies! In all respects they fit very well but after one wash, they are very ""long"" and this is on average sized little girl. Oh well, they'll last her a long time as she's in a growth spurt. Love them and very festive for the season!!

Ordered a youth size 10. The top runs a bit smaller than expected, but design is to be second skin so if you stretch it a bit it fits just fine. Bottoms were exactly as expected."
B01B1WT8LC,"PajamaGram Women's Conversation Hearts Pajama Romper, Gray, LRG (12-14)",,,,"I like that this outfit fit exactly as the say. I am purchasing again for my sister's

I purchased them for my daughter-in-law and she loves the feels and comfort of the PJ's, they look just like the pictures!

THANK YOU!!

I really love the material of this romper! It's nice and stretchy. The tag it comes with says it's meant to shrink to fit better, so I tried to shrink it but it's still long and baggy on me. I would recommend getting a size smaller than you usually get! I'm 5'7 and got a size large, but would have fit better in a medium.

My boyfriend bought this for me as a gift and I love it. I'm 5'9 around 160 and he got the large. Its really roomy and comfy. Also super soft. It keeps you warm but doesn't burn you up. Its the best thing ever.

super soft but stretches out"
B01442OQV8,November's Chopin (TM) Handmade Owl Button Metal Ring Braided Adjustable Wrap Bracelet,,,,"Very nice I bought a few of them.

Its really cute. A little bit big for a 10 yr old but she'll grow into it.

love this bracelet

Was Christmas present for GF and owl fell apart, a few days ago, from tiny 'rivet' already within a few wearings. Junk.

Cute! Took about 3 weeks to arrive. I like the owl, and I like the sparkles. The cord is adjustable so it'll fit most wrist sizes. Seems nice. I have worn it quite a bit and it doesn't show much sign of wear and tear-from how it is put together though I wouldn't be surprised if this started to fall apart in a year or less. Not bad though considering price.

is good quality

I love this !

Very crudely made. It looks like it could easily come apart. It is to be a gift, so the quality remains to be seen. I hope it holds together!"
B01BY4NCFU,"Fiream Little Girls Summer Cotton Cute T Shirt Fashion Tee tops(18months to 6years) (4T, Purple)",,,,"Nice shirt. Did not shrink when I washed it. Cute design. Looked exactly like the picture when it came out of the box.

I really like this brand - too cute and it seems to be of decent quality."
B01EOFYWVE,Linsoir Beads Round Rose Gold Plated Beads 6mm Beaded Macrame Bracelet with Black String 1 Pc,,,,They changed color in a day
B00ASNOUHS,Kenneth Cole Reaction Down Jacket Coat Parka Faux Fur Gray Size L,,,,"Great Quality, Fast Shipping, Brand New, Well Packaged, Came as Described! Very happy with this product, I would recommend this product. The only this is its a bit short, its a bomber jacket!"
B00VSTUK6G,PGXT Women's Knee Length Georgette Sarong Beach Wrap Swimwear Beach Wear Rose Red,PGXT,,,"Very happy. Everything was as I expect it.

It's definitely pink - NOT red."
B01G5TPD2E,Nanette Lepore Womens Love Crime Floral Print Semi-Formal Dress Blue 6,,,,very flattering dress
B00OBFYTLQ,Outray Men's Winter Warm Keepers Cashmere Gloves 4413a1 Black,Outray,,,"not warm, wool on outside, fake fur on inside, turned them inside out for warmth, looks stupid but works for warmth then, kind-of.

Its not warm at all, I give 1 star bcoz it's soft

Comfortable and warm.. i tried using the gloves for when i go out to fly my drone and its cold.. i cant use the gloves when using the controller."
B00YXCO3UO,Shmimy Women High Waist Soft Stirrup Leggings Tight,Shmimy,,,Does not fit my tall legs well :(
B018277WVW,ETOSELL Womens Slim Fit Hooded Long Sleeve Tops Autumn Shirt Pullover Hooded,Etosell,,,Horrible!
B019OQIW50,"Myobe Women's 2018 Asymmetric Hem Cowl Neck Cardigan Split Wrap Sweater (Free Size, Light Gray)",Myobe,,,"returned. tiny ill fitting

Super cute!

Runs small, I recommend going a size up. It's cute but I am not really happy with this top. The cowl sits awkwardly on my chest.

This was nothing like the photograph. It was too small (and I normally wear a small) almost as if kid sized. Cheap looking material and the button on the shoulder doesn't open. Even if I could get the sweater on...there is no way to til up the sleeves and button them. Huge disappointment.

I didn't think the style was accurately reflected. I was expecting this to be comfortable and loose fitting, but it was tight and the material was thin.

Order at least one size larger

Cute top, night for myself but ended up giving to my 14 year old 5'6"" daughter who normally wears a med. it looks great on her . Disclaimer: The manufacturer provided a free or reduced rate sample for an honest review. I have no personal or financial interest in the company or in anyone employed there."""
B016YPI21S,Cougar Sport Men's 2 Pipe/2 Stripe High Stripe Track Pants Med Navy,Cougar Sport,,,"The material and construction seems very high quality, and I am extremely pleased with the pants. They're extremely comfortable, and they fit perfectly. I normally wear 30-30 pants, and these are great. I followed the advice of the other reviews, and ordered a size up. I was going to get a Small, but the Medium is perfect."
B00CBNHDDQ,Ecko Unltd. Mens Wallburner Solid Color Rugby Polo Shirt crimsonrd L,,,,"It runs a bit small but it is very nice and the colors are bright! However be careful during the purchase because the store does not exchange, you will have to return and rebuy. Pay attention to their return policy I ended up getting a return for only half of my money because of their fees!!"
B016RRTOUG,Teemzone Men's Stainless Steel Smart Money Clip Wallet - Gift Wrap,teemzone,,$35.29,"heavy duty

Clamp too tight. Hard to free money from the clip. Disappointed,especially for the cost

Super strong money clip. Seems to be made of high quality stainless steel. Even with only one bill, it holds it tightly - no way could it fall out. Can hold a couple credit cards as well. Could be used instead of a wallet, or clipped onto a wallet. Would make a great gift! Received at a discount for my honest review."
B0069DXSGU,"Timberland TB7053 Sport Style Mens Polarized Sunglasses,Black/Green Lens",,,,"The product description says it's polarized but they are not, actualy the lensses are very cloudy, I wash them once and again and again and I was never able to see clear with them, worst than crapy $5 glasses!

these glasses fit great. they offer suberb clarity and relief from the sun. they were awesome until the dog ate them. i guess i need another pair.

Excelent.

I was disappointed with my purchase. I guess it depends on your head size, but these glasses fell short at the back of my head and felt too small and narrow.

Nice light weight glasses. Bought them to wear when I'm running. Good fit and good clarity. And they look great.

Pros: Excellent pair of sun glasses for regular daily rugged use Good finish Fits well Con: Black/Green lens might be slightly too dark Recommend Yes

For $20 you can't really go wrong, especially with the Timberland logo. They fit a little tighter than I expected. Still not quite sure they're polarized but the sticker on the lense said they were highest UV protection. I'll have to go fishing soon and test the polarization

I am not sure what layer of the lens is wearing off, but I'm guessing it's polarized layer. At the base of one of the lenses you can see a layer wearing off. I've had them for a couple weeks and it is getting worse. You can't feel anything on either side of the lens, so I think it might be some kind of layer within the lens that is wearing away. Either way, definitely not something that you would expect.

Got my lasik done a few months ago and was shopping for some polarized sunglasses. Great deals on these sunglasses. I'd recommend to my family and friends.

I bought these sunglasses as a gift for my father since he wore out his previous pair, and I have to say I'm simply admired by the quality of this product! they fit perfectly for his abnormal wide head lol! recommended for everyone having trouble finding a good, economic pair of functional sunglasses!

Second pair I've bought and for this price they are great. I can't go back to non polarized and since I go through glasses like bic pens no matter how much I spend, these suit me fine,

The price was good and fits me nice, the specifications are correct and I only have to prove if really can take the abuse of using it.

a little weird shape but still cool.

The plastic on the left side broke off after three months of use. The tiny screw is still on the arm of the glasses, hit the plastic hole where it would fit into broke off completely.

1. Looks good 2. Comfortable 3. Offers about as much protection as my expensive polarized Ray Bans and the Oakley's used for almost a month before returning (can't really tell much difference) I certainly highly recommend these.

Bought two of these sunglasses and they both broke the same way within a year of normal usage. There is a design flaw in the stems where the rubber inserts are positioned. The plastic frames are weakened and break after repeated wearings. Of course, my two both broke on the same left side so I couldn't even salvage a pair out of the two.

a scew has not went into its position. This is kind of refurbish item

After 6 months of use during water sports activities the lenses have begun de-laminating causing a smoky appearance in those areas and making the glasses unusable.

Broke after a few months

Very nice

More than a year after I purchased these sunglasses, I still have them... and they've been abused. I'd recommend them. Great for hikes and some sports, they're very light and almost unnoticeable.

I have bought about 4 pairs of these sunglasses. Not because they are falling apart but because I have gotten drunk and lost them all. This is why I think this pair/model is good for me. I am not the type of person to buy expensive sunglasses so these are perfect for me and my irresponsible ways. Pretty comfortable and don't seem too cheap. They are supposed to be polarized, but I don't believe that they actually are (maybe I just don't know what polarized glasses are "
B00YUKAI4O,Tiger Eye Gem Beads Tibetan Buddhist Prayer Mala Bracelet with Free Bag-1019,,,,"Really nice bracelet, Thanks for the free bag too

Beautiful. This was a gift, well received.

Perfect

I love it

Good quality! Durable and love the looks!

beautiful in person, beads are amazing

I love it but the strings are annoying. The strings get wet every time I wash dishes and I have to keep it out of my food because obviously it touches every other surface during the day. Other than that it is beautiful. The strings also get knotted up and I have to fix or become too lose and have to tighten. Not sure I'd buy again

Very nice quality. These mala beads are great for counting breaths.

Good quality but its made for someone with large wrists. I couldn't adjust it down so it didn't roll up to my middle arm. Too bad. Looked nice.

Love it!! Wearing it almost everyday.

It looks great, and that's the only positive comment ill say about it. Delivery was fast and without complication. It broke on the third day of wearing it, it doesn't matter how nice it looks if you can't wear it. Do not recommend it. Hope this helps."
B00E7LLI5E,"Celebrity Long Sleeve Ladies Casual Womens NEW Cambric Suit Blazer Jacket Top (XL, Black)",jewelryworld,,,"XXL was completely wrong. I'm a size 12, and a large top. but I like thing larger especially in tops and jackets etc. This jacket didn't even fit my arms.. The material was VERY cheap, and it was not long at all it was a waist long blazer... It's made for a teen/junior"
B00NW7XO9M,"Womens Yasmin Black Hangover Cropped Hooded Top (Mtc) ((us 8/10) uk 12/14, Black)",VIP,,$3.30,"A little smaller then expected. Kinda made me safe because I love everything else about it.

This hoodie was pretty much exactly what I expected and hoped for. Very cute, fit perfectly the way a CROPPED hoodie (I got the larger size it was offered it at the time I ordered which was US8-10 ) should fit, it's form fitting but still comfy, The material is very plush and soft too, seems very durable! for reference I am 5'2 140 lbs. I'm pretty short/ petite and i have a larger bust 30G to 32ff depending on style or brand. I would definetly gives a thumbs up! however, if your very far from petite, you may not like the fit. The arm length fits me perfectly, and im petite. My ONLY gripe is i wish it had atleast a small front pocket!

I was happy with my hoodie

Material is weird

Took a while to get here and it fit a little snug but if I don't wear anything under it its okay. It is exactly like the picture just runs small. I am usually a M in tops and sweatshirts. I will still wear it, I think its a really cute top to just wear around the house or wear out to the store. Maybe order two sizes up if you want it to fit like the picture shows.

It's cute but too small

I ordered a large and it hardly fit I am 5'4"" and weigh 120 pounds I had to squeeze into this

The goodie is really thick. But I love it. In shirts I wear a medium. So, I got this in a medium and it doesn't fit too small or too big it's JUUSSST right

Although it is a little smaller than I had thought, I actually love it. Granted I'm not the smallest person in the world but I feel confident in it.

Very cute and does not look cheap. I'm 5ft and the m/l fit great in black. Again this is a crop top so it crops up not like a regular size hoodie at all . The small is like an XS and the M/L is like a Small. Very nice material only thing is the hoodie string is very flimsy and cheap like but everything else about this hoodie is great.

Locks like a picture

Weird material and way too small..

cute hoodie. I wear it when im bartending and everyone gets a kick lol"
B002NOFG8C,Sterling Silver 1/3 ct. Cubic Zirconia Engagement Set,Puresplash,,,"the silver ring set i purchased was nice and shinning sterling silver set was a really good buy and the size was a perfect fit i am very pleased with my ring set the photo of the ring was just like the photo and yes i would tell a friend no one can tell it is not a real engagement set i love it M.Johnson

Even more beautiful then i thought it would be, well made, just a great piece. I suggest this ring to others."
B013I5HAZG,"High Quality Cardboard Party-Mask ""Elvis""",Mask-arade,,,"Well made cardboard mask. Just average.

Looked great!

So funny"
B00JYKPLHY,Drink Apple Juice OJ Will Kill simpson football jersey MENS T-SHIRT Orange 3XL,Blackout Tees,,,Awesome product! Thanks!
B004SNA9YM,2 I'm a Little Miracle Preemie Early Baby Clothes Sleeper Footie 3.5 - 5.5lb PK,BabyPrem,,$18.99,"Beautiful

Month and a half to arrive and not NICU approved once here

The material quality is awesome

Adorable!

The outfits are absolutely adorable .. Can't wait for my twin nephews to wear them.. They are very nice and soft"
B010CLWV94,Froomer Women Summer Boho Casual Long Maxi Evening Party Dress Beach Dresses,Froomer,,,"The style is completely different in picture

it is a great dress - material is sheer and silky smooth and wrinkle resistant. great summer dress. and long enough for even the tallest girls (5'10 and i wore heels no prob)

A little longer and larger than expected, but I still like it.

This looks nothing like the photo. The print is much larger, the slit is to the side not in the front, the dress is too long and the material is cheap. The customer service is awful when trying to return or exchange. Do not waste your money.

The dress is pretty but probably a foot too long! I'm 5'4"" n but still. I gave it to my daughter since she is taller (5' 7"") than me & won't have to get as much cut off the bottom & hemmed."
B000AI3SJW,ShedRain WindPro® Auto Open/Close Jumbo Mini (Sand),ShedRain,,,"Garbage. I don't use an umbrella very often, but when I do, particularly one that is supposed to be windproof I expect it to not turn inside out and the handle to fall off. I used this umbrella precisely twice. The first time something inside broke and the self-collapsing feature wouldn't work. ShedRain kindly replaced it. The second time about 18 months later it was quite windy and when I stepped out of the parking garage, the thing turned inside out and the handle broke off. It's sitting on my office floor and I want to send it back, but don't want another one."
B001M4XJ2E,"var aPageStart = (new Date()).getTime(); var ue_t0=ue_t0||+new Date(); window.ue_ihb = (window.ue_ihb || window.ueinit || 0) + 1; if (window.ue_ihb === 1) { var ue_csm = window, ue_hob = +new Date(); (function(d){var e=d.ue=d.ue||{},f=Date.now||function(){return+new Date};e.d=function(b){return f()-(b?0:d.ue_t0)};e.stub=function(b,a){if(!b[a]){var c=[];b[a]=function(){c.push([c.slice.call(arguments),e.d(),d.ue_id])};b[a].replay=function(b){for(var a;a=c.shift();)b(a[0],a[1],a[2])};b[a].isStub=1}};e.exec=function(b,a){return function(){if(1==window.ueinit)try{return b.apply(this,arguments)}catch(c){ueLogError(c,{attribution:a||""undefined"",logLevel:""WARN""})}}}})(ue_csm); var ue_err_chan = 'jserr-rw'; (function(d,e){function h(f,b){if(!(a.ec>a.mxe)&&f){a.ter.push(f);b=b||{};var c=f.logLevel||b.logLevel;c&&c!==k&&c!==m&&c!==n&&c!==p||a.ec++;c&&c!=k||a.ecf++;b.pageURL=""""+(e.location?e.location.href:"""");b.logLevel=c;b.attribution=f.attribution||b.attribution;a.erl.push({ex:f,info:b})}}function l(a,b,c,e,g){d.ueLogError({m:a,f:b,l:c,c:""""+e,err:g,fromOnError:1,args:arguments},g?{attribution:g.attribution,logLevel:g.logLevel}:void 0);return!1}var k=""FATAL"",m=""ERROR"",n=""WARN"",p=""DOWNGRADED"",a={ec:0,ecf:0, pec:0,ts:0,erl:[],ter:[],mxe:50,startTimer:function(){a.ts++;setInterval(function(){d.ue&&a.pec<a.ec&&d.uex(""at"");a.pec=a.ec},1E4)}};l.skipTrace=1;h.skipTrace=1;h.isStub=1;d.ueLogError=h;d.ue_err=a;e.onerror=l})(ue_csm,window); var ue_id = 'R1JMPD597F4D833JZQZN', ue_url = '/gp/uedata', ue_navtiming = 1, ue_mid = 'ATVPDKIKX0DER', ue_sid = '145-3250706-5357246', ue_sn = 'www.amazon.com', ue_furl = 'fls-na.amazon.com', ue_surl = 'https://unagi-na.amazon.com/1/events/com.amazon.csm.nexusclient.prod', ue_int = 0, ue_fcsn = 1, ue_urt = 3, ue_rpl_ns = 'cel-rpl', ue_ddq = 1, ue_fpf = '//fls-na.amazon.com/1/batch/1/OP/ATVPDKIKX0DER:145-3250706-5357246:R1JMPD597F4D833JZQZN$uedata=s:', ue_rsc = 0, ue_mcimp = 3, ue_sbuimp = 1, ue_swi = 1; function ue_viz(){(function(c,e,a){function k(b){if(c.ue.viz.length<p&&!l){var a=b.type;b=b.originalEvent;/^focus./.test(a)&&b&&(b.toElement||b.fromElement||b.relatedTarget)||(a=e[m]||(""blur""==a||""focusout""==a?""hidden"":""visible""),c.ue.viz.push(a+"":""+(+new Date-c.ue.t0)),""visible""==a&&(ue.isl&&uex(""at""),l=1))}}for(var l=0,f,g,m,n=["""",""webkit"",""o"",""ms"",""moz""],d=0,p=20,h=0;h<n.length&&!d;h++)if(a=n[h],f=(a?a+""H"":""h"")+""idden"",d=""boolean""==typeof e[f])g=a+""visibilitychange"",m=(a?a+""V"":""v"")+""isibilityState""; k({});d&&e.addEventListener(g,k,0);c.ue&&d&&(c.ue.pageViz={event:g,propHid:f})})(ue_csm,document,window)}; (function(a,g,u){function x(a){return a&&a.replace&&a.replace(/^\s+|\s+$/g,"""")}function q(a){return""undefined""===typeof a}function y(a){try{var b=u.cookie.match(RegExp(""(^| )""+a+""=([^;]+)""));if(b)return b[2].trim()}catch(c){}}function A(d,b){d&&(a.ue_id=h.id=h.rid=d,a.ue_fpf=a.ue_fpf.replace(/((.*?:){2})(\w+)/,function(a,b){return b+d}));b&&(a.ue_fpf=a.ue_fpf.replace(/(.*?:)(\w|-)+/,function(a,d){return d+b}),a.ue_sid=b);a.ue.tag(""accelerated-experience"")}function t(d,b,c,k){var g=k||+new Date,n; a.ueam&&a.ueam(b,d,k);if(b||q(c)){if(d)for(n in k=b?f(""t"",b)||f(""t"",b,{}):a.ue.t,k[d]=g,c)c.hasOwnProperty(n)&&f(n,b,c[n]);return g}}function f(d,b,c){var f=a.ue,g=b&&b!=f.id?f.sc[b]:f;g||(g=f.sc[b]={});""id""==d&&c&&(f.cfa2=1);return g[d]=c||g[d]}function C(d,b,c,f,g){c=""on""+c;var n=b[c];""function""===typeof n?d&&(a.ue.h[d]=n):n=function(){};b[c]=g?function(a){f(a);n(a)}:function(a){n(a);f(a)};b[c]&&(b[c].isUeh=1)}function D(d,b,c){function k(b,c){var e=[b],J=0,g={},n,k;c?(e.push(""m=1""),g[c]=1):g=a.ue.sc; for(k in g)if(g.hasOwnProperty(k)){var l=f(""wb"",k),h=f(""t"",k)||{},p=f(""t0"",k)||a.ue.t0,m;if(c||2==l){l=l?J++:"""";e.push(""sc""+l+""=""+k);for(m in h)3>=m.length&&!q(h[m])&&null!==h[m]&&e.push(m+l+""=""+(h[m]-p));e.push(""t""+l+""=""+h[d]);if(f(""ctb"",k)||f(""wb"",k))n=1}}!z&&n&&e.push(""ctb=1"");return e.join(""&"")}function B(b,c,d,e){if(b){var f=a.ue_err,k;a.ue_url&&(!e||!a.ue.log)&&b&&0<b.length&&(k=new Image,a.ue.iel.push(k),k.src=b);K?a.ue_fpf&&g.encodeURIComponent&&b&&(e=new Image,b=""""+a.ue_fpf+g.encodeURIComponent(b)+ "":""+(+new Date-a.ue_t0),a.ue.iel.push(e),e.src=b):a.ue.log&&(k=g.chrome&&""ul""==c,a.ue.log(b,""uedata"",a.ue_svi?{n:1,img:!e&&k?1:0}:{n:1}),a.ue.ielf.push(b));f&&!f.ts&&f.startTimer();a.ue.b&&(f=a.ue.b,a.ue.b="""",B(f,c,d,1))}}function n(b){if(!ue.collected){var c=b.timing,e=b.navigation,d=ue.t;c&&(d.na_=c.navigationStart,d.ul_=c.unloadEventStart,d._ul=c.unloadEventEnd,d.rd_=c.redirectStart,d._rd=c.redirectEnd,d.fe_=c.fetchStart,d.lk_=c.domainLookupStart,d._lk=c.domainLookupEnd,d.co_=c.connectStart,d._co= c.connectEnd,d.sc_=c.secureConnectionStart,d.rq_=c.requestStart,d.rs_=c.responseStart,d._rs=c.responseEnd,d.dl_=c.domLoading,d.di_=c.domInteractive,d.de_=c.domContentLoadedEventStart,d._de=c.domContentLoadedEventEnd,d._dc=c.domComplete,d.ld_=c.loadEventStart,d._ld=c.loadEventEnd,c=d.na_,b=""function""!==typeof b.now||q(c)?0:new Date(c+b.now())-new Date,d.ntd=b+a.ue.t0);e&&(d.ty=e.type+a.ue.t0,d.rc=e.redirectCount+a.ue.t0);ue.collected=1}}function s(b){var c=r&&r.navigation?r.navigation.type:w,d=c&& 2!=c,e=a.ue.bfini;a.ue.cfa2||(e&&1<e&&(b+=""&bfform=1"",d||(a.ue.isBFT=e-1)),2==c&&(b+=""&bfnt=1"",a.ue.isBFT=a.ue.isBFT||1),a.ue.ssw&&a.ue.isBFT&&(q(a.ue.isNRBF)&&(c=a.ue.ssw(a.ue.oid),c.e||q(c.val)||(a.ue.isNRBF=1<c.val?0:1)),q(a.ue.isNRBF)||(b+=""&nrbf=""+a.ue.isNRBF)),a.ue.isBFT&&!a.ue.isNRBF&&(b+=""&bft=""+a.ue.isBFT));return b}if(!h.paused&&(b||q(c))){for(var p in c)c.hasOwnProperty(p)&&f(p,b,c[p]);t(""pc"",b,c);p=f(""id"",b)||a.ue.id;var e=a.ue.url+""?""+d+""&v=""+a.ue.v+""&id=""+p,z=f(""ctb"",b)||f(""wb"",b),r= g.performance||g.webkitPerformance,l,m;z&&(e+=""&ctb=""+z);1<a.ueinit&&(e+=""&ic=""+a.ueinit);!a.ue._fi||""at""!=d||b&&b!=p||(e+=a.ue._fi());if(!(""ld""!=d&&""ul""!=d||b&&b!=p)){if(""ld""==d){try{g.onbeforeunload&&g.onbeforeunload.isUeh&&(g.onbeforeunload=null)}catch(y){}if(g.chrome)for(m=0;m<ue.ulh.length;m++)E(""beforeunload"",ue.ulh[m]);(m=u.ue_backdetect)&&m.ue_back&&m.ue_back.value++;a._uess&&(l=a._uess());a.ue.isl=1}ue._bf&&(e+=""&bf=""+ue._bf());a.ue_navtiming&&r&&r.timing&&(f(""ctb"",p,""1""),1==a.ue_navtiming&& t(""tc"",w,w,r.timing.navigationStart));r&&n(r);a.ue.t.hob=a.ue_hob;a.ue.t.hoe=a.ue_hoe;a.ue.ifr&&(e+=""&ifr=1"")}t(d,b,c);c=""ld""==d&&b&&f(""wb"",b);var v;c||b&&b!==p||L(b);c||p==a.ue.oid||M((f(""t"",b)||{}).tc||+f(""t0"",b),+f(""t0"",b));a.ue_mbl&&a.ue_mbl.cnt&&!c&&(e+=a.ue_mbl.cnt());c?f(""wb"",b,2):""ld""==d&&(h.lid=x(p));for(v in a.ue.sc)if(1==f(""wb"",v))break;if(c){if(a.ue.s)return;e=k(e,null)}else m=k(e,null),m!=e&&(m=s(m),a.ue.b=m),l&&(e+=l),e=k(e,b||a.ue.id);e=s(e);if(a.ue.b||c)for(v in a.ue.sc)2==f(""wb"", v)&&delete a.ue.sc[v];l=0;ue._rt&&(e+=""&rt=""+ue._rt());c||(a.ue.s=0,(l=a.ue_err)&&0<l.ec&&l.pec<l.ec&&(l.pec=l.ec,e+=""&ec=""+l.ec+""&ecf=""+l.ecf),l=f(""ctb"",b),f(""t"",b,{}));e&&a.ue.tag&&0<a.ue.tag().length&&(e+=""&csmtags=""+a.ue.tag().join(""|""),a.ue.tag=a.ue.tagC());e&&a.ue.viz&&0<a.ue.viz.length&&(e+=""&viz=""+a.ue.viz.join(""|""),a.ue.viz=[]);e&&!q(a.ue_pty)&&(e+=""&pty=""+a.ue_pty+""&spty=""+a.ue_spty+""&pti=""+a.ue_pti);e&&a.ue.tabid&&(e+=""&tid=""+a.ue.tabid);e&&a.ue.aftb&&(e+=""&aftb=1"");e&&a.ue.sbf&&(e+=""&sbf=1""); !a.ue._ui||b&&b!=p||(e+=a.ue._ui());a.ue.a=e;B(e,d,l,c)}}function L(a){var b=g.ue_csm_markers||{},c;for(c in b)b.hasOwnProperty(c)&&t(c,a,w,b[c])}function s(d,b,c){c=c||g;a.ue_pel&&window.EventTarget&&window.EventTarget.prototype&&window.EventTarget.prototype.addEventListener?window.EventTarget.prototype.addEventListener.call(c,d,b,!!window.ue_clf):c.addEventListener?c.addEventListener(d,b,!!window.ue_clf):c.attachEvent&&c.attachEvent(""on""+d,b)}function E(d,b,c){c=c||g;a.ue_pel&&window.EventTarget&& window.EventTarget.prototype&&window.EventTarget.prototype.removeEventListener?window.EventTarget.prototype.removeEventListener.call(c,d,b,!!window.ue_clf):c.removeEventListener?c.removeEventListener(d,b,!!window.ue_clf):c.detachEvent&&c.detachEvent(""on""+d,b)}function F(){function d(){a.onUl()}function b(a){return function(){c[a]||(c[a]=1,D(a))}}var c=a.ue.r,f,h;a.onLd=b(""ld"");a.onLdEnd=b(""ld"");a.onUl=b(""ul"");f={stop:b(""os"")};g.chrome?(s(""beforeunload"",d),ue.ulh.push(d)):f[N]=a.onUl;for(h in f)f.hasOwnProperty(h)&& C(0,g,h,f[h]);a.ue_viz&&ue_viz();O&&s(""readystatechange"",P,u);s(""load"",a.onLd);t(""ue"")}function P(){""complete""===u.readyState&&(Q?setTimeout(G,0):G())}function G(){var d;if(!(d=ue.isl)&&(d=R))a:{d=u.images||[];for(var b=0;b<d.length;b++)if(!1===d[b].complete){d=!1;break a}d=!0}if(!d)a.onUl()}function M(d,b){a.ue_mbl&&a.ue_mbl.ajax&&a.ue_mbl.ajax(d,b);a.ue.tag(""ajax-transition"")}a.ueinit=(a.ueinit||0)+1;var h={t0:g.aPageStart||a.ue_t0,id:a.ue_id,url:a.ue_url,rid:a.ue_id,a:"""",b:"""",h:{},r:{ld:0,oe:0, ul:0},s:1,t:{},sc:{},iel:[],ielf:[],fc_idx:{},viz:[],v:""0.202589.0"",d:a.ue&&a.ue.d,log:a.ue&&a.ue.log,clog:a.ue&&a.ue.clog,onflush:a.ue&&a.ue.onflush,onunload:a.ue&&a.ue.onunload,stub:a.ue&&a.ue.stub,lr:a.ue&&a.ue.lr,exec:a.ue&&a.ue.exec,event:a.ue&&a.ue.event,onSushiUnload:a.ue&&a.ue.onSushiUnload,onSushiFlush:a.ue&&a.ue.onSushiFlush,ulh:[],cfa2:0,paused:!1},K=a.ue_fpf?1:0,O=1===a.ue_rsc||3===a.ue_rsc,Q=3===a.ue_rsc,R=1===a.ue_rsc,N=""beforeunload"",w;h.oid=x(h.id);h.lid=x(h.id);a.ue=h;a.ue._t0=a.ue.t0; a.ue.tagC=function(){var a={};return function(b){b&&(a[b]=1);b=[];for(var c in a)a.hasOwnProperty(c)&&b.push(c);return b}};a.ue.tag=a.ue.tagC();a.ue.ifr=g.top!==g.self||g.frameElement?1:0;ue.attach=s;ue.detach=E;if(""000-0000000-8675309""===a.ue_sid){var H=y(""cdn-rid""),I=y(""session-id"");H&&I&&A(H,I)}a.uei=F;a.ueh=C;a.ues=f;a.uet=t;a.uex=D;h.reset=A;h.pause=function(a){h.paused=a};F()})(ue_csm,window,ue_csm.document); ue.stub(ue,""event"");ue.stub(ue,""onSushiUnload"");ue.stub(ue,""onSushiFlush""); ue.stub(ue,""log"");ue.stub(ue,""onunload"");ue.stub(ue,""onflush""); (function(c){var a=c.ue;a.cv={};a.cv.scopes={};a.count=function(d,c,b){var e={},f=a.cv,g=b&&0===b.c;e.counter=d;e.value=c;e.t=a.d();b&&b.scope&&(f=a.cv.scopes[b.scope]=a.cv.scopes[b.scope]||{},e.scope=b.scope);if(void 0===c)return f[d];f[d]=c;d=0;b&&b.bf&&(d=1);ue_csm.ue_sclog||!a.clog||0!==d||g?a.log&&a.log(e,""csmcount"",{c:1,bf:d}):a.clog(e,""csmcount"",{bf:d})};a.count(""baselineCounter2"",1);a&&a.event&&(a.event({requestId:c.ue_id||""rid"",server:c.ue_sn||""sn"",obfuscatedMarketplaceId:c.ue_mid||""mid""}, ""csm"",""csm.CSMBaselineEvent.4""),a.count(""nexusBaselineCounter"",1,{bf:1}))})(ue_csm); var ue_hoe = +new Date(); } window.ueinit = window.ue_ihb; (function(g,h,O,pa){function k(a){w&&w.tag&&w.tag(q("":"",""aui"",a))}function v(a,b){w&&w.count&&w.count(""aui:""+a,0===b?0:b||(w.count(""aui:""+a)||0)+1)}function l(a){try{return a.test(navigator.userAgent)}catch(b){return!1}}function x(a,b,c){a.addEventListener?a.addEventListener(b,c,!1):a.attachEvent&&a.attachEvent(""on""+b,c)}function q(a,b,c,d){b=b&&c?b+a+c:b||c;return d?q(a,b,d):b}function F(a,b,c){try{Object.defineProperty(a,b,{value:c,writable:!1})}catch(d){a[b]=c}return c}function P(){return setTimeout(Y, 0)}function qa(a,b){var c=a.length,d=c,f=function(){d--||(Q.push(b),R||(P(),R=!0))};for(f();c--;)Z[a[c]]?f():(z[a[c]]=z[a[c]]||[]).push(f)}function ra(a,b,c,d,f){var e=h.createElement(a?""script"":""link"");x(e,""error"",d);f&&x(e,""load"",f);if(a){e.type=""text/javascript"";e.async=!0;if(a=c)a=-1!==b.indexOf(""images/I"")||/AUIClients/.test(b);a&&e.setAttribute(""crossorigin"",""anonymous"");e.src=b}else e.rel=""stylesheet"",e.href=b;h.getElementsByTagName(""head"")[0].appendChild(e)}function aa(a,b){function c(c,d){function f(){ra(b, c,h,function(b){!G&&h?(h=!1,v(""resource_retry""),f()):(v(""resource_error""),a.log(""Asset failed to load: ""+c,G?""WARN"":void 0));b&&b.stopPropagation?b.stopPropagation():g.event&&(g.event.cancelBubble=!0)},d)}if(ba[c])return!1;ba[c]=!0;v(""resource_count"");var h=!0;return!f()}if(b){var d=0,f=0;c.andConfirm=function(a,b){return c(a,function(){d++;b&&b.apply(this,arguments)})};c.confirm=function(){f++};c.getCsriCounters=function(){return{reqs:d,full:f}}}return c}function sa(a,b,c){for(var d={name:a,guard:function(c){return b.guardFatal(a, c)},logError:function(c,d,f){b.logError(c,d,f,a)}},f=[],e=0;e<c.length;e++)H.hasOwnProperty(c[e])&&(f[e]=S.hasOwnProperty(c[e])?S[c[e]](H[c[e]],d):H[c[e]]);return f}function A(a,b,c,d,f){return function(e,h){function n(){var a=null;d?a=h:""function""===typeof h&&(p.start=B(),a=h.apply(g,sa(e,k,l)),p.end=B());if(b){H[e]=a;a=e;for(Z[a]=!0;(z[a]||[]).length;)z[a].shift()();delete z[a]}p.done=!0}var k=f||this;""function""===typeof e&&(h=e,e=void 0);b&&(e=e?e.replace(ca,""""):""__NONAME__"",T.hasOwnProperty(e)&& k.error(q("", reregistered by "",q("" by "",e+"" already registered"",T[e]),k.attribution),e),T[e]=k.attribution);for(var l=[],m=0;m<a.length;m++)l[m]=a[m].replace(ca,"""");var p=da[e||""anon""+ ++ta]={depend:l,registered:B(),namespace:k.namespace};c?n():qa(l,k.guardFatal(e,n));return{decorate:function(a){S[e]=k.guardFatal(e,a)}}}}function ea(a){return function(){var b=Array.prototype.slice.call(arguments);return{execute:A(b,!1,a,!1,this),register:A(b,!0,a,!1,this)}}}function U(a,b){return function(c,d){d|| (d=c,c=void 0);var f=this.attribution;return function(){y.push(b||{attribution:f,name:c,logLevel:a});var e=d.apply(this,arguments);y.pop();return e}}}function I(a,b){this.load={js:aa(this,!0),css:aa(this)};F(this,""namespace"",b);F(this,""attribution"",a)}function fa(){h.body?r.trigger(""a-bodyBegin""):setTimeout(fa,20)}function C(a,b){if(b){for(var c=a.className.split("" ""),d=c.length;d--;)if(c[d]===b)return;a.className+="" ""+b}}function ga(a,b){for(var c=a.className.split("" ""),d=[],f;void 0!==(f=c.pop());)f&& f!==b&&d.push(f);a.className=d.join("" "")}function ha(a){try{return a()}catch(b){return!1}}function J(){if(K){var a=g.innerWidth?{w:g.innerWidth,h:g.innerHeight}:{w:m.clientWidth,h:m.clientHeight};5<Math.abs(a.w-V.w)||50<a.h-V.h?(V=a,L=4,(a=n.mobile||n.tablet?450<a.w&&a.w>a.h:1250<=a.w)?C(m,""a-ws""):ga(m,""a-ws"")):0<L&&(L--,ia=setTimeout(J,16))}}function ua(a){(K=void 0===a?!K:!!a)&&J()}function va(){return K}function t(a,b){return""sw:""+(b||"""")+"":""+a+"":""}function ja(a,b,c,d){if(c){b=l(/Chrome/i)&&!l(/Edge/i)&& !l(/OPR/i)&&!a.capabilities.isAmazonApp;var f=t(d,""browser""),e=t(d,""prod_mshop""),g=t(d,""beta_mshop"");!a.capabilities.isAmazonApp&&c.browser&&b&&(k(f+""supported""),c.browser.action(f,d));!b&&c.browser&&k(f+""unsupported"");c.prodMshop&&k(e+""unsupported"");c.betaMshop&&k(g+""unsupported"")}}""use strict"";var M=O.now=O.now||function(){return+new O},B=function(a){return a&&a.now?a.now.bind(a):M}(g.performance);pa=B();var u=g.AmazonUIPageJS||g.P;if(u&&u.when&&u.register)throw Error(""A copy of P has already been loaded on this page.""); var w=g.ue;k();k(""aui_build_date:3.18.16-2018-12-25"");var Q=[],R=!1,Y;Y=function(){for(var a=P(),b=M();Q.length;)if(Q.shift()(),50<M()-b)return;clearTimeout(a);R=!1};l(/OS 6_[0-9]+ like Mac OS X/i)&&x(g,""scroll"",P);var Z={},z={},ba={},G=!1;x(g,""beforeunload"",function(){G=!0;setTimeout(function(){G=!1},1E4)});var ca=/^prv:/,T={},H={},S={},da={},ta=0,D,y=[],ka=g.onerror;g.onerror=function(a,b,c,d,f){f&&""object""===typeof f||(f=Error(a,b,c),f.columnNumber=d,f.stack=b||c||d?q(String.fromCharCode(92),f.message, ""at ""+q("":"",b,c,d)):void 0);var e=y.pop()||{};f.attribution=q("":"",f.attribution||e.attribution,e.name);f.logLevel=e.logLevel;f.attribution&&console&&console.log&&console.log([f.logLevel||""ERROR"",a,""thrown by"",f.attribution].join("" ""));y=[];ka&&(e=[].slice.call(arguments),e[4]=f,ka.apply(g,e))};I.prototype={logError:function(a,b,c,d){b={message:b,logLevel:c||""ERROR"",attribution:q("":"",this.attribution,d)};if(g.ueLogError)return g.ueLogError(a||b,a?b:null),!0;console&&console.error&&(console.log(b), console.error(a));return!1},error:function(a,b,c,d){a=Error(q("":"",d,a,c));a.attribution=q("":"",this.attribution,b);throw a;},guardError:U(),guardFatal:U(""FATAL""),guardCurrent:function(a){var b=y[y.length-1];return b?U(b.logLevel,b).call(this,a):a},log:function(a,b,c){return this.logError(null,a,b,c)},declare:A([],!0,!0,!0),register:A([],!0),execute:A([]),AUI_BUILD_DATE:""3.18.16-2018-12-25"",when:ea(),now:ea(!0),trigger:function(a,b,c){var d=M();this.declare(a,{data:b,pageElapsedTime:d-(g.aPageStart|| NaN),triggerTime:d});c&&c.instrument&&D.when(""prv:a-logTrigger"").execute(function(b){b(a)})},handleTriggers:function(){this.log(""handleTriggers deprecated"")},attributeErrors:function(a){return new I(a)},_namespace:function(a,b){return new I(a,b)}};var r=F(g,""AmazonUIPageJS"",new I);D=r._namespace(""PageJS"",""AmazonUI"");D.declare(""prv:p-debug"",da);r.declare(""p-recorder-events"",[]);r.declare(""p-recorder-stop"",function(){});F(g,""P"",r);fa();if(h.addEventListener){var la;h.addEventListener(""DOMContentLoaded"", la=function(){r.trigger(""a-domready"");h.removeEventListener(""DOMContentLoaded"",la,!1)},!1)}var m=h.documentElement,W=function(){var a=[""O"",""ms"",""Moz"",""Webkit""],b=h.createElement(""div"");return{testGradients:function(){b.style.cssText=""background-image:-webkit-gradient(linear,left top,right bottom,from(#9f9),to(white));background-image:-webkit-linear-gradient(left top,#9f9,white);background-image:linear-gradient(left top,#9f9,white);"";return-1<b.style.backgroundImage.indexOf(""gradient"")},test:function(c){var d= c.charAt(0).toUpperCase()+c.substr(1);c=(a.join(d+"" "")+d+"" ""+c).split("" "");for(d=c.length;d--;)if(""""===b.style[c[d]])return!0;return!1},testTransform3d:function(){var a=!1;g.matchMedia&&(a=g.matchMedia(""(-webkit-transform-3d)"").matches);return a}}}(),u=m.className,ma=/(^| )a-mobile( |$)/.test(u),na=/(^| )a-tablet( |$)/.test(u),n={audio:function(){return!!h.createElement(""audio"").canPlayType},video:function(){return!!h.createElement(""video"").canPlayType},canvas:function(){return!!h.createElement(""canvas"").getContext}, svg:function(){return!!h.createElementNS&&!!h.createElementNS(""http://www.w3.org/2000/svg"",""svg"").createSVGRect},offline:function(){return navigator.hasOwnProperty&&navigator.hasOwnProperty(""onLine"")&&navigator.onLine},dragDrop:function(){return""draggable""in h.createElement(""span"")},geolocation:function(){return!!navigator.geolocation},history:function(){return!(!g.history||!g.history.pushState)},webworker:function(){return!!g.Worker},autofocus:function(){return""autofocus""in h.createElement(""input"")}, inputPlaceholder:function(){return""placeholder""in h.createElement(""input"")},textareaPlaceholder:function(){return""placeholder""in h.createElement(""textarea"")},localStorage:function(){return""localStorage""in g&&null!==g.localStorage},orientation:function(){return""orientation""in g},touch:function(){return""ontouchend""in h},gradients:function(){return W.testGradients()},hires:function(){var a=g.devicePixelRatio&&1.5<=g.devicePixelRatio||g.matchMedia&&g.matchMedia(""(min-resolution:144dpi)"").matches;v(""hiRes""+ (ma?""Mobile"":na?""Tablet"":""Desktop""),a?1:0);return a},transform3d:function(){return W.testTransform3d()},touchScrolling:function(){return l(/Windowshop|android.([3-9]|[L-Z])|OS ([5-9]|[1-9][0-9]+)(_[0-9]{1,2})+ like Mac OS X|Chrome|Silk|Firefox|Trident.+?; Touch/i)},ios:function(){return l(/OS [1-9][0-9]*(_[0-9]*)+ like Mac OS X/i)&&!l(/trident|Edge/i)},android:function(){return l(/android.([1-9]|[L-Z])/i)&&!l(/trident|Edge/i)},mobile:function(){return ma},tablet:function(){return na}},p;for(p in n)n.hasOwnProperty(p)&& (n[p]=ha(n[p]));for(var X=""textShadow textStroke boxShadow borderRadius borderImage opacity transform transition"".split("" ""),N=0;N<X.length;N++)n[X[N]]=ha(function(){return W.test(X[N])});var K=!0,ia=0,V={w:0,h:0},L=4;J();x(g,""resize"",function(){clearTimeout(ia);L=4;J()});var oa={getItem:function(a){try{return g.localStorage.getItem(a)}catch(b){}},setItem:function(a,b){try{return g.localStorage.setItem(a,b)}catch(c){}}};ga(m,""a-no-js"");C(m,""a-js"");!l(/OS [1-8](_[0-9]*)+ like Mac OS X/i)||g.navigator.standalone|| l(/safari/i)||C(m,""a-ember"");u=[];for(p in n)n.hasOwnProperty(p)&&n[p]&&u.push(""a-""+p.replace(/([A-Z])/g,function(a){return""-""+a.toLowerCase()}));C(m,u.join("" ""));m.setAttribute(""data-aui-build-date"",""3.18.16-2018-12-25"");r.register(""p-detect"",function(){return{capabilities:n,localStorage:n.localStorage&&oa,toggleResponsiveGrid:ua,responsiveGridEnabled:va}});l(/UCBrowser/i)||n.localStorage&&C(m,oa.getItem(""a-font-class""));r.declare(""a-event-revised-handling"",!1);var E=navigator.serviceWorker;E&&x(E, ""message"",function(a){a&&a.data&&v(a.data.k,a.data.v)});p={reg:{},unreg:{}};p.unreg.browser={action:function(a,b){var c=E.getRegistrations();c&&c.then(function(c){c.forEach(function(c){c.unregister().then(function(){v(a+""success"")}).catch(function(c){r.logError(c,""[AUI SW] Failed to ""+b+"" service worker: "");v(a+""failure"")})})})}};(function(a){var b=a.reg,c=a.unreg;E&&E.getRegistrations?(D.when(""A"",""a-util"").execute(function(a,b){ja(a,b,c,""unregister"")}),x(g,""load"",function(){D.when(""A"",""a-util"").execute(function(a, c){ja(a,c,b,""register"")})})):(b&&(b.browser&&k(t(""register"",""browser"")+""unsupported""),b.prodMshop&&k(t(""register"",""prod_mshop"")+""unsupported""),b.betaMshop&&k(t(""register"",""beta_mshop"")+""unsupported"")),c&&(c.browser&&k(t(""unregister"",""browser"")+""unsupported""),c.prodMshop&&k(t(""unregister"",""prod_mshop"")+""unsupported""),c.betaMshop&&k(t(""unregister"",""beta_mshop"")+""unsupported"")))})(p);r.declare(""a-fix-event-off"",!1);v(""pagejs:pkgExecTime"",B()-NaN)})(window,document,Date); (window.AmazonUIPageJS ? AmazonUIPageJS : P).when('sp.load.js').execute(function() { (window.AmazonUIPageJS ? AmazonUIPageJS : P).load.js('https://images-na.ssl-images-amazon.com/images/I/61o5HuBKUHL._RC|11IYhapguOL.js,61VQRvc280L.js,21iSNz47xoL.js,012FVc3131L.js,119KAWlHU6L.js,31fv8bqHLoL.js,31ReKJl2X6L.js,51WivJzk7vL.js,11AHlQhPRjL.js,01NATrwbNUL.js,11aNYFFS5hL.js,116tgw9TSaL.js,21auxuI+dRL.js,01PoLXBDXWL.js,61GDyZ5kYqL.js,01mi-J86cyL.js,11BOgvnnntL.js,31SG6rlHlbL.js,01rpauTep4L.js,01iyxuSGj4L.js,01XI-Ief5sL.js_.js?AUIClients/AmazonUI#168183-T1.177619-T1.144375-T1'); }); .nav-sprite-v1 .nav-sprite, .nav-sprite-v1 .nav-icon { background-image: url(https://images-na.ssl-images-amazon.com/images/G/01/gno/sprites/nav-sprite-global_bluebeacon-V3-1x_optimized._CB483188077_.png); background-position: 0 1000px; background-repeat: repeat-x; } .nav-spinner { background-image: url(https://images-na.ssl-images-amazon.com/images/G/01/javascripts/lib/popover/images/snake._CB192571611_.gif); background-position: center center; background-repeat: no-repeat; } .nav-timeline-icon, .nav-access-image, .nav-timeline-prime-icon { background-image: url(https://images-na.ssl-images-amazon.com/images/G/01/gno/sprites/timeline_sprite_1x._CB276239408_.png); background-repeat: no-repeat; } .ap_popover_unsprited .ap_body .ap_left{background-image:url(https://images-na.ssl-images-amazon.com/images/G/01/javascripts/lib/popover/images/po_left_17._V1_.png)}.ap_popover_unsprited .ap_body .ap_right{background-image:url(https://images-na.ssl-images-amazon.com/images/G/01/javascripts/lib/popover/images/po_right_17._V1_.png)}.ap_popover_unsprited .ap_header .ap_left{background-image:url(https://images-na.ssl-images-amazon.com/images/G/01/javascripts/lib/popover/images/po_top_left._V1_.png)}.ap_popover_unsprited .ap_header .ap_right{background-image:url(https://images-na.ssl-images-amazon.com/images/G/01/javascripts/lib/popover/images/po_top_right._V1_.png)}.ap_popover_unsprited .ap_header .ap_middle{background-image:url(https://images-na.ssl-images-amazon.com/images/G/01/javascripts/lib/popover/images/po_top._V1_.png)}.ap_popover_unsprited .ap_footer .ap_left{background-image:url(https://images-na.ssl-images-amazon.com/images/G/01/javascripts/lib/popover/images/po_bottom_left._V1_.png)}.ap_popover_unsprited .ap_footer .ap_right{background-image:url(https://images-na.ssl-images-amazon.com/images/G/01/javascripts/lib/popover/images/po_bottom_right._V1_.png)}.ap_popover_unsprited .ap_footer .ap_middle{background-image:url(https://images-na.ssl-images-amazon.com/images/G/01/javascripts/lib/popover/images/po_bottom._V1_.png)}.ap_popover_sprited .ap_body .ap_left,.ap_popover_sprited .ap_body .ap_right{background-image:url(https://images-na.ssl-images-amazon.com/images/G/01/javascripts/lib/popover/images/light/sprite-v._V1_.png)}.ap_popover_sprited .ap_closebutton,.ap_popover_sprited .ap_footer .ap_left,.ap_popover_sprited .ap_footer .ap_middle,.ap_popover_sprited .ap_footer .ap_right,.ap_popover_sprited .ap_header .ap_left,.ap_popover_sprited .ap_header .ap_middle,.ap_popover_sprited .ap_header .ap_right{background-image:url(https://images-na.ssl-images-amazon.com/images/G/01/javascripts/lib/popover/images/light/sprite-h._V1_.png)}.ap_popover_sprited .ap_body .ap_left-arrow,.ap_popover_sprited .ap_body .ap_right-arrow{background-image:url(https://images-na.ssl-images-amazon.com/images/G/01/javascripts/lib/popover/images/light/sprite-arrow-v._V1_.png)}.ap_popover{position:absolute;outline:0}.ap_body{height:100%;min-height:36px;position:relative;background-color:#fff;margin:0 17px}.ap_body .ap_left,.ap_popover_sprited .ap_body .ap_left-arrow{width:17px;height:100%;position:absolute;top:0;left:-17px;background-attachment:scroll;background-repeat:repeat-y}.ap_popover_sprited .ap_body .ap_left{background-position:0 top}.ap_body .ap_right,.ap_popover_sprited .ap_body .ap_right-arrow{width:17px;height:100%;position:absolute;top:0;right:-17px;background-attachment:scroll;background-repeat:repeat-y}.ap_popover_sprited .ap_body .ap_right{background-position:-51px top}.ap_footer,.ap_header{position:relative;width:100%}.ap_footer *,.ap_header *{height:26px}.ap_header .ap_left{position:absolute;top:0;left:0;width:34px;background-attachment:scroll;background-repeat:no-repeat}.ap_popover_sprited .ap_header .ap_left{background-position:left -2px}.ap_header .ap_right{width:34px;position:absolute;top:0;right:0;background-attachment:scroll;background-repeat:no-repeat}.ap_popover_sprited .ap_header .ap_right{background-position:right -2px}.ap_header .ap_middle{margin:0 34px;background-attachment:scroll;background-repeat:repeat-x}.ap_popover_sprited .ap_header .ap_middle{background-position:0 -70px}.ap_footer .ap_left{position:absolute;top:0;left:0;width:34px;background-attachment:scroll;background-repeat:no-repeat}.ap_popover_sprited .ap_footer .ap_left{background-position:left -40px}.ap_footer .ap_right{width:34px;position:absolute;top:0;right:0;background-attachment:scroll;background-repeat:no-repeat}.ap_popover_sprited .ap_footer .ap_right{background-position:right -40px}.ap_footer .ap_middle{margin:0 34px;background-attachment:scroll;background-repeat:repeat-x}.ap_popover_sprited .ap_footer .ap_middle{background-position:0 -108px}.ap_popover .ap_titlebar{display:none;position:absolute;left:0;top:0;background-color:#EAF3FE;border-bottom:1px solid #C2DDF2;font-size:14px;font-weight:700;margin:8px 18px;white-space:nowrap;overflow:hidden}.ap_popover .ap_titlebar.multiline{white-space:normal;overflow:visible}.ap_popover .ap_titlebar .ap_title{padding:4px 0;margin-left:10px;overflow:hidden}#ap_overlay,#ap_overlay div{background-color:#3F4C58;width:100%;position:absolute;top:0;left:0;z-index:99}.ap_popover .ap_close{position:absolute;right:18px;top:13px}.ap_popover .ap_close a{padding:5px;text-decoration:none;outline:0}.ap_popover .ap_close .ap_closetext{display:none;margin-right:5px;line-height:1em}.ap_popover .ap_closebutton{display:-moz-inline-box;display:inline-block;width:15px;height:15px;background-repeat:no-repeat;background-position:0 -136px;position:relative;overflow:hidden;vertical-align:top}.ap_popover .ap_closebutton span{position:absolute;top:-9999px}.ap_popover .ap_close img{vertical-align:top}.ap_classic{border-top:1px solid #ccc;border-left:1px solid #ccc;border-bottom:1px solid #2F2F1D;border-right:1px solid #2F2F1D;background-color:#EFEDD4;padding:3px}.ap_classic .ap_titlebar{color:#86875D;font-size:12px;padding:0 0 3px 0;line-height:1em}.ap_classic .ap_close{float:right}.ap_classic .ap_content{clear:both;background-color:#fff;border:1px solid #ACA976;padding:8px;font-size:11px} (function(d,b,m){function c(a){return""--private-amznjqshim-""+a}function e(a,l){var b=c(l);d.now(b).execute(c(a+""-""+b)+""-""+f++,function(a){void 0===a&&d.declare(b,!0)})}function h(a){e(""markRequested"",""functionality-requested:""+a)}function g(a){e(""completedStage"",""stage-""+a)}b.goN2Debug||(b.goN2Debug={info:function(){}});""use strict"";var f=0,k=b.amznJQ=new function(){this.addLogical=this.addStyle=this.addStyles=this.PLNow=this.windowOnLoad=function(){};this.declareAvailable=function(a){e(""declaring"", a)};this.available=function(a,b){a=c(a);h(a);d.when(a,c(""jQuery"")).execute(c(""available-""+a)+""-""+f++,b)};this.onReady=function(a,b){a=c(a);h(a);d.when(a,""a-domready"",c(""jQuery"")).execute(c(""onReady-""+a)+""-""+f++,b)};this.onCompletion=function(a,b){var e=c(""stage-""+a);d.when(e,c(""jQuery"")).execute(b)};this.completedStage=function(a){g(a)};this.addPL=function(a){d.when(""a-preload"").execute(c(""Preloader"")+""-""+f++,function(b){b.preload(a)})};this.strings={};this.chars={}};d.when(""load"").execute(c(""fail-safe-stages""), function(){g(""amznJQ.theFold"");g(""amznJQ.criticalFeature"")});d.when(""jQuery"").execute(""define amznJQ jQuery"",function(a){b.jQuery||(b.jQuery=a);k.jQuery||(k.jQuery=a);e(""declaring"",""jQuery"")})})(window.P||window.AmazonUIPageJS,window,document); (window.AmazonUIPageJS ? AmazonUIPageJS : P).when('atf').execute(function(){ (window.AmazonUIPageJS ? AmazonUIPageJS : P).load.js('https://images-na.ssl-images-amazon.com/images/I/417QjYmMtBL.js?AUIClients/AmazonPopoversAUIShim#us'); (window.AmazonUIPageJS ? AmazonUIPageJS : P).load.js('https://images-na.ssl-images-amazon.com/images/I/31gnJjWvxPL._RC|21e71NrLt3L.js,11Ze1YhMgJL.js,21Wa0ZZVAmL.js,21lOtnkorWL.js,51CysS8km3L.js,21+4XneTXRL.js,517mD4yoL3L.js,31g6QUCju5L.js,01AdYLY9rHL.js,0185ITV0M6L.js,41+MVzL0WbL.js,01Gx8DhrplL.js,011qZnP-NfL.js,11ZdiaYG8gL.js,71p9tWQsHsL.js,01OrQ5AXqsL.js,31UjTApGOPL.js,01LHJt5PiyL.js,11B9yJN+bnL.js,31Ac-cQ+ZWL.js,01fEkjo0KKL.js,01HmcbFsnFL.js,01-Sz0ff1pL.js,11WBo+4152L.js,11MQqFPEK+L.js,11G4c43OZvL.js,11gAPPElxuL.js,01X2zigX4kL.js,01OtvpwikQL.js,31qpl48GBDL.js,01qXU4-2A0L.js,01ZF+ovNflL.js,31RMOYNJSHL.js,517jAXjzzNL.js,210mdW2-ZEL.js,21mymEONFtL.js,61+TkNaM7yL.js,515EXqsrGfL.js,21OJDARBhQL.js,41s+OBPxTPL.js,01IWUb29Q4L.js,01qPwv8D5hL.js,01JzE3-DfLL.js,01YivelYW5L.js,016QFWAAdML.js,017s5z---TL.js,51ldtX6xp6L.js,21w43LSQ1-L.js,01FOcSLtmBL.js_.js?AUIClients/USSoftlinesDetailPageMetaAsset_TURBO_DESKTOP#desktop.us.164772-T1.141052-T1.167162-T1.111960-T1.146883-T1.151985-T1.136850-T1.153662-T1.103061-T1.123392-T1.186073-T2.131900-T1.184660-C.162909-C.126331-T1.156391-T1.179985-T1.87783-T2.127140-T1.147075-T1.159402-T1.108343-T1.109378-T1.143147-T1.147957-T1.154031-T1.171818-T1'); }); {""deviceType"":""web""} {""widgetSchema"":""dp:widget:"",""dimensionSchema"":""dp:dims:""} #cm_cr_dpwidget .a-size-micro { font-size: 9px; } #cm_cr_dpwidget .c7yTopDownDashedStrike { border-top: 1px dashed #A9A9A9; border-bottom: 1px dashed #A9A9A9; } #cm_cr_dpwidget .c7yBadgeAUI { text-transform: uppercase; letter-spacing: 0.5px; padding: 2px; white-space: nowrap; } .nav-sprite-v1 .nav-sprite, .nav-sprite-v1 .nav-icon { background-image: url(https://images-na.ssl-images-amazon.com/images/G/01/gno/sprites/nav-sprite-global_bluebeacon-V3-1x_optimized._CB483188077_.png); background-position: 0 1000px; background-repeat: repeat-x; } .nav-spinner { background-image: url(https://images-na.ssl-images-amazon.com/images/G/01/javascripts/lib/popover/images/snake._CB192571611_.gif); background-position: center center; background-repeat: no-repeat; } .nav-timeline-icon, .nav-access-image, .nav-timeline-prime-icon { background-image: url(https://images-na.ssl-images-amazon.com/images/G/01/gno/sprites/timeline_sprite_1x._CB276239408_.png); background-repeat: no-repeat; } @media screen and (-webkit-min-device-pixel-ratio:0) { #shipToAUIButton .a-dropdown-prompt { display:inline-block; width:120px; overflow:hidden; text-overflow:ellipsis; } } #rhf .cBoxTL, #rhf .cBoxTR, #rhf .cBoxBL, #rhf .cBoxBR { background-image:url(https://images-na.ssl-images-amazon.com/images/G/01/common/sprites/sprite-site-wide-2._CB146303866_.png); } .swSprite { display: -moz-inline-box; display: inline-block; margin: 0;padding: 0; position: relative; overflow: hidden; vertical-align: middle; background-image: url(https://images-na.ssl-images-amazon.com/images/G/01/common/sprites/sprite-site-wide._CB377386094_.png); background-repeat: no-repeat; } .swSprite span { position: absolute; left: -9999px; } .sims-popunder{background:url(https://images-na.ssl-images-amazon.com/images/G/01/nav2/images/sims_atc_205px._V376380388_.png) no-repeat scroll left bottom transparent;min-height:256px} .rhfWrapper .shoveler .back-button a .bg-image, .rhfWrapper .shoveler .next-button a .bg-image, .rhfWrapper .shoveler div.disabled-button { background-image: url(https://images-na.ssl-images-amazon.com/images/G/01/common/sprites/sprite-site-wide._CB377386094_.png); } .rhfWrapper .shoveler .next-button a .bg-image { background-position: -60px -80px;background-color: white;} .rhfWrapper .shoveler .back-button a .bg-image { background-position: -30px -80px; background-color: white;} .auiTestSprite { background: url(https://images-na.ssl-images-amazon.com/images/G/01/nav2/images/sprite-carousel-btns-stars2._CB376388587_.png) no-repeat scroll 0 0 transparent; } .simsWrapper .shoveler ul { height: 218px; } .apparel .simsWrapper .shoveler ul { height: 318px;} #twister .swatches li.swatchSelect .arrow { background:url(https://images-na.ssl-images-amazon.com/images/G/01/twister/images/down-arrow-shadow-v2._CB267603003_.png) no-repeat center top; } #twister .swatches li.swatchUnavailableHover .xoverlay { background: url(https://images-na.ssl-images-amazon.com/images/G/01/twister/images/swatches._CB146859256_.png) repeat -54px -64px; } #twisterPopover .twisterPopoverArrow { background:url(https://images-na.ssl-images-amazon.com/images/G/01/gateway/csw/tri-down._CB155542082_.png)no-repeat 11px 0; } #wishlist-dropdown-content .s_plus { background:url(https://images-na.ssl-images-amazon.com/images/G/01/common/sprites/sprite-dp-2._CB384267953_.png) no-repeat scroll -140px -540px transparent; } #fg_sizing_tabs { background:transparent url(https://images-na.ssl-images-amazon.com/images/G/01/apparel/rcxgs/tabs/tab-border._CB192207177_.gif) repeat-x scroll left bottom; } #fg_sizing_tabs li { background:transparent url(https://images-na.ssl-images-amazon.com/images/G/01/apparel/rcxgs/tabs/tab-unselected-left._CB192207176_.gif) no-repeat scroll left top; } #fg_sizing_tabs li div { background:transparent url(https://images-na.ssl-images-amazon.com/images/G/01/apparel/rcxgs/tabs/tab-unselected-right._CB192207176_.gif) no-repeat scroll right top; } #fg_sizing_tabs li div.last { background-image:url(https://images-na.ssl-images-amazon.com/images/G/01/apparel/rcxgs/tabs/tab-unselected-right-last._CB192207179_.gif); } #fg_sizing_tabs li.fg_highlight { background-image:url(https://images-na.ssl-images-amazon.com/images/G/01/apparel/rcxgs/tabs/tab-selected-left._CB192207176_.gif); } #fg_sizing_tabs li.fg_highlight div { background-image:url(https://images-na.ssl-images-amazon.com/images/G/01/apparel/rcxgs/tabs/tab-selected-right._CB192207176_.gif); } #fg_sizing_tabs li.fg_highlight div.last { background-image:url(https://images-na.ssl-images-amazon.com/images/G/01/apparel/rcxgs/tabs/tab-selected-right-last._CB192207176_.gif); } .dpSprite { background-image: url('https://images-na.ssl-images-amazon.com/images/G/01/common/sprites/sprite-dp-2._CB384267953_.png'); background-repeat: no-repeat; } .bxgy-priceblock .button-sprite, #bxgy_price_button_block .button-sprite, #fbt_price_block .button-sprite { background-image: url( https://images-na.ssl-images-amazon.com/images/G/01/x-locale/personalization/bxgy/fbt-cart-preorder-sprite._CB192190832_.gif); } #bxgy_price_button_block .wl-button-sprite, #fbt_price_block .wl-button-sprite { background-image: url( https://images-na.ssl-images-amazon.com/images/G/01/x-locale/communities/wishlist/add-to-wl-button-sprite._CB192250042_.gif); } .bxgySellerLoading { background: url('https://images-na.ssl-images-amazon.com/images/G/01/x-locale/common/loading/loading-small._CB192239831_.gif') no-repeat 50px 20px; } #detailpage-click2call .c2c-phone-icon { background-image:url(https://images-na.ssl-images-amazon.com/images/G/01/electronics/click2call/click2call-sprite._CB156431432_.png); background-repeat:no-repeat; background-position: 0px 0px; width:57px; height:57px; margin-right:6px; } .cmtySprite { background-image: url(https://images-na.ssl-images-amazon.com/images/G/01/common/sprites/sprite-communities._CB320811603_.png); background-repeat: no-repeat; } .tagEdit { padding-bottom:4px; padding-top:4px; } .edit-tag { width: 155px; margin-left: 10px; } .list-tags { white-space: nowrap; padding: 1px 0px 0px 0px; } #suggest-table { display: none; position: absolute; z-index: 2; background-color: #fff; border: 1px solid #9ac; } #suggest-table tr td{ color: #333; font: 11px Verdana, sans-serif; padding: 2px; } #suggest-table tr.hovered { color: #efedd4; background-color: #9ac; } .see-popular { padding: 1.3em 0 0 0; } .tag-cols { border-collapse: collapse; } .tag-cols td { vertical-align: top; width: 250px; padding-right: 30px; } .tag-cols .tag-row { padding: 0 0 7px 0px; } .tag-cols .see-all { white-space: nowrap; padding-top: 5px; } .tags-piles-feedback { display: none; color: #000; font-size: 0.9em; font-weight: bold; margin: 0px 0 0 0; } .tag-cols i { display: none; cursor: pointer; cursor: hand; float: left; font-style: normal; font-size: 0px; vertical-align: bottom; width: 16px; height: 16px; margin-top: 1px; margin-right: 3px; } .tag-cols .snake { display: block; background: url('https://images-na.ssl-images-amazon.com/images/G/01/x-locale/communities/tags/graysnake._CB192250049_.gif'); } #tagContentHolder .tip { display: none; color: #999; font-size: 10px; padding-top: 0.25em; } #tagContentHolder .tip a { color: #999 !important; text-decoration: none !important; border-bottom: solid 1px #CCC; } .nowrap { white-space: nowrap; } #tgEnableVoting { display: none; } #tagContentHolder .count { color: #666; font-size: 10px; margin-left: 3px; white-space: nowrap; } .count.tgVoting { cursor: pointer; } .tgVoting .tgCounter { margin-right: 3px; border-bottom: 1px dashed #003399; color: #003399; } .c2c-inline-sprite { display: -moz-inline-box; display: inline-block; margin: 0;padding: 0; position: relative; overflow: hidden; vertical-align: middle; background-image: url(https://images-na.ssl-images-amazon.com/images/G/01/electronics/click2call/click2call-sprite._CB156431432_.png); background-repeat: no-repeat; } .c2c-inline-sprite span { position:absolute; top:-9999px; } .dp-call-me-button { width:52px; height:22px; background-position:0px -57px; } <!-- function amz_js_PopWin(url,name,options){ var ContextWindow = window.open(url,name,options); ContextWindow.focus(); return false; } //--> Amazon.com: 14K Yellow Gold Hammered Double Link Bracelet 8"": Jewelry // ============================================================================= // Function Class: Show/Hide product promotions & special offers link // ============================================================================= function showElement(id) { var elm = document.getElementById(id); if (elm) { elm.style.visibility = 'visible'; if (elm.getAttribute('name') == 'heroQuickPromoDiv') { elm.style.display = 'block'; } } } function hideElement(id) { var elm = document.getElementById(id); if (elm) { elm.style.visibility = 'hidden'; if (elm.getAttribute('name') == 'heroQuickPromoDiv') { elm.style.display = 'none'; } } } function showHideElement(h_id, div_id) { var hiddenTag = document.getElementById(h_id); if (hiddenTag) { showElement(div_id); } else { hideElement(div_id); } } if(typeof P === 'object' && typeof P.when === 'function'){ P.register(""isLazyLoadWeblabEnabled"", function(){ var isWeblabEnabled = 1; return isWeblabEnabled; }); } window.isBowserFeatureCleanup = 0; var touchDeviceDetected = false; P.when('atf').register('sp.load.js'); var CSMReqs={af:{c:2,p:'atf'},cf:{c:2,p:'cf'},x1:{c:1,p:'x1'},x2:{c:1,p:'x2'}}; function setCSMReq(a){ a=a.toLowerCase(); var b=CSMReqs[a]; if(b&&--b.c==0){ if(typeof uet=='function'){uet(a); (a == 'af') && (typeof replaceImg === 'function') && replaceImg();}; if(typeof P != 'undefined'){ P.register(b.p); if(a == 'af') { if(typeof uet === 'function') { uet('bb', 'TwisterAUIWait', {wb: 1}); } } }; } } if(typeof P != 'undefined') { P.when('A').execute(function(A) { if(typeof uet === 'function') { uet('af', 'TwisterAUIWait', {wb: 1}); } }); } var addlongPoleTag = function(marker,customtag){ marker=marker.toLowerCase(); var b=CSMReqs[marker]; if(b.c == 0){ if(window.ue && typeof ue.tag === 'function') { ue.tag(customtag); } } }; ;(function(_onerror){ var old_error_handler = _onerror; var attributionMap = { ""BrowserAddon"":{ logLevel: ""ERROR"", files:[ /^res:\/\//, /^resource:\/\//, /^chrome:\/\//, /^chrome-extension:\/\//, /^extensions\//, /^file:\/\/\//, /^chrome\/RendererExtensionBindings/, /^plugin\/amazon_com_detail\.js/, /^miscellaneous_bindings/, // plugin in china /^http.?:\/\/([^\s\.]+\.)*qhimg\.com/, // plugin in India /^http.?:\/\/([^\s\.]+\.)*datafastguru\.info/, /^http.?:\/\/sc1\.checkpoint\.com\/dev\/abine\/scripts\/inject\.js/, /^http.?:\/\/([^\s\.]+\.)*image2play\.com/, /^http.?:\/\/([^\s\.]+\.)*wajam\.com/, /^http.?:\/\/([^\s\.]+\.)*ydstatic\.com/, /^https?:\/\/([^\s\.]+\.)*googleapis\.com\/ajax\/libs\/jquery/, /^https?:\/\/www\.superfish\.com\/ws/, /^https?:\/\/api.imideo.com\/v2/, /^https?:\/\/minibar.iminent.com/, /^https?:\/\/translate.googleusercontent.com/, /^includes\/helper/ ] } }; function findMatch(f){ for(var attribution in attributionMap){ var i=0; var attributionValue = attributionMap[attribution]; var files = attributionValue['files']; while(files[i]){ if(f.match(files[i])){ var exception={}; exception.attribution = attribution; if(attributionValue.hasOwnProperty(""logLevel"")){ exception.logLevel = attributionValue['logLevel']; } return exception; } i++; } } return null; } function dpOnErrorOverride(message, file, line, col, error){ var matchingErrorFound = false; if(typeof file == ""string""){ try{ var jsException = findMatch(file); if(jsException && typeof jsException === ""object""){ jsException.m = message; jsException.f = file; jsException.l = line; jsException.c = """" + (col || """"); jsException.err = error; jsException.fromOnError = 1; jsException.args = arguments; if(window.ueLogError){ window.ueLogError(jsException); matchingErrorFound = true; if(ue && ue.count){ ue.count(""dpJavascriptAffectedErrors"", (ue.count(""dpJavascriptAffectedErrors"") || 0) + 1); ue.count(""dpJSError"" + jsException.attribution, (ue.count(""dpJSError"" + jsException.attribution) || 0) + 1); } } } }catch(exception){ if(window.ueLogError){ window.ueLogError(exception,{message: ""dpOnErrorOverride: error occurred - "", logLevel:""FATAL""}); } } } if(!matchingErrorFound){ old_error_handler.apply(this, arguments); } return false; } dpOnErrorOverride.skipTrace = 1; window.onerror = dpOnErrorOverride; })(window.onerror); var gbEnableTwisterJS = 0; var isTwisterPage = 0; /* Override for Native DropDown changes */ #buybox_feature_div .a-native-dropdown, #buybox .a-native-dropdown { opacity: 1; filter: alpha(opacity=100); z-index: auto; position: static; display: inline; font-weight: normal;} #buybox_feature_div label.a-native-dropdown, #buybox label.a-native-dropdown {padding-right: 5px;} #buybox_feature_div .a-dropdown-container .a-button-dropdown, #buybox .a-dropdown-container .a-button-dropdown { display: none !important;} #buybox_feature_div #OneClickBox, #buybox #OneClickBox { text-align:center;} #buybox_feature_div #oneClickAvailable, #buybox #oneClickAvailable { text-align:center;} #defaultChildDropdown_feature_div .a-native-dropdown { display: inline;} #defaultChildDropdown_feature_div .a-dropdown-container .a-button-dropdown { display: none !important;} P.when(""p-detect"").execute(function() { var h = document.documentElement; h.className = h.className.replace(/(^|\b)a-touch(\b|$)/g,""""); }); window.weblabs = {}; window.ue_ihe = (window.ue_ihe || 0) + 1; if (window.ue_ihe === 1) { (function(e,c){function h(b,a){f.push([b,a])}function g(b,a){if(b){var c=e.head||e.getElementsByTagName(""head"")[0]||e.documentElement,d=e.createElement(""script"");d.async=""async"";d.src=b;d.setAttribute(""crossorigin"",""anonymous"");a&&a.onerror&&(d.onerror=a.onerror);a&&a.onload&&(d.onload=a.onload);c.insertBefore(d,c.firstChild)}}function k(){ue.uels=g;for(var b=0;b<f.length;b++){var a=f[b];g(a[0],a[1])}ue.deffered=1}var f=[];c.ue&&(ue.uels=h,c.ue.attach&&c.ue.attach(""load"",k))})(document,window); (function(k,l,g){function m(a){c||(c=b[a.type].id,""undefined""===typeof a.clientX?(e=a.pageX,f=a.pageY):(e=a.clientX,f=a.clientY),2!=c||h&&(h!=e||n!=f)?(r(),d.isl&&l.setTimeout(function(){p(""at"",d.id)},0)):(h=e,n=f,c=0))}function r(){for(var a in b)b.hasOwnProperty(a)&&d.detach(a,m,b[a].parent)}function s(){for(var a in b)b.hasOwnProperty(a)&&d.attach(a,m,b[a].parent)}function t(){var a="""";!q&&c&&(q=1,a+=""&ui=""+c);return a}var d=k.ue,p=k.uex,q=0,c=0,h,n,e,f,b={click:{id:1,parent:g},mousemove:{id:2, parent:g},scroll:{id:3,parent:l},keydown:{id:4,parent:g}};d&&p&&(s(),d._ui=t)})(ue_csm,window,document); if (window.ue && window.ue.uels) { var cel_widgets = [ { ""c"":""celwidget"" },{ ""c"":""feature"" } ]; ue.uels(""https://images-na.ssl-images-amazon.com/images/G/01/AUIClients/ClientSideMetricsAUIJavascript@jserrorsForester.10f2559e93ec589d92509318a7e2acbac74c343a._V2_.js""); } (function(k,c){function l(a,b){return a.filter(function(a){return a.initiatorType==b})}function f(a,c){if(b.t[a]){var g=b.t[a]-b._t0,e=c.filter(function(a){return 0!==a.responseEnd&&m(a)<g}),f=l(e,""script""),h=l(e,""link""),k=l(e,""img""),n=e.map(function(a){return a.name.split(""/"")[2]}).filter(function(a,b,c){return a&&c.lastIndexOf(a)==b}),q=e.filter(function(a){return a.duration<p}),s=g-Math.max.apply(null,e.map(m))<r|0;""af""==a&&(b._afjs=f.length);return a+"":""+[e[d],f[d],h[d],k[d],n[d],q[d],s].join(""-"")}} function m(a){return a.responseEnd-(b._t0-c.timing.navigationStart)}function n(){var a=c[h](""resource""),d=f(""cf"",a),g=f(""af"",a),a=f(""ld"",a);delete b._rt;b._ld=b.t.ld-b._t0;b._art&&b._art();return[d,g,a].join(""_"")}var p=20,r=50,d=""length"",b=k.ue,h=""getEntriesByType"";b._rre=m;b._rt=c&&c.timing&&c[h]&&n})(ue_csm,window.performance); (function(s,l){function m(b,e,c){c=c||new Date(+new Date+t);c=""expires=""+c.toUTCString();n.cookie=b+""=""+e+"";""+c+"";path=/""}function p(b){b+=""="";for(var e=n.cookie.split("";""),c=0;c<e.length;c++){for(var a=e[c];"" ""==a.charAt(0);)a=a.substring(1);if(0===a.indexOf(b))return decodeURIComponent(a.substring(b.length,a.length))}return""""}function q(b,e,c){if(!e)return b;-1<b.indexOf(""{"")&&(b="""");for(var a=b.split(""&""),f,d=!1,h=!1,g=0;g<a.length;g++)f=a[g].split("":""),f[0]==e?(!c||d?a.splice(g,1):(f[1]=c,a[g]= f.join("":"")),h=d=!0):2>f.length&&(a.splice(g,1),h=!0);h&&(b=a.join(""&""));!d&&c&&(0<b.length&&(b+=""&""),b+=e+"":""+c);return b}var k=s.ue||{},t=6048E7,n=ue_csm.document||l.document,r=null,d;a:{try{d=l.localStorage;break a}catch(u){}d=void 0}k.count&&k.count(""csm.cookieSize"",document.cookie.length);k.cookie={get:p,set:m,updateCsmHit:function(b,e,c){try{var a;if(!(a=r)){var f;a:{try{if(d&&d.getItem){f=d.getItem(""csm-hit"");break a}}catch(k){}f=void 0}a=f||p(""csm-hit"")||""{}""}a=q(a,b,e);r=a=q(a,""t"",+new Date); try{d&&d.setItem&&d.setItem(""csm-hit"",a)}catch(h){}m(""csm-hit"",a,c)}catch(g){""function""==typeof l.ueLogError&&ueLogError(Error(""Cookie manager: ""+g.message),{logLevel:""WARN""})}}}})(ue_csm,window); (function(l,d){function c(b){b="""";var c=a.isBFT?""b"":""s"",d=""""+a.oid,f=""""+a.lid,g=d;d!=f&&20==f.length&&(c+=""a"",g+=""-""+f);a.tabid&&(b=a.tabid+""+"");b+=c+""-""+g;b!=e&&100>b.length&&(e=b,a.cookie?a.cookie.updateCsmHit(m,b+(""|""+ +new Date)):document.cookie=""csm-hit=""+b+(""|""+ +new Date)+n+""; path=/"")}function p(){e=0}function h(b){!0===d[a.pageViz.propHid]?e=0:!1===d[a.pageViz.propHid]&&c({type:""visible""})}var n=""; expires=""+(new Date(+new Date+6048E5)).toGMTString(),m=""tb"",e,a=l.ue||{},k=a.pageViz&&a.pageViz.event&& a.pageViz.propHid;a.attach&&(a.attach(""click"",c),a.attach(""keyup"",c),k||(a.attach(""focus"",c),a.attach(""blur"",p)),k&&(a.attach(a.pageViz.event,h,d),h({})));a.aftb=1})(ue_csm,document); ue_csm.ue.stub(ue,""impression""); (function(k,d,h){function f(a,c,b){a&&a.indexOf&&0===a.indexOf(""http"")&&0!==a.indexOf(""https"")&&l(s,c,a,b)}function g(a,c,b){a&&a.indexOf&&(location.href.split(""#"")[0]!=a&&null!==a&&""undefined""!==typeof a||l(t,c,a,b))}function l(a,c,b,e){m[b]||(e=u&&e?n(e):""N/A"",d.ueLogError&&d.ueLogError({message:a+c+"" : ""+b,logLevel:v,stack:""N/A""},{attribution:e}),m[b]=1,p++)}function e(a,c){if(a&&c)for(var b=0;b<a.length;b++)try{c(a[b])}catch(d){}}function q(){return d.performance&&d.performance.getEntriesByType? d.performance.getEntriesByType(""resource""):[]}function n(a){if(a.id)return""//*[@id='""+a.id+""']"";var c;c=1;var b;for(b=a.previousSibling;b;b=b.previousSibling)b.nodeName==a.nodeName&&(c+=1);b=a.nodeName;1!=c&&(b+=""[""+c+""]"");a.parentNode&&(b=n(a.parentNode)+""/""+b);return b}function w(){var a=h.images;a&&a.length&&e(a,function(a){var b=a.getAttribute(""src"");f(b,""img"",a);g(b,""img"",a)})}function x(){var a=h.scripts;a&&a.length&&e(a,function(a){var b=a.getAttribute(""src"");f(b,""script"",a);g(b,""script"",a)})} function y(){var a=h.styleSheets;a&&a.length&&e(a,function(a){if(a=a.ownerNode){var b=a.getAttribute(""href"");f(b,""style"",a);g(b,""style"",a)}})}function z(){if(A){var a=q();e(a,function(a){f(a.name,a.initiatorType)})}}function B(){e(q(),function(a){g(a.name,a.initiatorType)})}function r(){var a;a=d.location&&d.location.protocol?d.location.protocol:void 0;""https:""==a&&(z(),w(),x(),y(),B(),p<C&&setTimeout(r,D))}var s=""[CSM] Insecure content detected "",t=""[CSM] Ajax request to same page detected "",v=""WARN"", m={},p=0,D=k.ue_nsip||1E3,C=5,A=1==k.ue_urt,u=!0;ue_csm.ue_disableNonSecure||(d.performance&&d.performance.setResourceTimingBufferSize&&d.performance.setResourceTimingBufferSize(300),r())})(ue_csm,window,document); (function(d){d.ue_cel_stub||(d.ue_cel_stub=function(){var b={};return{registerModule:function(a,c){b[a]||(b[a]=c,b[a].on())},replayModule:function(a,c){b[a]&&(b[a].replay(c),b[a].off(),delete b[a])}}}())})(ue_csm); (function(a,d,h){a.ue_mcm_stub||a.ue&&a.ue.isBF||(a.ue_mcm_stub=function(){function e(a){var b=c.d(),e=(d.body||{}).scrollWidth,k=(d.body||{}).scrollHeight,f;h&&""function""===typeof h.now&&a.timeStamp&&(f=h.now()-a.timeStamp,f=parseFloat(f.toFixed(2)));g.push({rawEvent:a,additionalData:{ots:b,ow:e,oh:k,odt:f}})}var c=a.ue,g=[];return{on:function(){c.attach&&c.attach(""click"",e,d)},off:function(){c.detach&&c.detach(""click"",e,d)},replay:function(a){for(var b=0;b<g.length;b++)a(g[b].rawEvent,g[b].additionalData)}}}(), a.ue_cel_stub&&a.ue_cel_stub.registerModule(""mcm"",a.ue_mcm_stub))})(ue_csm,document,window.performance); if(window.ue&&uet) { uet('bb'); } } window.P && P.register('bb'); if (typeof ues === 'function') { ues('t0', 'portal-bb', new Date()); ues('ctb', 'portal-bb', 1); } {""AUI_160684"":""C"",""AUI_157141"":""C"",""AUI_TNR_V2_180836"":""C"",""AUI_UX_114039"":""C"",""AUI_UX_113788"":""C"",""AUI_UX_145937"":""C"",""AUI_57326"":""C"",""AUI_158613"":""C"",""AUI_149818"":""C"",""AUI_72554"":""C"",""AUI_BOLT_62845"":""C"",""AUI_UX_60000"":""C"",""AUI_ATTR_VALIDATIONS_1_51371"":""C"",""AUI_ACCESSIBILITY_49860"":""C"",""AUI_152852"":""C"",""AUI_PERF_130093"":""C"",""AUI_UX_138741"":""C""}typeof uex === 'function' && uex('ld', 'portal-bb', {wb: 1}) (function(d){document.createElement(""header"");function b(e){return[].slice.call(e)}function c(f,e){return{m:f,a:b(e)}}var a=function(f){var g={};g._sourceName=f;g._replay=[];g.getNow=function(i,h){return h};function e(i,h,j){i[j]=function(){g._replay.push(h.concat(c(j,arguments)))}}g.when=function(){var i=[c(""when"",arguments)];var h={};e(h,i,""run"");e(h,i,""declare"");e(h,i,""publish"");e(h,i,""build"");return h};e(g,[],""declare"");e(g,[],""build"");e(g,[],""publish"");e(g,[],""importEvent"");a._shims.push(g);return g};a._shims=[];if(!d.$Nav){d.$Nav=a(""rcx-nav"")}if(!d.$Nav.make){d.$Nav.make=a}}(window)); $Nav.importEvent('navbarJS-beaconbelt'); $Nav.declare('img.sprite', { 'png8': 'https://images-na.ssl-images-amazon.com/images/G/01/gno/sprites/global-sprite_bluebeacon-v1._CB327533540_.png', 'png32': 'https://images-na.ssl-images-amazon.com/images/G/01/gno/sprites/nav-sprite-global_bluebeacon-V3-1x_optimized._CB483188077_.png', 'png32-2x': 'https://images-na.ssl-images-amazon.com/images/G/01/gno/sprites/nav-sprite-global_bluebeacon-V3-2x_optimized._CB474516457_.png' }); window._navbarSpriteUrl = 'https://images-na.ssl-images-amazon.com/images/G/01/gno/sprites/nav-sprite-global_bluebeacon-V3-1x_optimized._CB483188077_.png'; $Nav.declare('img.pixel', 'https://images-na.ssl-images-amazon.com/images/G/01/x-locale/common/transparent-pixel._CB386942464_.gif'); (window.AmazonUIPageJS ? AmazonUIPageJS : P).when('navCF').execute(function(){ (window.AmazonUIPageJS ? AmazonUIPageJS : P).load.js('https://images-na.ssl-images-amazon.com/images/I/41eKbH%2BV9oL._RC|71gqiQPjkVL.js,61ybdwam-8L.js,41MSv8-3arL.js,113NkCQYmFL.js,01wBjiz9OvL.js,21YI5xZWAwL.js,31SFwv+1S1L.js,51+klsvwgqL.js,31Sch+N9NhL.js_.js?AUIClients/AmazonNavigationDesktopMetaAsset#desktop'); }); if(window.navmet===undefined) { window.navmet=[]; if (window.performance && window.performance.timing && window.ue_t0) { var t = window.performance.timing; var now = + new Date(); window.navmet.basic = { 'networkLatency': (t.responseStart - t.fetchStart), 'navFirstPaint': (now - t.responseStart), 'NavStart': (now - window.ue_t0) }; } } window.navmet.tmp=+new Date(); window.uet && uet('ns'); window._navbar = (function (o) { o.componentLoaded = o.loading = function(){}; o.browsepromos = {}; o.issPromos = []; return o; }(window._navbar || {})); window._navbar.declareOnLoad = function () { window.$Nav && $Nav.declare('page.load'); }; if (window.addEventListener) { window.addEventListener(""load"", window._navbar.declareOnLoad, false); } else if (window.attachEvent) { window.attachEvent(""onload"", window._navbar.declareOnLoad); } else if (window.$Nav) { $Nav.when('page.domReady').run(""OnloadFallbackSetup"", function () { window._navbar.declareOnLoad(); }); } window.$Nav && $Nav.declare('logEvent.enabled', 'false'); window.$Nav && $Nav.declare('config.lightningDeals', {}); div#navSwmHoliday.nav-focus {border: none;margin: 0;} try { if(window.navmet===undefined)window.navmet=[]; if(window.$Nav) { $Nav.when('$', 'config', 'flyout.accountList', 'SignInRedirect', 'dataPanel').run('accountListRedirectFix', function ($, config, flyout, SignInRedirect, dataPanel) { if (!config.accountList) { return; } flyout.getPanel().onData(function (data) { if (SignInRedirect) { var $anchors = $('[data-nav-role=signin]', flyout.elem()); $.each($anchors, function(i, anchorEl) {SignInRedirect.setRedirectUrl($(anchorEl), null, null);});}});}); $Nav.when('$', 'config').run('subnavSpacious', function ($, config) {if(config.pageType === 'ShoppingCart' && config.subPageType === 'NewHUC') { $('#nav-subnav.spacious').hide(); }}); $Nav.when('$').run('defineIsArray', function(jQuery) { if(jQuery.isArray===undefined) { jQuery.isArray=function(param) { if(param.length===undefined) { return false; } return true; }; } }); $Nav.declare('config.cartFlyoutDisabled', 'true'); $Nav.when('$','$F','config','logEvent','panels','phoneHome','dataPanel','flyouts.renderPromo','flyouts.sloppyTrigger','flyouts.accessibility','util.mouseOut','util.onKey','debug.param').build('flyouts.buildSubPanels',function($,$F,config,logEvent,panels,phoneHome,dataPanel,renderPromo,createSloppyTrigger,a11yHandler,mouseOutUtility,onKey,debugParam){var flyoutDebug=debugParam('navFlyoutClick');return function(flyout,event){var linkKeys=[];$('.nav-item',flyout.elem()).each(function(){var $item=$(this);linkKeys.push({link:$item,panelKey:$item.attr('data-nav-panelkey')});});if(linkKeys.length===0){return;} var visible=false;var $parent=$('<div class=\'nav-subcats\'></",Netaya,,,"I have looked for this particular knot everywhere and the bracelet is beautiful in person. I wanted something a little heavier but this is the only one I could find and I wear it everyday. It was a very good buy when I compared it locally to others that were similar.

When I got the package, I hoped that what was inside was not actually cheaply-made jewelry or smaller than pic or had a crappy clasp, or any of the things you imagine when you go head-first into an internet bargain. Upon opening the very nice giftbox i discovered a stunning piece of gold with a high-quality clasp that looked even better than the photo on Amazon. If you give this as a gift, they will certainly be impressed. The 20% off the already low price plus free shipping made this item something I'm glad I didn't pass up. I did see the same kind of item on other websites (I always research everyting I buy), but no one had a better deal than this. Fast shipping, too. Happily camping yet again thanks to Amazon.com!"
B01FLFYHLG,Baomabao Women backless Printing Vest Sleeveless Blouse Tank Tops (X--Large),Baomabao_Shirt,,,Any clothing from China/overseas runs smaller in size so anyone used to American sizing should size up accordingly. I do really like this top; it was perfect styling for attending a western themed party and was very comfortable the whole night through. I would purchase from this vendor again!
B01FQGRPXC,"Wensltd Clearance! Womens Creative Print T Shirt Blouse Top (XL, Wolf )",WensLTD,,,"Nice design, and beautiful colors, however I wear a Large to X-large, and because this comes in Chinese sizes, I ordered a 2XL and it is way too small. More like a Medium in US sizes."
B018Q3FIPE,Mens Polarized Lens Sunglasses Oval Rectangular Wrap Sports Fashion Brown,JuicyOrange,,,"These brown Polaroid wrap around sunglasses are perfect for driving....Or anywhere. They really shield your eyes from the sun's glare, and look good. Good construction. Straight section at the ears, allows them to fit most everyone. I liked them so much, I got two pairs. Winner!"
