model,suql_engine_seconds,trummer_engine_seconds,trummer_time_vs_suql,suql_llm_calls,trummer_llm_calls,suql_rows,trummer_rows,suql_precision,trummer_precision,suql_recall,trummer_recall,suql_f1,trummer_f1
gemma2:2b,1022.462632451672,603.361982753966,0.5901066343199439,12,1,5,0,1.0,0.0,0.8333333333333334,0.0,0.9090909090909092,0.0
llama3.2,27.34547629198641,31.979413916997142,1.1694590204072879,12,1,8,11,0.75,0.5454545454545454,1.0,1.0,0.8571428571428571,0.7058823529411764
llama3.2:1b,346.3162538749166,408.5296287657693,1.1796432428300727,12,1,6,0,0.6666666666666666,0.0,0.6666666666666666,0.0,0.6666666666666666,0.0
mistral:7b,588.28042224003,892.0219740248285,1.516321027016714,12,1,6,7,1.0,0.4285714285714285,1.0,0.5,1.0,0.4615384615384615
phi4-mini,16.810068207996665,11.674053750000894,0.6944679584611957,12,1,4,0,1.0,0.0,0.6666666666666666,0.0,0.8,0.0
qwen2.5:3b,605.8178182081319,597.8642403106205,0.9868713371273293,12,1,6,0,1.0,0.0,1.0,0.0,1.0,0.0
qwen2.5:7b,535.7301252679899,597.6320740408264,1.115546887981838,12,1,6,0,1.0,0.0,1.0,0.0,1.0,0.0
