{
  "implementation": "trummer_heterogen_v2_3_batched_cascade",
  "mode": "llm",
  "model": "ollama/qwen3:0.6b->ollama/qwen3:1.7b",
  "cheap_model": "ollama/qwen3:0.6b",
  "expensive_model": "ollama/qwen3:1.7b",
  "input_movies": 50,
  "input_reviews": 50,
  "candidate_pairs": 50,
  "cheap_batches": 7,
  "cheap_calls": 7,
  "cheap_failures": 0,
  "cheap_failure_candidates": 43,
  "cheap_early_accepts": 0,
  "cheap_early_rejects": 0,
  "calibration_candidates": 7,
  "calibration_expensive_calls": 1,
  "calibration_expensive_accepts": 6,
  "calibration_agreement": 0.14285714285714285,
  "learned_confidence_threshold": null,
  "expensive_candidates": 50,
  "expensive_calls": 3,
  "fallback_expensive_calls": 2,
  "expensive_failures": 0,
  "expensive_accepts": 36,
  "cheap_seconds": 3.6803812080761418,
  "expensive_seconds": 20.355634750099853,
  "cheap_time_percent": 15.311943603633022,
  "expensive_time_percent": 84.68805639636697,
  "elapsed_seconds": 24.03870808298234,
  "cpu_seconds": 0.04524900000000001,
  "engine_seconds": 24.039151040953584,
  "wall_seconds": 24.039151040953584,
  "llm_calls": 10,
  "block_join_calls": 0,
  "planned_cheap_calls": 7,
  "planned_expensive_calls": 3,
  "final_answer_rows": 36,
  "found_movie_ids": [
    "tt0085178",
    "tt0095088",
    "tt0096453",
    "tt0102951",
    "tt0114057",
    "tt0114268",
    "tt0118998",
    "tt0119196",
    "tt0120157",
    "tt0120247",
    "tt0120620",
    "tt0120706",
    "tt0120742",
    "tt0127901",
    "tt0130229",
    "tt0138987",
    "tt0145679",
    "tt0158653",
    "tt0163069",
    "tt0164052",
    "tt0165494",
    "tt0207823",
    "tt0218619",
    "tt0219400",
    "tt0239625",
    "tt0268380",
    "tt0284058",
    "tt0311289",
    "tt0334541",
    "tt0337640",
    "tt0410162",
    "tt0417148",
    "tt0462570",
    "tt0479500",
    "tt0791304",
    "tt0801427"
  ]
}
