repetition,implementation,mode,model,wall_seconds,engine_seconds,cpu_seconds,llm_calls,cheap_calls,expensive_calls,final_answer_rows,true_positives,false_positives,false_negatives,precision,recall,f1
1,trummer_heterogen_v1,llm,ollama/gemma3:1b,49.25616191700101,49.25616191700101,0.3408220000000002,14,0,14,4,1.0,3.0,12.0,0.25,0.07692307692307693,0.11764705882352941
2,trummer_heterogen_v1,llm,ollama/gemma3:1b,15.585539749939926,15.585539749939926,0.316546,14,0,14,4,1.0,3.0,12.0,0.25,0.07692307692307693,0.11764705882352941
3,trummer_heterogen_v1,llm,ollama/gemma3:1b,15.404816250083968,15.404816250083968,0.30759500000000006,14,0,14,4,1.0,3.0,12.0,0.25,0.07692307692307693,0.11764705882352941
4,trummer_heterogen_v1,llm,ollama/gemma3:1b,15.070437957998365,15.070437957998365,0.3249810000000001,14,0,14,4,1.0,3.0,12.0,0.25,0.07692307692307693,0.11764705882352941
5,trummer_heterogen_v1,llm,ollama/gemma3:1b,15.325413041049615,15.325413041049615,0.3150470000000001,14,0,14,4,1.0,3.0,12.0,0.25,0.07692307692307693,0.11764705882352941
6,trummer_heterogen_v1,llm,ollama/gemma3:1b,15.567447707988322,15.567447707988322,0.293821,14,0,14,4,1.0,3.0,12.0,0.25,0.07692307692307693,0.11764705882352941
7,trummer_heterogen_v1,llm,ollama/gemma3:1b,15.425231500063092,15.425231500063092,0.30232900000000007,14,0,14,4,1.0,3.0,12.0,0.25,0.07692307692307693,0.11764705882352941
8,trummer_heterogen_v1,llm,ollama/gemma3:1b,15.326723792008124,15.326723792008124,0.3393299999999999,14,0,14,4,1.0,3.0,12.0,0.25,0.07692307692307693,0.11764705882352941
9,trummer_heterogen_v1,llm,ollama/gemma3:1b,15.466443249955773,15.466443249955773,0.29609700000000005,14,0,14,4,1.0,3.0,12.0,0.25,0.07692307692307693,0.11764705882352941
