{
  "implementation": "trummer_heterogen_v2_cascade",
  "mode": "llm",
  "model": "ollama/qwen3:0.6b->ollama/qwen3:1.7b",
  "cheap_model": "ollama/qwen3:0.6b",
  "expensive_model": "ollama/qwen3:1.7b",
  "input_movies": 50.0,
  "input_reviews": 50.0,
  "candidate_pairs": 50.0,
  "cheap_calls": 50.0,
  "cheap_failures": 0.0,
  "cheap_early_accepts": 0.0,
  "cheap_early_rejects": 0.0,
  "calibration_candidates": 0.0,
  "calibration_expensive_calls": 0.0,
  "calibration_expensive_accepts": 0.0,
  "calibration_agreement": 0.0,
  "learned_confidence_threshold": null,
  "routing_confidence_threshold": 3.0,
  "manual_confidence_threshold": 3.0,
  "expensive_candidates": 50.0,
  "expensive_calls": 7.0,
  "fallback_expensive_calls": 7.0,
  "expensive_failures": 0.0,
  "expensive_accepts": 40.0,
  "cheap_seconds": 12.156789532733253,
  "expensive_seconds": 5.72479000959235,
  "cheap_time_percent": 67.98584010754529,
  "expensive_time_percent": 32.014159892454714,
  "elapsed_seconds": 17.888407786777762,
  "cpu_seconds": 0.12538811111111112,
  "engine_seconds": 17.889334115768886,
  "wall_seconds": 17.889334115768886,
  "llm_calls": 57.0,
  "block_join_calls": 0.0,
  "planned_cheap_calls": 50.0,
  "planned_expensive_calls": 7.0,
  "final_answer_rows": 40.0,
  "found_movie_ids": [
    "tt0085178",
    "tt0095088",
    "tt0117894",
    "tt0118673",
    "tt0118882",
    "tt0118998",
    "tt0119196",
    "tt0120157",
    "tt0120171",
    "tt0120247",
    "tt0120620",
    "tt0120623",
    "tt0120706",
    "tt0120742",
    "tt0120848",
    "tt0125211",
    "tt0125454",
    "tt0127901",
    "tt0130229",
    "tt0138987",
    "tt0145679",
    "tt0149151",
    "tt0158653",
    "tt0163069",
    "tt0164052",
    "tt0165494",
    "tt0167038",
    "tt0169164",
    "tt0179029",
    "tt0184424",
    "tt0207823",
    "tt0218619",
    "tt0219400",
    "tt0239625",
    "tt0268380",
    "tt0284058",
    "tt0311289",
    "tt0334541",
    "tt0417148",
    "tt0791304"
  ],
  "true_positives": 13.0,
  "false_positives": 27.0,
  "false_negatives": 0.0,
  "precision": 0.325,
  "recall": 1.0,
  "f1": 0.4905660377358491,
  "repetitions": 9,
  "repetition_metrics_file": "run_metrics_repetitions.csv",
  "repetition_source": "mean"
}
