repetition,implementation,mode,model,wall_seconds,engine_seconds,cpu_seconds,llm_calls,cheap_calls,expensive_calls,final_answer_rows,true_positives,false_positives,false_negatives,precision,recall,f1
1,trummer_heterogen_v2_cascade,llm,ollama/qwen3:0.6b->ollama/qwen3:1.7b,16.831666207988746,16.831666207988746,0.12613899999999997,57,50,7,40,13.0,27.0,0.0,0.325,1.0,0.4905660377358491
2,trummer_heterogen_v2_cascade,llm,ollama/qwen3:0.6b->ollama/qwen3:1.7b,17.162301916978322,17.162301916978322,0.13614099999999998,57,50,7,40,13.0,27.0,0.0,0.325,1.0,0.4905660377358491
3,trummer_heterogen_v2_cascade,llm,ollama/qwen3:0.6b->ollama/qwen3:1.7b,19.01360487495549,19.01360487495549,0.126117,57,50,7,40,13.0,27.0,0.0,0.325,1.0,0.4905660377358491
4,trummer_heterogen_v2_cascade,llm,ollama/qwen3:0.6b->ollama/qwen3:1.7b,17.783413542085327,17.783413542085327,0.13014399999999998,57,50,7,40,13.0,27.0,0.0,0.325,1.0,0.4905660377358491
5,trummer_heterogen_v2_cascade,llm,ollama/qwen3:0.6b->ollama/qwen3:1.7b,18.309573750011623,18.309573750011623,0.12880199999999997,57,50,7,40,13.0,27.0,0.0,0.325,1.0,0.4905660377358491
6,trummer_heterogen_v2_cascade,llm,ollama/qwen3:0.6b->ollama/qwen3:1.7b,18.957631291938014,18.957631291938014,0.117906,57,50,7,40,13.0,27.0,0.0,0.325,1.0,0.4905660377358491
7,trummer_heterogen_v2_cascade,llm,ollama/qwen3:0.6b->ollama/qwen3:1.7b,18.272808874957263,18.272808874957263,0.12197999999999999,57,50,7,40,13.0,27.0,0.0,0.325,1.0,0.4905660377358491
8,trummer_heterogen_v2_cascade,llm,ollama/qwen3:0.6b->ollama/qwen3:1.7b,17.028172291000374,17.028172291000374,0.117312,57,50,7,40,13.0,27.0,0.0,0.325,1.0,0.4905660377358491
9,trummer_heterogen_v2_cascade,llm,ollama/qwen3:0.6b->ollama/qwen3:1.7b,17.644834292004816,17.644834292004816,0.12395199999999998,57,50,7,40,13.0,27.0,0.0,0.325,1.0,0.4905660377358491
