repetition,implementation,mode,model,wall_seconds,engine_seconds,cpu_seconds,llm_calls,cheap_calls,expensive_calls,final_answer_rows,true_positives,false_positives,false_negatives,precision,recall,f1
1,suql_baseline,llm,ollama/qwen3:1.7b,88.53358058305457,88.5270417080028,0.37801299999999993,25,0,25,4,4.0,0.0,9.0,1.0,0.3076923076923077,0.47058823529411764
2,suql_baseline,llm,ollama/qwen3:1.7b,184.44592450000346,184.4381989579415,0.463406,25,0,25,3,3.0,0.0,10.0,1.0,0.23076923076923078,0.375
3,suql_baseline,llm,ollama/qwen3:1.7b,150.0986146250507,150.09068141598254,0.43415000000000026,25,0,25,3,3.0,0.0,10.0,1.0,0.23076923076923078,0.375
4,suql_baseline,llm,ollama/qwen3:1.7b,157.20937287493143,157.20422700000927,0.43595900000000043,25,0,25,2,2.0,0.0,11.0,1.0,0.15384615384615385,0.2666666666666667
5,suql_baseline,llm,ollama/qwen3:1.7b,151.59729262499604,151.59168425004464,0.4468779999999999,25,0,25,4,4.0,0.0,9.0,1.0,0.3076923076923077,0.47058823529411764
6,suql_baseline,llm,ollama/qwen3:1.7b,151.45686508296058,151.44827054196503,0.42723699999999987,25,0,25,3,3.0,0.0,10.0,1.0,0.23076923076923078,0.375
7,suql_baseline,llm,ollama/qwen3:1.7b,151.84624733403325,151.83998654107563,0.4491100000000001,25,0,25,4,4.0,0.0,9.0,1.0,0.3076923076923077,0.47058823529411764
8,suql_baseline,llm,ollama/qwen3:1.7b,153.74206095805857,153.73725887504406,0.43876099999999996,25,0,25,4,4.0,0.0,9.0,1.0,0.3076923076923077,0.47058823529411764
9,suql_baseline,llm,ollama/qwen3:1.7b,146.38052116706967,146.37400108308066,0.4208249999999998,25,0,25,4,4.0,0.0,9.0,1.0,0.3076923076923077,0.47058823529411764
