{
  "implementation": "trummer_heterogen_v2_cascade",
  "mode": "llm",
  "model": "ollama/qwen3:0.6b->ollama/qwen3:1.7b",
  "cheap_model": "ollama/qwen3:0.6b",
  "expensive_model": "ollama/qwen3:1.7b",
  "input_movies": 50,
  "input_reviews": 50,
  "candidate_pairs": 50,
  "cheap_calls": 50,
  "cheap_failures": 0,
  "cheap_early_accepts": 0,
  "cheap_early_rejects": 0,
  "calibration_candidates": 20,
  "calibration_expensive_calls": 3,
  "calibration_expensive_accepts": 14,
  "calibration_agreement": 0.7,
  "learned_confidence_threshold": null,
  "routing_confidence_threshold": null,
  "manual_confidence_threshold": null,
  "expensive_candidates": 50,
  "expensive_calls": 10,
  "fallback_expensive_calls": 7,
  "expensive_failures": 0,
  "expensive_accepts": 40,
  "cheap_seconds": 15.258705964661203,
  "expensive_seconds": 12.884855792974122,
  "cheap_time_percent": 54.217394713807074,
  "expensive_time_percent": 45.782605286192926,
  "elapsed_seconds": 28.14932254201267,
  "cpu_seconds": 0.129674,
  "engine_seconds": 28.150434499955736,
  "wall_seconds": 28.150434499955736,
  "llm_calls": 60,
  "block_join_calls": 0,
  "planned_cheap_calls": 50,
  "planned_expensive_calls": 10,
  "final_answer_rows": 40,
  "found_movie_ids": [
    "tt0085178",
    "tt0095088",
    "tt0117894",
    "tt0118673",
    "tt0118882",
    "tt0118998",
    "tt0119196",
    "tt0120157",
    "tt0120171",
    "tt0120247",
    "tt0120620",
    "tt0120623",
    "tt0120706",
    "tt0120742",
    "tt0120848",
    "tt0125211",
    "tt0125454",
    "tt0127901",
    "tt0130229",
    "tt0138987",
    "tt0145679",
    "tt0149151",
    "tt0158653",
    "tt0163069",
    "tt0164052",
    "tt0165494",
    "tt0167038",
    "tt0169164",
    "tt0179029",
    "tt0184424",
    "tt0207823",
    "tt0218619",
    "tt0219400",
    "tt0239625",
    "tt0268380",
    "tt0284058",
    "tt0311289",
    "tt0334541",
    "tt0417148",
    "tt0791304"
  ]
}
