implementation,method,precision,recall,f1,wall_seconds,llm_calls,cheap_calls,expensive_calls,cheap_seconds,expensive_seconds
suql_baseline,SUQL baseline,0.2222222222222222,0.2777777777777778,0.2469135802469136,28.596680303399747,40.0,0.0,40.0,0.0,28.596680303399747
suql_v1_two_level_cascade,SUQL V1 (2-level cascade),0.5555555555555555,0.3333333333333333,0.34215167548500885,42.858539813,73.33333333333333,40.0,33.333333333333336,20.04983110943358,22.780366310599856
trummer_baseline_adaptive_block_join,Trummer baseline,0.0,0.0,0.0,5.656386454866515,6.0,0.0,6.0,0.0,5.656386454866515
trummer_v1_structured_two_level_cascade,Trummer V1 (structured + 2-level cascade),0.3333333333333333,0.027777777777777776,0.05128205128205129,18.788044489833315,7.0,5.0,2.0,16.29089083653307,2.4966193495667537
