implementation,method,total_wall_seconds,total_llm_calls,total_cheap_calls,total_expensive_calls,total_cheap_seconds,total_expensive_seconds,total_final_answer_rows,macro_precision,macro_recall,macro_f1,cheap_time_percent,expensive_time_percent
trummer_heterogen_v2_3_batched_cascade,Batch cascade V2_3,48.930336541030556,16,10,6,14.884237750200555,34.0373389988672,56,0.40598290598290604,0.7333333333333334,0.49074074074074076,30.424689348313343,69.57531065168665
trummer_heterogen_v3_pruned_cascade,Pruned cascade V3,64.73192387621384,85,70,15,25.256949086324312,39.452404251671396,62,0.4615384615384615,0.8666666666666667,0.5892255892255892,39.03137302949072,60.96862697050928
